Date,tsmom_net,tsmom_gross,bench_60_40,bench_equal_weight
2007-04-03,,,0.005919190785068529,0.0021719823708687665
2007-04-04,,,0.001294291947347249,0.0034661164461457523
2007-04-05,,,0.0006276720246847914,0.00037717205040164884
2007-04-09,,,-0.000983197271069255,-0.001982255327763027
2007-04-10,,,0.0015271811684477584,0.004556661553845677
2007-04-11,,,-0.0029476935434902462,-0.003610936387541789
2007-04-12,,,0.003069976055487275,0.002473476011248557
2007-04-13,,,0.002091068203754112,0.0037133818522311077
2007-04-16,,,0.0061910694869374274,0.0030009201610326644
2007-04-17,,,0.0032789847899745766,0.0011071778668306372
2007-04-18,,,0.0016431193941123837,0.00021737901185322112
2007-04-19,,,-0.00021262174820792232,-0.0029813797931684924
2007-04-20,,,0.00531560752815744,0.005540738773783033
2007-04-23,,,-0.0015028945844697858,0.0003086631072402053
2007-04-24,,,0.0009995907620906114,-0.0017282746297389736
2007-04-25,,,0.0053552924736497125,0.004301120237843969
2007-04-26,,,-0.00042860585538679946,-0.00404375345578664
2007-04-27,,,-0.0004912030798448466,0.0006175674479251202
2007-04-30,,,-0.00338950717513419,-0.0047292262665636605
2007-05-01,,,0.001578358589904155,-0.0005171888986500149
2007-05-02,,,0.0030252100545410617,0.002667873895702054
2007-05-03,,,0.0028257851553330146,0.002438828650866222
2007-05-04,,,0.003292712939811846,0.0018543124656552601
2007-05-07,,,0.00045452907618240463,0.0013234382414836767
2007-05-08,,,-0.0007993583502500907,-0.00402098145805863
2007-05-09,,,0.00034971594152982357,0.0015286730147886177
2007-05-10,,,-0.005315955696594944,-0.008200346817972623
2007-05-11,,,0.004328662579869379,0.007573416681385846
2007-05-14,,,-0.0018964044413559828,-0.003125297381143808
2007-05-15,,,0.0001124701908298623,0.00019784508274889396
2007-05-16,,,0.0038912927501091434,-0.0016512444444735368
2007-05-17,,,-0.002249420317608681,-0.0035598473436856213
2007-05-18,,,0.004137018405353899,0.0008985059121603074
2007-05-21,,,0.00020357595634461507,0.0012614905302778911
2007-05-22,,,-0.0015737623410489944,-0.0016570536971235155
2007-05-23,,,-0.0006833931112789337,0.0001942502997272838
2007-05-24,,,-0.004988975092563612,-0.006737922644866269
2007-05-25,,,0.0020971495488050023,0.0036792266502600575
2007-05-29,,,0.0013895157470321755,0.0013331049157505775
2007-05-30,,,0.005343328816144532,0.0053293800816401225
2007-05-31,,,-0.0007798004412635164,0.0018619570002520217
2007-06-01,,,0.0013500830560525072,0.004330095269523013
2007-06-04,,,0.0007148431244642177,0.0019579166456913212
2007-06-05,,,-0.0036551456829822995,-0.0038172231042487076
2007-06-06,,,-0.006246800645768387,-0.004846949092380434
2007-06-07,,,-0.014800189098507305,-0.010874881983512821
2007-06-08,,,0.008495599815186706,0.0010156835612783533
2007-06-11,,,-2.4221639742884997e-05,0.0019386362302058514
2007-06-12,,,-0.009382576349483718,-0.00878516452628782
2007-06-13,,,0.010259099967018534,0.008943933657351312
2007-06-14,,,0.003933031869168157,0.0023363079164722524
2007-06-15,,,0.0051683893529811805,0.005825225488675083
2007-06-18,,,-0.0009065638572624629,-0.0010222132007703002
2007-06-19,,,0.00343200140435853,0.0020722050090006
2007-06-20,,,-0.009643881196677553,-0.011439300638395374
2007-06-21,,,0.002827074514386426,0.005245434689496351
2007-06-22,,,-0.0044545422917053835,-0.0028363892194138802
2007-06-25,,,-0.0015575304201226004,-0.002118034382272894
2007-06-26,,,-0.006021399216332713,-0.0046356960842005345
2007-06-27,,,0.008385779414940014,0.005950563697685867
2007-06-28,,,-0.0003310169702655554,-0.0002866319317146376
2007-06-29,,,0.002299183644649649,0.0021221066393412496
2007-07-02,,,0.005998087741745988,0.008926588151211055
2007-07-03,,,0.0009857142824736729,3.306582217169882e-05
2007-07-05,,,-0.0028553702887386605,-3.1000476726148095e-05
2007-07-06,,,0.0022268974859551644,0.0032225709516826143
2007-07-09,,,0.0019065659143520884,0.002126262097699028
2007-07-10,,,-0.0058845970752308815,-0.0022232596945982955
2007-07-11,,,0.002853199000442321,0.00043212538585954554
2007-07-12,,,0.008355475024089502,0.006417215506672727
2007-07-13,,,0.0026861234058803557,0.0032831639651952236
2007-07-16,,,0.0014881005355453485,-0.002613196694446293
2007-07-17,,,-0.001144364008237911,-0.00211488417210523
2007-07-18,,,0.0003238851062512673,0.0014247155095299868
2007-07-19,,,0.0022969059735598054,0.0027212388621311655
2007-07-20,,,-0.004173565344349425,-0.0013180770886975326
2007-07-23,,,0.001692637091738889,0.00132516464193043
2007-07-24,,,-0.009365798004739176,-0.007901734837380974
2007-07-25,,,0.0017649290873637694,-0.00030660554513194517
2007-07-26,,,-0.010943916451949053,-0.011567406771217464
2007-07-27,,,-0.01079960911080682,-0.005916252481788535
2007-07-30,,,0.008082614818044545,0.006720652809032487
2007-07-31,,,-0.004935154930636583,-0.0013060238683476923
2007-08-01,,,0.0016997649719096297,0.0004800963793511278
2007-08-02,,,0.005080930176357985,0.004070696367965378
2007-08-03,,,-0.012922249803398202,-0.009617913551421865
2007-08-06,,,0.008328994767002003,0.004007378829199202
2007-08-07,,,0.0063393222916876745,0.003086392199290085
2007-08-08,,,0.005623491334349269,0.0073746717153517615
2007-08-09,,,-0.01575700716071963,-0.011074489788354137
2007-08-10,,,-0.0033875016309945806,-0.004941886227666642
2007-08-13,,,0.002783741424920111,0.00025812300417258884
2007-08-14,,,-0.007666482970866759,-0.00586094688138525
2007-08-15,,,-0.0074307139161216475,-0.007364197736371229
2007-08-16,,,0.006017201424275364,0.0018050012272787254
2007-08-17,,,0.011134516358267255,0.007510509819184522
2007-08-20,,,0.0005902875625240037,0.0023708899674143116
2007-08-21,,,0.002948145520194027,0.001198882385158413
2007-08-22,,,0.0057241995376219705,0.007944628029424975
2007-08-23,,,-0.0003854606368323074,-0.0013063493120743512
2007-08-24,,,0.007513060965053259,0.008040951644212856
2007-08-27,,,-0.0044711381624101855,-0.0027176155034658363
2007-08-28,,,-0.011033536260254585,-0.00998540203014966
2007-08-29,,,0.010007007757179465,0.010378953471009941
2007-08-30,,,0.0004437973420978717,0.0003355091003023308
2007-08-31,,,0.005943939557244308,0.00723312032498292
2007-09-04,,,0.005262163829242634,0.00629937976784804
2007-09-05,,,-0.002706803896660412,-0.003149850236443417
2007-09-06,,,0.0005074233990406643,0.002787412029185998
2007-09-07,,,-0.003996387123762672,-0.001248277206914035
2007-09-10,,,-0.00022189640981806842,0.0004051509730904542
2007-09-11,,,0.006019209316955046,0.007202725766225511
2007-09-12,,,0.0005239884297989716,0.00048823574202264705
2007-09-13,,,0.0017945196704013634,0.000637114620065081
2007-09-14,,,0.0004835419875900241,0.0004808943629857884
2007-09-17,,,-0.0029736507627623277,-4.8462240810124335e-05
2007-09-18,,,0.017126891493804468,0.01312186318058545
2007-09-19,,,0.0021487628030053708,0.0028610576979803217
2007-09-20,,,-0.008726748058669132,-0.0016816046221266262
2007-09-21,,,0.003626496403144083,0.0033533698956744558
2007-09-24,,,-0.0005986747751887437,0.0034545858997220096
2007-09-25,,,-0.0011504952040572278,-0.003490873293230573
2007-09-26,,,0.003338638053503013,0.0029666796196592747
2007-09-27,,,0.004857111760648174,0.008082648516517936
2007-09-28,,,-0.0018821173475055287,-9.368227401302562e-05
2007-10-01,,,0.0073034433536187235,0.006866050680572921
2007-10-02,,,4.159585658699387e-05,-0.0016895969915654834
2007-10-03,,,-0.0014927204415519134,-0.005165024248850652
2007-10-04,,,0.0016524436982887118,0.005633888342176025
2007-10-05,,,0.003577755129466188,0.005916111226917124
2007-10-08,,,-0.0017888314110541812,-0.007301145718284193
2007-10-09,,,0.0044248137589517405,0.005605418067717941
2007-10-10,,,-0.000626053630915747,0.000608696984242511
2007-10-11,,,-0.0028517061754307067,0.0007881699852089493
2007-10-12,,,0.0019990000994952396,0.0018343396997727187
2007-10-15,,,-0.004728270018362401,-0.0018033438321668998
2007-10-16,,,-0.003683093353126186,-0.004336307800918221
2007-10-17,,,0.004279558629418222,0.0037091167711562293
2007-10-18,,,-0.0006474577490500689,0.005558473410394451
2007-10-19,,,-0.01218917184967869,-0.009995870158895642
2007-10-22,,,0.0026467132198027257,0.0016441682692498719
2007-10-23,,,0.004691675468737145,0.004954018009807657
2007-10-24,,,0.0009708936428336647,-9.023671635073483e-05
2007-10-25,,,0.0010683405156536351,0.004654144661925405
2007-10-26,,,0.005933978106925444,0.009634589158944095
2007-10-29,,,0.002309492979721287,0.0039996330074831485
2007-10-30,,,-0.0037105836715653675,-0.0049040966578453625
2007-10-31,,,0.0034508151860179253,0.008173080747588041
2007-11-01,,,-0.01072650024045469,-0.01125550592184354
2007-11-02,,,0.0017592813761044598,0.00396152328683401
2007-11-05,,,-0.005031310311550617,-0.006955202296816541
2007-11-06,,,0.007341194138512894,0.01090656413237425
2007-11-07,,,-0.015006879903637305,-0.0073000523990579165
2007-11-08,,,-0.002109672536534864,0.00042237743286739296
2007-11-09,,,-0.005696226543856862,-0.0028964725338957585
2007-11-12,,,-0.005111366912046275,-0.011444041467957572
2007-11-13,,,0.01569808905642541,0.011177935701452023
2007-11-14,,,-0.0013607561370888538,0.0013595010188203831
2007-11-15,,,-0.006260754242567985,-0.006069561429507563
2007-11-16,,,0.001007258718473916,-0.00044461153037544205
2007-11-19,,,-0.0052204635796336525,-0.0072959000507420435
2007-11-20,,,0.00245939694879825,0.007731736085224838
2007-11-21,,,-0.008709137630803875,-0.006330380899204891
2007-11-23,,,0.008734335444765231,0.011485456037923189
2007-11-26,,,-0.007152985849154644,-0.007802387037477972
2007-11-27,,,0.0026327081013170343,0.0019453047341052422
2007-11-28,,,0.017030357948483735,0.009680800838534509
2007-11-29,,,0.002519005877397869,-0.002816009309470915
2007-11-30,,,0.006464346667556084,0.0007114743042161444
2007-12-03,,,-0.0022548344562584297,0.0009331863306479259
2007-12-04,,,-0.005002068977168926,-0.0017579998255806068
2007-12-05,,,0.00848914802030728,0.005810117835781663
2007-12-06,,,0.006528907491675485,0.007549575504651027
2007-12-07,,,-0.0026530681142257033,-0.004689046647610835
2007-12-10,,,0.0038118899804934912,0.004418427102625007
2007-12-11,,,-0.011428786962087337,-0.011505252938896824
2007-12-12,,,0.0025965720034386024,0.007675731628836089
2007-12-13,,,-0.00417348047655695,-0.010961483222061665
2007-12-14,,,-0.008837363595443704,-0.01041963162343275
2007-12-17,,,-0.006272944369773548,-0.008401509310548503
2007-12-18,,,0.004135039751383449,0.005808030792112976
2007-12-19,,,0.003190543478115997,0.003764482994125157
2007-12-20,,,0.003128888192437131,-1.1998814481674328e-05
2007-12-21,,,0.005759487950305437,0.007477257420480366
2007-12-24,,,0.0033528168756666536,0.004803818003283608
2007-12-26,,,-0.0005643677316319966,0.001401859788135515
2007-12-27,,,-0.005044542647812188,-0.0030504892145171813
2007-12-28,,,0.0016532335911161292,0.0037208066054543873
2007-12-31,,,-0.0026248359366165754,-0.00046927685387450433
2008-01-02,,,-0.002398814731419504,0.006088215097359439
2008-01-03,,,0.0005320239556322131,0.0002566874503866693
2008-01-04,,,-0.013639909737499444,-0.011582119966606184
2008-01-07,,,0.00023360573900956094,-9.345907911623705e-05
2008-01-08,,,-0.008683604402155758,-0.00250067514879389
2008-01-09,,,0.005521828642425875,0.004575132576652039
2008-01-10,,,0.0027563625455538357,0.003126152741617321
2008-01-11,,,-0.002193262283325884,-0.0020366146705802367
2008-01-14,,,0.004935631887481065,0.006628140087531639
2008-01-15,,,-0.010338176623458636,-0.011033028054284091
2008-01-16,,,-0.0058267560144153055,-0.009064902247791422
2008-01-17,,,-0.011722438345933443,-0.005920552926581869
2008-01-18,,,-0.006515559322218092,0.0009560916725889835
2008-01-22,,,-0.0010290377126520645,-0.0007254884938693041
2008-01-23,,,0.011605126483313398,0.007560044841636907
2008-01-24,,,0.0009654413186515366,0.004742160976987797
2008-01-25,,,-0.004433627975436295,-0.0002305884751532345
2008-01-28,,,0.007895764794179442,0.009017283304308517
2008-01-29,,,0.0011631976087299243,-0.0013776271626426498
2008-01-30,,,-0.0044515093978824485,-0.004334105891729457
2008-01-31,,,0.012703520361231714,0.007445053398578899
2008-02-01,,,0.010703577016673353,0.005055011504501741
2008-02-04,,,-0.009797219624222774,-0.0029713761974788076
2008-02-05,,,-0.013189937612791998,-0.01583148871861364
2008-02-06,,,-0.005482445596691549,-0.003024913649494183
2008-02-07,,,-0.0007304178826820059,0.0017371251911034937
2008-02-08,,,-0.00037356295573633396,0.001455361168080611
2008-02-11,,,0.003925555107174911,0.0021587942323387653
2008-02-12,,,0.004602923434208009,0.001420113208072662
2008-02-13,,,0.004331207448579088,0.0030248826590810554
2008-02-14,,,-0.007463191353947597,-0.003248157246256553
2008-02-15,,,0.0007329849332609668,0.0019195871140320505
2008-02-19,,,-0.001242275234266968,0.006444703829006605
2008-02-20,,,0.0013974199118728906,0.0033473089903559637
2008-02-21,,,-0.0008302823262937418,-0.0024346376585673386
2008-02-22,,,0.0025151950188757864,0.005117929304383726
2008-02-25,,,0.004829459222257244,0.005342494523090251
2008-02-26,,,0.005496999579984343,0.007656464023285493
2008-02-27,,,0.00033511243506911977,0.0030671146223267658
2008-02-28,,,-0.0011913352961900388,0.0009134562912177282
2008-02-29,,,-0.008952815545312649,-0.007088359218551035
2008-03-03,,,-0.0024568435947250862,0.0038125415251830308
2008-03-04,,,-0.003803641350354338,-0.008142329000200926
2008-03-05,,,0.0020545063148801604,0.0071489945679659985
2008-03-06,,,-0.009275772190993787,-0.008192940833003225
2008-03-07,,,-0.004748414001775664,-0.00286822572815111
2008-03-10,,,-0.004882803883747894,0.0001091801434656381
2008-03-11,,,0.016625591090971475,0.015939972512380506
2008-03-12,,,-0.000972318872601004,0.001730852819633803
2008-03-13,,,-0.0008301166489862929,0.0014590014934363705
2008-03-14,,,-0.005033148656637077,-0.004153517690336834
2008-03-17,,,-0.0038948289635222064,-0.0045044898323031175
2008-03-18,,,0.021480899780156208,0.011469064912089521
2008-03-19,,,-0.011308328464435476,-0.01581760143553378
2008-03-20,,,0.011792088675135193,0.0009686658180195972
2008-03-24,,,0.004666676226280655,0.006823250894719205
2008-03-25,,,0.0019794458379078822,0.006686807863278618
2008-03-26,,,-0.007048124422491369,0.0005955595679433707
2008-03-27,,,-0.0024150589783176564,-0.001996069834987755
2008-03-28,,,-0.004125218970913412,-0.003922806865548219
2008-03-31,,,0.0027863607056920325,-0.0020030890298512647
2008-04-01,,,0.01736124368713976,0.0066199152675415806
2008-04-02,0.006077942476270913,0.006403818954648274,-0.0009318567770369941,0.004515215860027467
2008-04-03,-0.0011347833754444296,-0.0011314624619806226,0.0014942543001152443,0.004569832990666398
2008-04-04,0.007838451396808593,0.007839797134031105,0.002386909901410798,0.0017760556184782854
2008-04-07,-0.0022808751865764747,-0.002278960790534011,-0.0023360055542889576,0.0015955077470043233
2008-04-08,-0.0003203646948568027,-0.00031814687039722624,-0.0005713274373013497,-0.002512689800997606
2008-04-09,0.010459316406857233,0.01046003288818473,-0.0019632146868505717,0.0008470994500117387
2008-04-10,-0.00304174643925078,-0.0030386056004084124,-0.0007580755737283351,0.0003553967503599775
2008-04-11,0.005937294616526532,0.005938422561734245,-0.009899864123771397,-0.004391147908230368
2008-04-14,-0.000961957046543668,-0.000959433257670036,-0.0030326120041293623,-0.0013497328260231745
2008-04-15,-0.0030439561073750767,-0.0030432297172928303,-0.00045607043305029787,0.0022757534398740245
2008-04-16,-0.001284391270706196,-0.001282445517061665,0.013375092771122032,0.01259482602110401
2008-04-17,-0.004266439539834987,-0.004262085062932488,-5.220973368443555e-05,-0.003417421080857786
2008-04-18,-0.0059452965882309345,-0.0059440827366105025,0.005899672480616249,-0.0005215484074243189
2008-04-21,0.0031372181062874352,0.003139685547698669,0.00034914560108130667,0.0008755340070041765
2008-04-22,0.003407165260556786,0.003408601690610462,-0.0023621234919904573,-0.0012178071867253802
2008-04-23,-0.004789862804645531,-0.004788588520346795,-0.001362635671328798,0.00023553082998045634
2008-04-24,-0.012391615226738645,-0.012389772528309407,-0.0004563060609816379,-0.005754963729556909
2008-04-25,-0.0022400947486178866,-0.002237181106637481,0.005094912834201281,0.003750695230178407
2008-04-28,0.0017539586826168865,0.0017559901074269573,0.000833884560300575,0.0016261108262371322
2008-04-29,-0.00346975378385615,-0.0034692396720975476,-0.0017003670876710745,-0.0075536059712698325
2008-04-30,0.0055581971525449515,0.005560795122423849,-0.002357804002108685,0.0018515940766561448
2008-05-01,-0.010550763131459168,-0.010548584208151298,0.012503371113673365,-8.325938830615378e-05
2008-05-02,-0.0031144591475995615,-0.003073168822060996,-0.0015847076535839355,0.0016143492580955778
2008-05-05,0.0052781935243877785,0.005280581813241719,-0.002310715117587848,0.003754520337781455
2008-05-06,-5.333335267217492e-05,-5.143416802545395e-05,0.003941778798832713,0.003905287928216943
2008-05-07,0.0009052337283621452,0.0009068185137201056,-0.009182706640735012,-0.008545792173748118
2008-05-08,0.005438707674864897,0.005441190063518664,0.0010421962102146406,0.006150155458832093
2008-05-09,0.005238190497086454,0.005239887354792026,-0.0006617355170109742,0.0008230810660148939
2008-05-12,-0.004008200685682788,-0.00400636997686972,0.006010000400158364,0.00224855959105233
2008-05-13,-0.005366125873363273,-0.005363854704571345,-0.003255751848404127,-0.0031316907642078983
2008-05-14,-0.0023366934678025852,-0.002334850371019505,0.0011042699777541003,-0.0011123274111398123
2008-05-15,0.002998665898133185,0.0029998004281119985,0.009735828134489909,0.010398999704971322
2008-05-16,0.005235914471761837,0.005237792737276548,-0.0001224433609756115,0.005278681076760917
2008-05-19,-0.0010683449063315618,-0.0010660095308009637,0.0025463608207425587,0.0005484145113489404
2008-05-20,0.008103736832623172,0.008104767980817123,-0.0036902610889914763,-7.766344563828877e-05
2008-05-21,0.008135061045262484,0.008137678319102809,-0.011111912610690194,-0.0011015689491059486
2008-05-22,-0.007193972181701508,-0.007190608712677534,-0.0025464378346114875,-0.004438018688632998
2008-05-23,0.005096492830818647,0.005098236901757055,-0.0062599009088015614,-0.002381594487173659
2008-05-27,-0.007738296055776135,-0.007736635907069542,0.0024399566937914224,-0.0039112964766345355
2008-05-28,-0.003274293255720702,-0.0032721756724846413,-0.000253980029319069,0.00044275580804903504
2008-05-29,-0.00962687305780317,-0.00962550475533305,0.001145931316631073,-0.006159108339499987
2008-05-30,0.003212550211658862,0.003215364881525576,0.0028297178929205546,0.0035608756989901572
2008-06-02,0.005297234032952626,0.005298033049154799,-0.0038703807775238453,-0.0012354311611854994
2008-06-03,-0.002851696574690987,-0.002828079139640917,-0.0013978191225706472,-0.004316758547372412
2008-06-04,-0.0035066349609834705,-0.003504490959396035,-0.0017680012557179665,-0.0035466340324689094
2008-06-05,-0.0007132757963753543,-0.0007120761575400041,0.009850729646690906,0.010225925045664752
2008-06-06,0.015574830201022502,0.015578432062362639,-0.01581884556758558,-0.004991825399843539
2008-06-09,-0.004346580435881983,-0.004341302426365027,-0.0014714623505090248,-0.0039295094666572045
2008-06-10,-0.007281525322293791,-0.007279350596898172,-0.005372462567906534,-0.009005278669952365
2008-06-11,0.0074169285835606205,0.007418889988018361,-0.00836190605544823,0.0001900125940804905
2008-06-12,-0.007175915349123235,-0.0071725278690401685,-0.0013039657711471136,-0.0025888267733484537
2008-06-13,-0.0038928629746190152,-0.0038910057270683403,0.0065968795778723385,0.003013138820424196
2008-06-16,0.0017353752848307457,0.0017368307174073765,0.00039717113024329557,0.0035862600247613366
2008-06-17,0.004107838446626426,0.004109029641791126,-0.0015544401447441913,-0.0005432597100037044
2008-06-18,0.005749275080229809,0.00575074774181902,-0.003628370881962938,0.0005304555606689588
2008-06-19,-0.004526517250382964,-0.004524610159984374,-0.0015898423851113108,-0.001352494232120356
2008-06-20,0.00741126046790684,0.0074131463115131736,-0.0077946265757358815,-0.005299991700019267
2008-06-23,-0.0015697097710164378,-0.0015672677903603458,-0.0007752624496341002,-0.003714851976115297
2008-06-24,0.002969389267338891,0.0029712471601741506,0.001007776437442908,0.0006576885878815357
2008-06-25,0.0004971972247637868,0.0004980642022459786,0.0027342656789513804,0.004273015982039939
2008-06-26,0.01246951210309345,0.012470839484098242,-0.013714840964806047,-0.001719408457004912
2008-06-27,0.004870561943561571,0.004875310269280657,-0.0011254026882583988,0.0028140731339127145
2008-06-30,-0.0021103605330209216,-0.0021091225800745155,0.002330422390620483,-0.0003617936780703061
2008-07-01,0.0016267809724151375,0.0016279800552681531,0.0006731344870408716,0.0006753819222396204
2008-07-02,0.006514024918562373,0.006570043662964825,-0.009329619628472938,-0.003542623674155253
2008-07-03,-0.00560535386814894,-0.005602279556587741,0.0007501382112906543,-0.0026199049056508986
2008-07-07,0.0026696821359404716,0.00267184288091377,-0.00419049066880783,-0.005585966025112019
2008-07-08,-0.008211431324478265,-0.0082089813486259,0.01152701278204679,0.006587458804138211
2008-07-09,0.010661005865735193,0.010666642279289078,-0.00954400736518661,-0.00929723131332554
2008-07-10,0.002219109935341625,0.0022244074773749836,0.002546610376468906,0.008914203376586704
2008-07-11,0.0035684172197205846,0.003570716578808939,-0.010709253622063663,-0.0020077687496054377
2008-07-14,0.006451453696639158,0.006454828566529864,-0.0031452989697657117,-0.001970920515140694
2008-07-15,0.002799557507073272,0.002802113821856212,-0.0067726587884855685,-0.006375525527306335
2008-07-16,-0.01418739960893377,-0.014184417859726833,0.01047516738062408,0.00657599740317738
2008-07-17,-0.008181740236187326,-0.008175919085683499,0.003944660155703643,-0.0006302182448684586
2008-07-18,-0.004151507140691936,-0.004148151211652092,0.0023060150147192547,-0.0017800621624109681
2008-07-21,0.003659354347579344,0.003660913311401432,0.0012564127466278914,0.005177860202198288
2008-07-22,-0.010148131245898695,-0.01014698720135775,0.005370676545755121,-0.001403701788541046
2008-07-23,-0.008445076202688334,-0.008441307809497093,0.002598193166711924,-0.0016842267506705295
2008-07-24,0.010302102811338693,0.010305703480604562,-0.009031727856535611,-0.010485040136020217
2008-07-25,-0.004759125138034736,-0.004753946164658055,-0.0025058211604763576,-0.00018828394484377443
2008-07-28,0.007062238199894485,0.007064284532608717,-0.006407846467997273,-0.0035685512215658287
2008-07-29,-0.008563266526800253,-0.008560525284370759,0.011433122215812018,0.008574095989848353
2008-07-30,-0.0018699008854028635,-0.0018655148724782843,0.01140314945447778,0.001868944410831916
2008-07-31,0.0050187409289259195,0.00502065559040946,-0.004738845719889984,-0.003505801971955182
2008-08-01,-0.00010941495881089268,-0.0001068621580386808,-0.002941000712889613,-0.0034469855042323807
2008-08-04,0.00011264237830466091,0.0001969020147484029,-0.0058386821946347645,-0.010625991416111579
2008-08-05,-0.010859560157813898,-0.010857450786025158,0.014064756057667974,0.005996438175914577
2008-08-06,-0.0041021307482300914,-0.004098371791872706,0.002821214206723015,-0.00017663608406134838
2008-08-07,0.006869754891602168,0.006871353039552443,-0.005349271533709631,-0.006407508224723974
2008-08-08,-0.010410154060545835,-0.01040741984829062,0.010978516064602772,9.32616513068494e-05
2008-08-11,-0.0070052565061995975,-0.007001195332230146,0.00434623916500841,-0.0019093426661647619
2008-08-12,0.0052173258518378555,0.005219832020286798,-0.003622898529103264,-0.0038613652385975934
2008-08-13,0.0031810802601286376,0.003183158804935607,-0.004496629422662838,-0.0001480127139630414
2008-08-14,-0.003908701837923183,-0.0039065098867134985,0.0057660392304733354,0.0006459545780932069
2008-08-15,-0.002584377231648805,-0.0025821612528094365,0.004411781727485758,-0.004301829861399186
2008-08-18,0.005672695826336626,0.005674916415668559,-0.00729725467168102,-0.0019077605133999886
2008-08-19,0.005472180722318388,0.005473885509057137,-0.007138775013996739,-0.002247142589891517
2008-08-20,-0.0018178886517992681,-0.0018154678128796627,0.003952270640083528,0.004125072893324647
2008-08-21,0.0074004035950710695,0.0074016697807772315,0.0001811300784799387,0.005352893850837271
2008-08-22,-0.009328140797520834,-0.009324918394779459,0.0075223478788242195,-0.0009143665198143628
2008-08-25,0.006921839876010274,0.00692514701076673,-0.009635345597576858,-0.006617870851366996
2008-08-26,-0.002831020561183592,-0.002828485278595508,0.0018736714779702597,0.0020549904599702074
2008-08-27,-0.0003256660782016592,-0.00032431858697060725,0.006409002367688986,0.0060467366818515314
2008-08-28,-0.0041409645867024275,-0.0041396562448882636,0.0067021656741662414,0.004368706964899205
2008-08-29,0.0011576751756061376,0.0011599323520153839,-0.0069805694518849755,-0.003736377920098623
2008-09-02,-0.0009230221419603909,-0.0009218064053050513,-0.0015665253981905448,-0.0073792809586569735
2008-09-03,0.0017213548594894959,0.0017325314891067846,0.0004659211307396881,-0.00046574569731571417
2008-09-04,0.007026034529574215,0.007027052134409578,-0.016031444420583563,-0.013446890988267794
2008-09-05,-0.002440228288312354,-0.0024366033274542203,0.0009462216960394046,0.00040505384721372127
2008-09-08,-0.006568072300810331,-0.006567022927554523,0.01227214077888994,0.008072561345297801
2008-09-09,0.007004282650427228,0.007006946361802546,-0.015885012358453715,-0.018058947886284246
2008-09-10,-0.006230172912258632,-0.006225812662138883,0.001338183605105455,-0.0009395040244878696
2008-09-11,-0.0024716091603739884,-0.0024697528945801686,0.007809318753613045,-0.0008329095940961517
2008-09-12,0.0009253032226535306,0.0009267302968764584,0.0007142756260069119,0.005758872385574597
2008-09-15,0.02287436763366647,0.022877856799529646,-0.02062567582580088,-0.014233705734432936
2008-09-16,-0.008632932056841415,-0.008625811632919804,0.008502716302970621,0.002219536334391551
2008-09-17,0.024260509458036206,0.02426335536019835,-0.022546848102105534,-0.003957037242778443
2008-09-18,-0.016564814775208086,-0.016556705719147344,0.011903027622574083,0.013915811309629744
2008-09-19,-0.01471488929715232,-0.014709461762138155,0.015607693010196683,0.023413455270410936
2008-09-22,0.021033229543378718,0.021040132437768352,-0.014338483814803148,-0.010213215484962053
2008-09-23,-0.0003244785898848297,-0.00031756535229850115,-0.013425049976247857,-0.007937457688096113
2008-09-24,-0.004232614655226828,-0.004230784266894355,0.0029449501334410646,-0.0016738025930563014
2008-09-25,-0.005062979806516593,-0.005061113180124801,0.007885209209979975,0.009050370758222974
2008-09-26,0.0018932357627096529,0.0018954581387564868,1.3455588100207807e-05,-0.0010855816163321973
2008-09-29,0.02283968678711859,0.022841178018739226,-0.04045414312017118,-0.030292237380738087
2008-09-30,-0.025563579123287956,-0.02555425603226012,0.017691357685508897,0.012382356510701154
2008-10-01,0.0022484168113820206,0.002256138477594658,0.003310685588957555,-0.0006028656095881104
2008-10-02,0.005562543526864489,0.00566731055177019,-0.019532979732882604,-0.028090899670655783
2008-10-03,0.002337310404787712,0.0023425086182675674,-0.0064125525111342774,-0.008717266753806066
2008-10-06,0.012008278718424062,0.01201025857003657,-0.026467721306702812,-0.015107377449265243
2008-10-07,0.008625406236482462,0.008630679207724423,-0.025900858182784346,-0.017100520666756335
2008-10-08,0.0021233004498229387,0.0021271358625091124,-0.019732509796032874,-0.0023377505888458818
2008-10-09,0.0032866698084650864,0.0032892361266207955,-0.043328256791013764,-0.027830755811956327
2008-10-10,-0.009439083937474583,-0.009434885418664678,-0.018511277013891797,-0.012607177725932334
2008-10-13,-0.015863203884951813,-0.015859690445889738,0.0749593306345623,0.04624105145038622
2008-10-14,0.002390457711785367,0.002397616170985965,-0.010507071825946448,-0.014845233943972358
2008-10-15,0.016791773555880914,0.016793968961887742,-0.05266805657174369,-0.039455987303326404
2008-10-16,-0.009242865964933572,-0.009236383391871623,0.022718349235293377,0.007557268557930445
2008-10-17,0.0011821819338401777,0.0011854799021494907,-0.0004958737209730693,-0.007267628521799264
2008-10-20,-0.003101669451514666,-0.00310022545405069,0.03351141046280802,0.02010121120438016
2008-10-21,0.0064885036543509385,0.006491158404037607,-0.012250079596470894,-0.018761774236510285
2008-10-22,0.009240327012634534,0.009244636698704083,-0.026776109603766262,-0.02709343029375578
2008-10-23,0.00018303828706553807,0.00018849719479867836,0.006849212266474632,0.0033435763526179245
2008-10-24,0.007318800107850536,0.007320279198168721,-0.029379710318532093,-0.01983827665987078
2008-10-27,0.004896115459084071,0.004901617060522552,-0.01905121926209746,-0.011366635331520691
2008-10-28,-0.0187252773034412,-0.018722936212065742,0.05691964180942628,0.03779063462208205
2008-10-29,0.0033125378112635415,0.0033197380038500206,-0.003338281433610714,-0.0004311747749309371
2008-10-30,-0.010761249080120517,-0.010758286705065031,0.015474783086489231,0.010529536616736349
2008-10-31,-0.0030441528727456176,-0.003041104869212949,0.002162037334217633,0.0024163601701559356
2008-11-03,-0.000371042167710496,-0.00036868198455740353,0.0023218720517225074,-0.0040718518450731595
2008-11-04,-0.009024708998336132,-0.008873236140340407,0.025161414833459902,0.03556649808888887
2008-11-05,0.011125699863853842,0.01113060935395069,-0.023344353972950836,-0.03328684075629591
2008-11-06,0.007110294948857424,0.007113884363207164,-0.034124919261411056,-0.024625536667648325
2008-11-07,-0.005548531013961764,-0.005545398755029967,0.017652288106603353,0.018994743612751237
2008-11-10,0.0024507627851160837,0.00245232180657237,-0.007309014652970901,-0.006574632129222973
2008-11-11,0.006639998945888469,0.006641224651585871,-0.016547952553228853,-0.015811609686018177
2008-11-12,0.009194283738705813,0.009196557197617942,-0.022793590040204918,-0.02208053180213582
2008-11-13,-0.015458642513761287,-0.015455658792838264,0.03204369061125194,0.03204840451454322
2008-11-14,0.00955889795634556,0.009563163750397284,-0.024876740278589108,-0.02352999799061365
2008-11-17,0.0037666880711488375,0.003769176987572989,-0.005691590077862368,-0.00847841715604378
2008-11-18,0.0025635837475906902,0.002564860813229484,0.013984088752276589,4.7201134370602574e-05
2008-11-19,0.010342635711416172,0.010343621436342544,-0.031499073467002515,-0.0248991315458561
2008-11-20,0.013112393661568002,0.013115111132862798,-0.03137746807290214,-0.014765682751722627
2008-11-21,-0.010993957100205955,-0.010990665691280415,0.023739218192167236,0.029512745325698593
2008-11-24,-0.014358157926610823,-0.01435517274048646,0.032866260769552416,0.030987330013512563
2008-11-25,0.004040748827165814,0.004045112248510505,0.011736436139695293,0.004992399610945226
2008-11-26,-0.00024127766105851674,-0.00023896775714835842,0.02410730275250536,0.01648877185313371
2008-11-28,0.004834791830652292,0.004836714944217279,0.007949162682202809,-0.004452297547436517
2008-12-01,0.01730786009726884,0.017309692839373357,-0.04405587947573678,-0.03817468921814525
2008-12-02,-0.003750130949993639,-0.0037101631334589325,0.025174838944082203,0.028992309059997726
2008-12-03,-0.0011979351356728768,-0.0011959271986753854,0.015222493325659016,0.008259080194194591
2008-12-04,0.004913416816553714,0.004914320835372659,-0.011764856001407566,-0.013482812409988634
2008-12-05,-0.0044183121317229465,-0.004416363264408666,0.01452000814428828,0.013969664020748672
2008-12-08,-0.007249336878267794,-0.007247523033685813,0.02004653415798131,0.029209394359779324
2008-12-09,0.005697369565364734,0.005700353152800841,-0.0071075239395739336,-0.012507047320694778
2008-12-10,-0.003774341380845938,-0.0037726130188983236,0.0038576731316995734,0.024270006259098805
2008-12-11,0.0009051414232583283,0.0009072357076818716,-0.012652960167291765,-0.016537978458840905
2008-12-12,-0.0023138894639053464,-0.0023109262200151724,0.008403841455742281,0.017128509358622555
2008-12-15,0.0005366530837644077,0.0005382212542978813,-0.007744309911928803,-0.004411388826826572
2008-12-16,-0.003940340625893211,-0.003938325857136075,0.034956720620766484,0.0405826212804091
2008-12-17,0.0020698320065931,0.00207416706131966,-0.0034057140497500064,0.003957884938049728
2008-12-18,0.0052349278071547175,0.005236780069611875,-0.00889165051968388,-0.018752147150585496
2008-12-19,0.0014450155399111074,0.0014477859708678167,-0.003914160668822382,0.0031543548733846275
2008-12-22,0.0009815285658847813,0.0009832966494275253,-0.008822133744777704,-0.012896804017155726
2008-12-23,-0.0006494394337472523,-0.0006480675748031668,-0.006466330709984097,-0.004479583477373602
2008-12-24,-0.00018579345943548126,-0.00018534228634344067,0.003104196843561009,0.003345191151816996
2008-12-26,-7.577611724076221e-05,-7.522741249191354e-05,0.00560228562701694,0.007042184771380086
2008-12-29,0.002050099700495254,0.002051132939769139,-0.0008670017295527595,-0.005448059675004638
2008-12-30,-0.0021230325867739007,-0.0021221018991354986,0.01488214111103538,0.01357466193949348
2008-12-31,-0.00437207555022453,-0.004370799742254453,0.004390466637370592,0.010362840790963269
2009-01-02,-0.005096298947601092,-0.005094369448701947,0.013054463024045525,0.0022734828547296628
2009-01-05,-0.0009297787021170633,-0.0009143583112387421,-0.0014164314757651266,-0.007348033166065722
2009-01-06,-0.002541918648427133,-0.002540199790205769,0.0037599203802782485,0.00932164682167652
2009-01-07,0.0027801192988864023,0.0027812656949147523,-0.017948565221180095,-0.01831812000852041
2009-01-08,0.000381960724895543,0.0003842448790715938,0.0035107209372148875,0.004160626635005351
2009-01-09,0.005918710478219906,0.005919827422258289,-0.010865097802596523,-0.012343268812592742
2009-01-12,0.00482635230206502,0.004828208389066028,-0.011567890516281513,-0.017887768006033828
2009-01-13,0.0014489281477827278,0.0014510446597446624,0.0013655253138249853,0.002872513583238055
2009-01-14,0.004372270076458716,0.004373247530372331,-0.015944544991505116,-0.015156552540959541
2009-01-15,-0.0009694650517155891,-0.0009680678162600886,-0.00014680707393729307,0.004189059640698355
2009-01-16,-0.0038554716058083623,-0.003854970277518617,0.0005385266393951265,0.0051040039021117145
2009-01-20,0.010263332709801521,0.010264751649002883,-0.031090539733025904,-0.02694585698175978
2009-01-21,-0.007117332413476308,-0.007113920442319034,0.02045985412481706,0.016853397796184274
2009-01-22,0.0006700384947550795,0.0006719640331436056,-0.011718988789932334,-0.013242934452577175
2009-01-23,-0.000508575277441267,-0.0005073247437970284,0.0025855184726506037,0.010880949343176256
2009-01-26,-0.0032527275992048125,-0.0032513254289285648,0.002884198299868306,0.0020869736570591694
2009-01-27,0.0016224618566829554,0.001623433470817963,0.0086380058794356,0.0047678151832501875
2009-01-28,-0.006043044174716078,-0.006041940763597818,0.016858247814644074,0.013735794896178117
2009-01-29,0.0028749401914998306,0.002876802914617966,-0.024476100863487463,-0.020584969755784478
2009-01-30,0.0029245577117834234,0.0029268477517664392,-0.0120391400686618,-0.005923900169532056
2009-02-02,0.00150578315203214,0.001506927236732334,0.00167371700277926,-0.0016441612868877866
2009-02-03,-0.004373070450935865,-0.0043405393163977336,0.0049740516692950544,0.0019391309603070774
2009-02-04,0.000623757932800409,0.0006251879382378545,-0.004973123096242642,-0.0026047948051474757
2009-02-05,-0.0024519670774382765,-0.002450977833606667,0.009933773174249316,0.004078282706560355
2009-02-06,-0.005258670059996698,-0.005257204236572707,0.014965812362588616,0.01427781076239938
2009-02-09,6.82985118769423e-05,6.969657667341275e-05,6.885564576848998e-05,-0.00011702039219522355
2009-02-10,0.008615045931721854,0.008615848280617395,-0.02315692305716422,-0.018094563771245534
2009-02-11,-0.0002470231387635658,-0.00024469912929451023,0.006612509724793477,0.009495365110038243
2009-02-12,-0.0004909035459727537,-0.0004899495663271818,0.0003072740254433275,-0.0025029018701576834
2009-02-13,-0.0015137734970313457,-0.0015132141097974517,-0.009610432313427198,-0.013252895889556195
2009-02-17,0.010006219325173895,0.010007549479846684,-0.0190667772774821,-0.018995946354151177
2009-02-18,-0.0020820080696798363,-0.0020784486190801536,-0.004417151003653551,-0.0018188646382154621
2009-02-19,-0.0020369344228723775,-0.0020359596933993275,-0.008616360352006053,-0.0067206517449596775
2009-02-20,-0.00035473222847664555,-0.00035353374418156105,-0.004538611397391253,0.0037119673006107187
2009-02-23,0.0036490336012287425,0.0036507956458975053,-0.02051926131895139,-0.016127428014263378
2009-02-24,-0.005421602251462843,-0.005419832698365951,0.020203363764949224,0.014354613941700947
2009-02-25,0.0009499781298255131,0.0009521498145583172,-0.008369285214960102,-0.009223485667921333
2009-02-26,-0.0008952660797461934,-0.0008937169891774295,-0.010580204136265575,-0.007012729783874088
2009-02-27,0.0019188818201453797,0.00191978967973447,-0.013370430484617344,-0.0060930755242138345
2009-03-02,0.008606450474350888,0.008607297337813605,-0.0217452053880738,-0.02266081490695405
2009-03-03,-0.0013392575091447426,-0.0012850222840072574,-0.005021402800170991,-0.0012140736587063921
2009-03-04,-0.008060831197196354,-0.008059990067439727,0.012134324021403395,0.01461252394235523
2009-03-05,0.00947744044222344,0.009480096392454793,-0.020102256267805107,-0.010474439309616656
2009-03-06,-0.003865492414878066,-0.0038623793434595386,-0.0009027654472875498,0.0016086806606328823
2009-03-09,0.002780292065623971,0.002781550097378435,-0.006810841741767956,-0.006388039705471194
2009-03-10,-0.010534254008297854,-0.010532566215258844,0.03225020478895347,0.02609230833106563
2009-03-11,0.0015094780067756255,0.0015134451150167316,0.0067530515172161435,0.0008189106648824601
2009-03-12,-0.008661299081291306,-0.008658936721237256,0.02500847134839051,0.02382818591662486
2009-03-13,-0.0007832366940823892,-0.0007789810576421634,0.00451983322573533,-0.001723006766960299
2009-03-16,-0.002115620534956614,-0.0021148720673508847,-0.004049628588143707,-0.007431758277978691
2009-03-17,-0.006336788636161982,-0.00633509126627753,0.018162882565341983,0.015153653716120704
2009-03-18,-0.0025845375081541416,-0.0025819727975642916,0.026831242301458398,0.02526584764163462
2009-03-19,-0.000688697353741187,-0.0006825690641861148,-0.008993496494678751,-0.0033564459208446926
2009-03-20,0.003037159218360808,0.0030397937546388478,-0.01321357391697001,-0.014113935939013505
2009-03-23,-0.015223030331384238,-0.015220356059941827,0.042891692700394425,0.03608416071575432
2009-03-24,0.00833954121017042,0.00834522903168823,-0.0130014191368991,-0.01900706911248664
2009-03-25,-0.004924690070791826,-0.004920757939371891,0.004386110654073485,0.004027374121437956
2009-03-26,-0.0028001238074818443,-0.0027981440094569233,0.013839307395902261,0.01007400970590726
2009-03-27,0.009560549042190197,0.009562800718195564,-0.01170953383031892,-0.014649993111434823
2009-03-30,0.01097816029552157,0.010981631469454776,-0.020270087900192524,-0.020846157215726736
2009-03-31,-0.005504373462666433,-0.005500193353809191,0.006432185346175262,0.01216373430779455
2009-04-01,-0.0017597974334124069,-0.0017572826362653134,0.013014794473800726,0.008886958683922563
2009-04-02,-0.012127443226244422,-0.012073273463182096,0.014922546872252387,0.017238895438455068
2009-04-03,-0.007216138811087791,-0.0072125965989229554,0.0015593884339244887,0.00770417874648713
2009-04-06,0.00041515124396253344,0.0004172630492767105,-0.00570442486974222,-0.009760348097687367
2009-04-07,0.00746716222170619,0.007468751187068929,-0.01329756502859238,-0.01343229659738701
2009-04-08,0.00019207585032436647,0.00019446681405329468,0.00848139359837101,0.0070385747974289915
2009-04-09,-0.0075158449149495135,-0.007514945249971447,0.021832739069573875,0.021759044945836862
2009-04-13,-0.0007958992469654148,-0.0007931972055608446,0.0023968760102507564,0.0056376641501988565
2009-04-14,0.006210533790573906,0.006212191259260327,-0.008663829767199389,-0.0138880242604982
2009-04-15,-0.0022627154672732017,-0.002260350513014702,0.006886425904702908,0.011191962323136882
2009-04-16,-0.0025985279113969885,-0.002597236682564494,0.007465736174819751,0.003227339307415554
2009-04-17,-0.00010199033503591813,-0.0001008311720318617,0.00106311333182897,-0.0013033648504546353
2009-04-20,0.012915662065360387,0.01291701741606395,-0.023416010018933012,-0.022606545529759083
2009-04-21,-0.0057631689046394275,-0.005759280141013059,0.010394290310428543,0.013210760202691539
2009-04-22,0.0009666812346408163,0.0009685211932256349,-0.004694685632126452,-0.00538276806649794
2009-04-23,-0.003921443163269585,-0.003920451922711084,0.005950090992234042,0.012177617121179662
2009-04-24,-0.004175693907571487,-0.004173513678825163,0.007822454280416438,0.01172492604243043
2009-04-27,0.006746099573283974,0.0067482686686485506,-0.004314736910047273,-0.014375595625736405
2009-04-28,-0.002530540910816643,-0.00252785017746902,-0.003799083135353551,-0.003143724194316972
2009-04-29,-0.00766910085495911,-0.007667932929037951,0.011089718843531262,0.014689594939412534
2009-04-30,-0.002365805295176998,-0.002363343320394756,-0.0004275877489211882,-0.0012916519734968957
2009-05-01,-0.0034309469656686807,-0.003430121908029691,0.002156068524321488,0.000285865784242585
2009-05-04,-0.006178704983726141,-0.006166301961942723,0.020788852644314532,0.02493912153550964
2009-05-05,0.002308979055709687,0.0023123706470637773,-0.002160999991206559,-0.007777077939071568
2009-05-06,-0.002466515652731241,-0.002465240797369812,0.01069066461724607,0.013026587555678714
2009-05-07,-0.0011876248399809216,-0.0011857116863782532,-0.011744952664389584,-0.013798844620512044
2009-05-08,-0.007223620098383547,-0.0072220952278257535,0.01468942349801987,0.01911042440608888
2009-05-11,0.006630159808771762,0.006633840348568097,-0.007887936871026565,-0.007886473128446767
2009-05-12,8.883956853849782e-06,1.0757489899125151e-05,-0.00205333609231826,0.004214173687068616
2009-05-13,0.007563094031768262,0.007564227354257385,-0.013487997776162776,-0.013323977194699722
2009-05-14,-0.0023186938411556644,-0.0023164706791769475,0.005185668047421186,0.005616782278175316
2009-05-15,0.004481870205550634,0.004482832820747698,-0.005892779119933829,-0.007290914152323684
2009-05-18,-0.010248651133322552,-0.010246811676839211,0.014727667913125578,0.016187011047307423
2009-05-19,-0.0011085477267428652,-0.0011055506942985592,-0.0012843145347359243,0.0005334112441038892
2009-05-20,0.00035921653532154603,0.0003601011899552448,-0.002857743690990039,0.004681811699739919
2009-05-21,-0.001395657380906235,-0.001393780397358574,-0.013021619775608666,-0.00510259504473223
2009-05-22,-0.0035031327892338544,-0.003501260824958486,-0.003599856490383878,-0.001654802972245736
2009-05-26,-0.004638177753955121,-0.0046368442740354395,0.012926365160498676,0.008322919529473276
2009-05-27,-0.00010348601129246526,-0.00010199108097449442,-0.015337637900899715,-0.010767756384078743
2009-05-28,-0.002379664942922237,-0.0023781737024138956,0.010565662564233786,0.009414490767298014
2009-05-29,-9.679443218089141e-05,-9.465494063869628e-05,0.015231960502005055,0.01654541477574633
2009-06-01,-0.010728530208972607,-0.010725369290506132,0.008665440269814565,0.010508232687668347
2009-06-02,0.0003687386044728399,0.0003865040686008638,0.001837414129604428,0.0006481550690495187
2009-06-03,0.006812799023916615,0.00681439603237452,-0.005135099977233288,-0.010897810625350009
2009-06-04,-0.006275332343647277,-0.006271880435255871,0.000889723082455289,0.0071697251603903035
2009-06-05,-0.0015407540741847298,-0.0015378731197944772,-0.003853882882601486,-0.00735410694471213
2009-06-08,0.0009992267426886436,0.0010018147184509838,-0.004505063013884055,-0.004683002483363156
2009-06-09,-0.0020447590644085143,-0.0020438807322730223,0.004785114649106,0.004125066329334694
2009-06-10,-0.0013750306154293678,-0.0013731330303121097,-0.003907167539356603,-0.003632070172229769
2009-06-11,-0.0013038045752698639,-0.0013025907351278448,0.0053880903243746095,0.004781768944338492
2009-06-12,0.0020754147364893884,0.002077285727335184,0.003759175123128411,-0.0005180362501598189
2009-06-15,0.009419427601283708,0.009421545080604745,-0.012028189084351115,-0.013541657414102857
2009-06-16,0.003891877815794043,0.003895367173821095,-0.005824226936184624,-0.0023495251385260534
2009-06-17,-0.0007037828652933617,-0.0007018994794163902,-0.0016729414892644103,-0.0015662695121851445
2009-06-18,-0.0035105349667968674,-0.003509364641820831,-0.0006325104275250893,-0.003224969358427338
2009-06-19,0.0007120982468860142,0.0007133210556962591,0.004063305250998684,0.004540378043586245
2009-06-22,0.007712454237192366,0.007713572383594557,-0.015696634466520774,-0.015742151420971167
2009-06-23,-0.0021030673229728587,-0.0020999148435034832,0.0017936422720833153,0.006661097116169814
2009-06-24,-0.0008162706772364694,-0.0008141093028559338,0.0034929652125713405,0.0030152745155033267
2009-06-25,-0.0001857771556982377,-0.00018458148522497734,0.017960241231452453,0.011969452835902353
2009-06-26,0.0001044259516546642,0.00010617209486683621,-0.0010032479896515518,0.0009607254995801901
2009-06-29,-0.002106819927183598,-0.0021058884327691324,0.006390428500456404,0.0023232265753649877
2009-06-30,0.0011620379199467,0.0011630266042136582,-0.005871833359112274,-0.005286288341665464
2009-07-01,-0.0023239619318210533,-0.0023225774637304236,0.0021824174019196363,0.005472530190401412
2009-07-02,0.010124921517811894,0.010189662622382599,-0.015051448904863415,-0.01476674636075877
2009-07-06,0.002397211294243539,0.002401320206979054,0.00020050733462982921,-0.0006374725414726693
2009-07-07,0.007109193684563369,0.0071108040611100425,-0.009860545410871217,-0.009548457343948184
2009-07-08,0.008048166688158592,0.008050657159298825,0.004363223637177682,-8.900262118173524e-05
2009-07-09,-0.005462579763097422,-0.005459761372500474,-0.0013133651179462447,0.0001981862453699793
2009-07-10,0.004433816703355619,0.004435548664980226,0.0011832772370835094,-0.0013686824468431993
2009-07-13,-0.005663590879555533,-0.005662309855180685,0.012704897181052463,0.007395350613127137
2009-07-14,-0.0038202779165248026,-0.0038183418945067467,0.0006160625513423309,0.0006704770160761459
2009-07-15,-0.015209401801992845,-0.015208204959408812,0.01208491023943197,0.013084421299528977
2009-07-16,0.001349477424019152,0.00135445391664816,0.0014049791025686012,0.0039564468883171635
2009-07-17,-0.0032328330101194414,-0.0032320264122221803,0.0039038708945095405,-0.0021884862948803752
2009-07-20,-0.006227310045315511,-0.0062257753737020045,0.007879759464558631,0.01307322730059484
2009-07-21,0.00396951248633279,0.003972841206313867,0.007199499699534597,0.0032480757424743836
2009-07-22,-0.0021831118379609772,-0.002181804344778001,-0.0024584185345733847,-0.0003727017275346726
2009-07-23,-0.009338503278720873,-0.009337628944554423,0.009597283468245139,0.00746261534713993
2009-07-24,-2.103898421197409e-05,-1.7785789392038478e-05,0.00332933794218028,0.002236600396562132
2009-07-27,-0.0036380314986026413,-0.0036374515832573013,2.3725370564529752e-05,0.0014453216517483092
2009-07-28,0.0051545672803281735,0.005155760844772,-0.0021169664786649107,-0.0025168539711768294
2009-07-29,0.005845039251113347,0.00584694152436681,-0.0012519406684471316,-0.007569761256452355
2009-07-30,-0.004541709625052263,-0.0045388578635968515,0.007962556005118363,0.012860949756170359
2009-07-31,-0.0026719089418617663,-0.0026689144105969164,0.004744106052714815,0.008755958206251115
2009-08-03,-0.011769659490334624,-0.011766306689874328,0.006027429924854127,0.009426064704665402
2009-08-04,-0.0014658812945227823,-0.0013899404807832813,0.00039163207351628696,0.004040409557575589
2009-08-05,-0.002774652987171911,-0.0027732024235208926,-0.0039999722650705845,0.0017315722801332914
2009-08-06,0.003457243699476158,0.0034590201871652158,-0.0031177679286771807,-0.004797542203599784
2009-08-07,-0.004544918191556048,-0.0045428015705749735,0.005236130796415148,0.0028056268600017663
2009-08-10,0.0038753486554028173,0.0038783473313743337,0.0012804311519290011,-0.0026748616031541154
2009-08-11,0.006908734197516524,0.0069103598738524605,-0.004771477135152511,-0.004859865372609216
2009-08-12,-0.00455598215951924,-0.004553259727648617,0.005305161494396462,0.0027266866512679518
2009-08-13,-0.0007319428284049327,-0.000730242288492088,0.007709504030461901,0.00870156786211922
2009-08-14,0.005661524022369601,0.005663800266328959,-0.003387058638151556,-0.0061849939155502985
2009-08-17,0.010626919203683591,0.010629654417814976,-0.012003947651038538,-0.0142843706283805
2009-08-18,-0.005206511748749834,-0.005201619540598262,0.0032576613231563986,0.006093015305759238
2009-08-19,-0.0006610760955702016,-0.0006587355804896219,0.006736899327007928,0.003964637196928329
2009-08-20,-0.0027708597214855138,-0.002769099717446954,0.0072018044579414,0.006562500833674875
2009-08-21,-0.007320484950448639,-0.007318804714315968,0.007617555495979441,0.006861715914485573
2009-08-24,0.0011187734334245786,0.001122295892277382,0.0023866245389272045,0.000839207624120908
2009-08-25,0.0012802319897559824,0.0012815002670659727,0.0022174026046876847,0.0024037623680258306
2009-08-26,0.0019205817653494541,0.0019216491090808456,0.0005802354830549396,-9.386812930490278e-05
2009-08-27,-0.002456390882221487,-0.002455608195019657,0.0002561604172839486,0.003000921985526095
2009-08-28,0.002055383459816318,0.002057075220523275,0.0007963200869859798,0.001312460370943512
2009-08-31,0.004231054370105161,0.004231902483750017,-0.004195951757458345,-0.006604064027035953
2009-09-01,0.00931522930606008,0.009317587101603917,-0.012207420789445842,-0.012084546114608177
2009-09-02,0.007002670504321538,0.0071662488521913445,-9.169036903452696e-05,0.003607993467518184
2009-09-03,-0.003314913837504439,-0.0033122711479017294,0.003528534471282217,0.004340082762065537
2009-09-04,-0.006876429712585422,-0.0068741553605148956,0.006018704424970271,0.0027854585266236923
2009-09-08,-0.006781533429528346,-0.006778671143067379,0.004309505836409129,0.009444312811248263
2009-09-09,-0.003608948403534142,-0.0036038675535898135,0.005009546630662283,0.004353425993571131
2009-09-10,0.0009290931888615894,0.0009312248656715604,0.009144017851353603,0.008175216160486764
2009-09-11,0.005942151489625701,0.005944235506421621,0.0010303699660910645,0.0011479892970134046
2009-09-14,-0.0053680693130779295,-0.005365558994458672,0.000675277871672578,0.00031448954955688924
2009-09-15,-0.003512192936694828,-0.0035102026156274154,0.001750519048246379,0.0053282112824046554
2009-09-16,-0.006103232142830437,-0.006100323209438846,0.008989512240439246,0.012152880992657787
2009-09-17,0.0016082306491387566,0.001613282237343298,0.0009657412691850187,-0.0008472298576704975
2009-09-18,-0.003308396923186285,-0.003306966920607256,-0.0016617068596109228,-0.002047798347373687
2009-09-21,0.002555562262063504,0.0025569327529103127,-0.0018136568811867745,-0.006235153737226597
2009-09-22,-0.0013672393079483525,-0.001364357288746788,0.004601090731727023,0.010196162992889344
2009-09-23,0.005543516438246967,0.00554778190291527,-0.004295695236398471,-0.00914287676038013
2009-09-24,0.005348128784803221,0.005352503934007659,-0.005726589455874699,-0.009574868949120904
2009-09-25,0.004814255210767448,0.004818571386587675,-0.001698720278100006,0.001307447546534313
2009-09-28,-0.004565190864067717,-0.004562671201964415,0.011588721021582066,0.010079444031889234
2009-09-29,0.0011489561158009832,0.0011527889459553712,-0.0020149485817268537,-0.00304150122514879
2009-09-30,0.0014798760973361452,0.0014814355131691223,-0.0020762631607602966,0.0034338603593789636
2009-10-01,0.010597333508075934,0.01060003199974597,-0.01225384014497744,-0.011475265071538706
2009-10-02,0.0020482069885303347,0.002388036382310812,-0.002974483234183506,-0.003032393052145602
2009-10-05,0.0030024101763187795,0.003005108092456162,0.008898410827336167,0.011728921599419916
2009-10-06,0.009556945956401313,0.009562036240799508,0.007345064140978937,0.004859043414888648
2009-10-07,0.002673175703341422,0.0026789151059925785,0.004174961411958473,0.0022888861444001524
2009-10-08,0.0026463199987910293,0.002647741804115378,0.003197930980616352,0.006792622019595516
2009-10-09,-0.016171071372168645,-0.01616663485877018,-4.8223621007470364e-05,-0.003098275634328076
2009-10-12,0.0036948187171691837,0.00370230560475772,0.0035360569000996143,0.004444054268985045
2009-10-13,0.004362348599451125,0.0043650173513912535,-0.0003677938340343113,0.0010489382702971186
2009-10-14,0.0013063381290800398,0.0013087760635514352,0.007875479403012956,0.009202665220652906
2009-10-15,-0.007722880730511987,-0.007717539341881124,0.0010032036942003583,-0.002546741293719919
2009-10-16,-0.00015913460031907135,-0.00015485402257546955,-0.0028733658691040627,-0.004565484193905521
2009-10-19,0.006120273788666034,0.006123358146501931,0.005675187257604831,0.00932082462129709
2009-10-20,-0.0012482523958026893,-0.0012448259628774906,-0.0023889541766883827,-0.004432389273203002
2009-10-21,0.0008139538865465161,0.0008164722854512947,-0.006402403588244837,-0.0014836981686675798
2009-10-22,-0.0034423278844842036,-0.003438602295848489,0.005108599294999531,0.005068983761114398
2009-10-23,-0.007104109074755088,-0.0071005142332617975,-0.008937002838233196,-0.006715823881086729
2009-10-26,-0.010334208005106796,-0.01033148875693083,-0.008857437440156947,-0.00907423731710375
2009-10-27,0.0023480086099640926,0.0023518055535214364,0.000499005359045313,-0.002843899297453462
2009-10-28,0.00022401195079143986,0.0002273897828846505,-0.010357807393472166,-0.014033306763027548
2009-10-29,0.001979001567426753,0.0019862637726369165,0.011111174163620861,0.015624073788701641
2009-10-30,0.0027350598388508076,0.0027435410682576404,-0.014854683590944292,-0.011239066901042769
2009-11-02,0.0020303567389562184,0.002038274289010865,0.0033824344791161926,0.004906625446310024
2009-11-03,-0.0008710574912014649,-0.000674079433036173,0.0009736735407017694,0.003642952430431295
2009-11-04,0.004269071093909104,0.004271917228155842,0.00045237305766847557,0.00032823632622870695
2009-11-05,0.0010252445494030452,0.0010287087875875127,0.011171939339628767,0.007769139452266615
2009-11-06,0.004919653299349234,0.004922869075188771,0.002760860790534761,-0.0017574201521254169
2009-11-09,0.014961488298806995,0.014964630807646831,0.013993729170885419,0.014461851072852975
2009-11-10,0.000706581103431006,0.0007125556500703291,0.0004084117618441936,-0.002267090374543125
2009-11-11,0.004125451960040473,0.004126629101854455,0.0042371405328750205,0.005737958621453705
2009-11-12,-0.011775305382412718,-0.011773832155758633,-0.006100343262183479,-0.008202493354304955
2009-11-13,0.014131361439730004,0.014134962460973144,0.0035992696382327917,0.005687940774595952
2009-11-16,0.011716326636665345,0.011721503564211087,0.010950654217897265,0.01369879103989134
2009-11-17,-0.003854482487346738,-0.003850777223143271,0.001558589663637894,-0.0014111088023554866
2009-11-18,0.0009442293370474019,0.0009468001834726257,-0.0013535660004075332,0.00030041990263738195
2009-11-19,-0.004598849580488066,-0.0045971391866691065,-0.007529988390250179,-0.007533631584555663
2009-11-20,-0.0024904404641207436,-0.0024872934671624214,-0.0022098827681011745,-0.0014675723564187854
2009-11-23,0.009321782938614012,0.00932320317399549,0.007184220591270391,0.007316441028354714
2009-11-24,0.0027207705114524728,0.002724069161457155,0.002923987965969325,-0.001300961983351551
2009-11-25,0.012102182049154865,0.012104063745895954,0.0034550705851465317,0.008773286619708887
2009-11-27,-0.011899056866491167,-0.01189570732823987,-0.00817721809280237,-0.011831622815703435
2009-11-30,0.006009040045146308,0.006013937205362588,0.0026818018178661816,0.007054274370183383
2009-12-01,0.006764100493297045,0.006766365145242788,0.005343941019413696,0.008081063922550445
2009-12-02,-0.0008753612036631724,-0.000675313455517613,-0.001095207288368363,0.001926932621072885
2009-12-03,-0.003279283697290495,-0.0032775869482694407,-0.006560649767926375,-0.0052378267475693095
2009-12-04,-0.011585476841202527,-0.01158422001241864,0.00045445257825246224,-0.004772652162691252
2009-12-07,-0.0012783314870053468,-0.001273912141008633,0.00016605201688776576,-0.0036523058571934688
2009-12-08,-0.005030914200882164,-0.005029213426421994,-0.005281724531256226,-0.005982541996706594
2009-12-09,0.001328323642692356,0.0013312055668378618,0.0014462422245162358,-0.0009298598242164556
2009-12-10,0.00029154256208448973,0.00029294091437208705,0.002021155744957586,-0.0012749624308707225
2009-12-11,-0.004623063341375614,-0.0046219612896864735,0.0005885019422842505,0.00025156886085091695
2009-12-14,0.004728885467317879,0.004731057492667611,0.004130190525374283,0.005592621188381713
2009-12-15,-0.006713236769584105,-0.006711989994210879,-0.004076619635937896,-0.005531190019573853
2009-12-16,0.003666544568105983,0.0036680620650619894,0.0009238837311663549,0.004658768380267015
2009-12-17,-0.012550144088937582,-0.01254833877326616,-0.003786312292274777,-0.009260983483283134
2009-12-18,0.0012780118622193872,0.0012824227016555486,0.001424578818787051,0.0019914620344362666
2009-12-21,-0.0035792054369673883,-0.003577731792933473,0.0020604829991667014,-0.0034410866313244605
2009-12-22,-0.00086737980093741,-0.0008649459778695738,0.0004370093224809719,0.0014780829111055499
2009-12-23,0.005043217798919669,0.005044931936516168,0.0010259677845394462,0.004991662197344411
2009-12-24,0.0043860513799183,0.004387742076514149,0.001494863187147276,0.004068615358169209
2009-12-28,0.0024948720064273283,0.0024966833234345703,0.00026183298219900424,0.002555759975542113
2009-12-29,-0.003426333638627498,-0.003425034066766815,0.0001488160061706279,-0.0023248871505602417
2009-12-30,-0.0016635025856117913,-0.0016620501111475788,0.000478907150090288,-0.00014743789943931642
2009-12-31,-0.00386471276184444,-0.003863882772976416,-0.007748926192519129,-0.004281481491850158
2010-01-04,0.011922536655380747,0.011923787618827973,0.011327728658345651,0.011058290449805289
2010-01-05,-0.002603994777871667,-0.002416181184616406,0.0033406693636978263,0.002485610572760961
2010-01-06,0.006463274778188054,0.006464630913709348,-0.0011940535161253786,0.001320248896976007
2010-01-07,-0.0018357488852656341,-0.0018330709063215482,0.0025355676257985014,-0.0018623428952132576
2010-01-08,0.0020348274950095922,0.0020365380601511133,0.002494786866068946,0.0020364235774469187
2010-01-11,0.002940467253277315,0.0029416809065753017,0.00110915250719478,0.0024045541181128565
2010-01-12,-0.010722900724798206,-0.010721468197025406,-0.0027597853759281188,-0.00565591764093441
2010-01-13,0.0060467035846445,0.00605031735726274,0.0031274225763617443,0.002616348226464553
2010-01-14,-0.002008861447106776,-0.0020066312050200765,0.0035006040472610554,0.0023095415875958635
2010-01-15,-0.008048871890827015,-0.008047529584565914,-0.004967643510770284,-0.0052139297358334375
2010-01-19,0.004216927786978339,0.004218969052259277,0.0067472119670080365,0.0059221829879112535
2010-01-20,-0.0120995779108887,-0.012097721633852867,-0.0047335403082417555,-0.009269766328917831
2010-01-21,-0.00995683458468698,-0.009953575260467099,-0.010017259265290367,-0.00981222102490808
2010-01-22,-0.006072713833613157,-0.006069341091168508,-0.012837125336148359,-0.008493511011170157
2010-01-25,0.004046684673676611,0.004049228264464643,0.002091053348698332,0.0023909896075055364
2010-01-26,-0.005251817558279418,-0.005250493292817233,-0.0016448513846343733,-0.003597450218073648
2010-01-27,-0.0009094670270490523,-0.0009076950004300643,0.0018314555087121538,-0.001984980628659524
2010-01-28,-0.0038056300897803277,-0.00380423341964551,-0.006886104114888773,-0.004303349989114412
2010-01-29,-0.006970724509731788,-0.006969594697524782,-0.004758900892628687,-0.00421982003859722
2010-02-01,0.010997029088144351,0.010998937501591192,0.007614288683453437,0.009316162858286929
2010-02-02,0.005108871837475855,0.005132608682407076,0.00792059281659401,0.0078045555657594795
2010-02-03,-0.0016290253259348898,-0.001627172972578756,-0.0048972460835714545,-0.006948553139332595
2010-02-04,-0.024076856932855942,-0.024074904621668784,-0.015318654706061717,-0.016827961344596166
2010-02-05,-0.002058078943469221,-0.002050582218634268,0.002525545606987288,-0.0003352759915708946
2010-02-08,-0.004029650138006842,-0.004027691893195925,-0.004637786693964677,-0.005731173733657326
2010-02-09,0.011924715136771898,0.011926386025136784,0.005217058895831534,0.0076685559869039115
2010-02-10,0.0009104604343636702,0.0009142448050035202,-0.0022892947329130335,-0.002264820198934428
2010-02-11,0.005712276642227839,0.005713547692102079,0.005740150566777817,0.007074803217378313
2010-02-12,-0.003036573224709164,-0.0030343473463530814,0.0004385921670360741,-0.0014244298776436987
2010-02-16,0.011767998121949116,0.011769429856742626,0.010297176752630572,0.013689110073659107
2010-02-17,0.001727873217503467,0.0017314248723362252,0.000724634363963943,-0.0018286054429782102
2010-02-18,0.004463764347124206,0.004466323667251298,0.002142507037107824,0.0034549300514827024
2010-02-19,-0.0014374611979201296,-0.0014358853514422636,0.0014754239002117175,-0.0006312101960229547
2010-02-22,-4.9842557191110825e-05,-4.875516835354702e-05,-0.00019924235984652722,-0.0003653189002090813
2010-02-23,-0.012164303375435191,-0.012163522184304346,-0.004369302863757602,-0.0048296898964795025
2010-02-24,0.002854938150963593,0.0028586421271284846,0.005750633893813271,0.003758659197090214
2010-02-25,-0.00400830804151519,-0.004007117522240738,0.0006328681051278696,0.0001010870701218919
2010-02-26,0.0026586249090112986,0.0026611528476814155,0.0009952673699454876,0.004959715745277917
2010-03-01,0.0013282009278163392,0.0013295342547580554,0.006665829906896756,0.0027878660442536905
2010-03-02,0.005172694068438669,0.00538086279158008,0.0018820121142761968,0.004697618470385226
2010-03-03,0.004622822769301482,0.004624494409417658,0.00013838632040575767,0.0024425575213903638
2010-03-04,-0.004480816488145808,-0.004479017600710598,0.002524899577636231,-0.0016271653036603237
2010-03-05,0.00636490053760495,0.006366989629002575,0.006703322982065795,0.006265503578606185
2010-03-08,0.00039606177300761106,0.0003999001999341821,-0.000944301009880171,-0.00045778882474129955
2010-03-09,-9.935540116097121e-05,-9.847650691513642e-05,0.0020135177817900917,5.586114918133763e-05
2010-03-10,0.0014449084093951178,0.0014460178339926002,0.002046858656204343,0.0008085709726571798
2010-03-11,0.0011100761235997947,0.001111584026459549,0.0021884329706181272,0.0014094919892261575
2010-03-12,0.002004730458194115,0.0020055433523206347,0.000660845904400635,0.0007411434084068174
2010-03-15,-0.003758266698105842,-0.0037566204775767065,0.00015786672721284503,-0.0024913670924157695
2010-03-16,0.009526559611213353,0.009528249974511493,0.006368095410531342,0.009659646147050996
2010-03-17,0.002141678424067972,0.0021441269770926938,0.004087629446964741,0.0039011309776399755
2010-03-18,-0.004355018116543392,-0.004353453166106212,-0.0013446641964287753,-0.002304102861031867
2010-03-19,-0.007957409427967212,-0.007955796699850531,-0.0036099956081109713,-0.006577195759161578
2010-03-22,0.003447154268175709,0.003449491055879412,0.004557729757513736,0.002547597838314132
2010-03-23,-0.00011169471784568832,-0.00011052751942890488,0.0034792973502084886,0.000835480115348688
2010-03-24,-0.011556296087424069,-0.0115549025712819,-0.00683218551921478,-0.009607105774455536
2010-03-25,-0.002348172681698383,-0.0023452064709353617,-0.002422512855845836,-0.0017089321897799299
2010-03-26,0.005379162319693115,0.00538027748776877,0.0005387049733301958,0.003316825526352239
2010-03-29,0.0063873004563574694,0.006389432222277852,0.0033358922193633977,0.005052658337631258
2010-03-30,-0.002205487629560319,-0.002202973149104235,0.0008065870577580702,-0.00019822574659704092
2010-03-31,0.0005939350799155775,0.0005951927135143294,-0.0011939630067207081,-0.00018063378462212067
2010-04-01,0.007799856443372732,0.007801731081660611,0.0034010161448807053,0.007351252213135918
2010-04-05,0.0059242600661754685,0.0060465213382603035,0.001290641023594331,0.0026447874114778375
2010-04-06,0.00034455894653828283,0.00034783485088553043,0.0025887051834944616,0.0031447621627434265
2010-04-07,-0.00576753867529242,-0.005765958065192449,-0.0009888605099465343,-0.0012186524581164443
2010-04-08,0.0007521236121360265,0.0007550702526492853,0.001632690492015404,0.0003676886594826437
2010-04-09,0.006329696999511725,0.006330223414515607,0.0044022019020098484,0.00540364071371769
2010-04-12,-0.0006976947012937651,-0.0006957286571782495,0.0020267211216320963,-0.0006267979662481571
2010-04-13,0.0008945086810970742,0.0008958019436828358,0.0012085237189128667,0.002715359986066494
2010-04-14,0.007246290913110183,0.0072473698247550785,0.005778116840898603,0.004162841779069159
2010-04-15,-0.003386748961889078,-0.003384248539164143,0.0011606915437021616,-0.0020113787163767555
2010-04-16,-0.011776205146410496,-0.011773921013552777,-0.00726509408969624,-0.009914581268486546
2010-04-19,-0.0008126899744621195,-0.0008081721298605225,0.0012865113975626212,-0.0018577942577819718
2010-04-20,0.001564463851975347,0.001565588068788985,0.005555931094759671,0.004444022690189848
2010-04-21,-0.0014657640444748882,-0.001464066469165232,0.0001776749580855449,0.0025936237924221684
2010-04-22,-0.0005249245733293153,-0.0005230934830425533,0.0008735296275283249,0.00010527045920967164
2010-04-23,0.005446119187181465,0.005447838800108461,0.002844023084063379,0.003955118112502433
2010-04-26,-0.0006958298887409437,-0.0006939168266877727,-0.0020283732254670348,-0.00021914516781632433
2010-04-27,-0.016502742776656004,-0.01650201499298697,-0.010625464066479998,-0.009096390983238514
2010-04-28,0.002821756671883121,0.0028284826119456276,0.002489419179746309,-0.0003392258225401915
2010-04-29,0.00742367653625716,0.0074254702581414405,0.008110990938965593,0.009346937124593552
2010-04-30,-0.0059106342407164785,-0.00590758326748052,-0.007811721920491869,-0.003096718826109443
2010-05-03,0.002571568875475403,0.002575637488751531,0.006689346700346934,0.005001577257632303
2010-05-04,-0.01949943373272117,-0.019339013373568262,-0.011404419459761126,-0.013023881760595529
2010-05-05,-0.009318075734131123,-0.009310700505628386,-0.001963485118486491,-0.005693175679364247
2010-05-06,-0.011568013692934882,-0.01156310464894,-0.015111993962411679,-0.006149703449725877
2010-05-07,-0.0018616283680703326,-0.001851248746718362,-0.009764206329229905,-0.005533523143582995
2010-05-10,0.01908989747901713,0.019092438477962423,0.022159966300154006,0.01759115737348458
2010-05-11,-0.0009027709855549114,-0.0008920539785809633,-0.0011816468267910123,-0.00041269353229266275
2010-05-12,0.004098795772725428,0.004101556741096862,0.00718237090705376,0.004546777344127701
2010-05-13,-0.007665980749674893,-0.0076632978094523935,-0.006237138966358147,-0.0047920807431769226
2010-05-14,-0.014384512040394634,-0.014381471932635684,-0.007988302555266055,-0.008575163501952894
2010-05-17,-0.0038975989676922345,-0.0038909795804511153,-0.00060486888079907,-0.004247132804067846
2010-05-18,-0.01117363162402686,-0.011171415191307743,-0.004879597734939465,-0.00491224366738026
2010-05-19,0.0010518511172431903,0.001057630751229036,-0.0029256534652247717,-0.003273898745149803
2010-05-20,-0.010213772390045792,-0.010210037464531523,-0.017624101298465852,-0.011791272762762877
2010-05-21,0.009095287661343125,0.009103712849945678,0.008464892232498024,0.00872590253781834
2010-05-24,-0.009219398665735823,-0.009215021559773866,-0.007284759313255474,-0.005731295753266045
2010-05-25,-0.0011515851988894953,-0.0011472049709981918,0.002067058896049879,0.0003841342508827848
2010-05-26,-0.0034318458343330876,-0.0034298554040599638,-0.004283369014074289,-0.0007679351732710994
2010-05-27,0.02192553972927704,0.021928382743020072,0.014697446626089239,0.015362858849594955
2010-05-28,-0.007274146627527793,-0.007263413415814853,-0.005265321061199192,-0.0049449620452420556
2010-06-01,-0.007510202492584803,-0.007506902779598623,-0.009019502402350082,-0.005844809680360257
2010-06-02,0.0022825532015562384,0.0028228548910082087,0.013330414931092991,0.008291926726938336
2010-06-03,-0.0038648180334890825,-0.0038591651097292733,0.0015377176980020898,-0.0028934834630594923
2010-06-04,0.007596765538080828,0.007599807898115534,-0.01596064804910957,-0.01346622289968521
2010-06-07,0.0029264384577933128,0.002938360897616359,-0.005798386629591879,-0.0011866579870489374
2010-06-08,0.0016969673408376027,0.0017002161245839576,0.0050923309149180935,0.005765512852178068
2010-06-09,-0.004149407394485656,-0.004146123505599487,-0.003145176004039107,-0.0006526745824880771
2010-06-10,-0.0025107110145193316,-0.0025082604219120418,0.013623702242117236,0.011300436698369044
2010-06-11,0.008901855864621897,0.008910811247795136,0.005446066233853941,0.0043120248795824444
2010-06-14,-0.005402059773502527,-0.005398421536782829,-0.0012746556676907143,0.0013940211305240291
2010-06-15,0.004696774596800358,0.004700911048629715,0.012488044222300052,0.012033875571570816
2010-06-16,0.0009393359837421511,0.0009453389943899932,0.000871711597503514,-0.0008948916674597941
2010-06-17,0.003136445764711171,0.003138303128754959,0.002823124001848406,0.003027143629080247
2010-06-18,0.0016087267341492338,0.0016111419930598212,-0.00013540818277826358,0.00033536638767548777
2010-06-21,-0.0017710250107678847,-0.0017693694505347471,-0.0020368094543498365,-0.002232173722020693
2010-06-22,0.0005138957526174013,0.00051657229995564,-0.0076999454304731985,-0.0046563772744459475
2010-06-23,0.004429346648222426,0.004433824634449948,-0.0003950396266279125,0.0002127950319763596
2010-06-24,-0.00831906009482076,-0.008315550621813952,-0.010301833134346147,-0.006374479673197106
2010-06-25,0.0029782225049103006,0.0029835068397318556,0.003141952735800126,0.00772487612587413
2010-06-28,0.003417027744470377,0.003420707244706991,0.0009652737906726024,-0.0039208748449778815
2010-06-29,-0.0015618582464308035,-0.0015567951405179921,-0.016647350096187844,-0.012977634438507865
2010-06-30,-0.0020452814530041545,-0.0020373017442130163,-0.004974830435918144,-0.0012507606578135483
2010-07-01,-0.012042602211745983,-0.012039922736273662,-0.002787902629046839,-0.002133085838083793
2010-07-02,-0.0030468329633938735,-0.003020661563228312,-0.00398919314091005,-0.0020864296507697297
2010-07-06,-0.0005085824369827325,-0.0005060166202397998,0.004895981241192576,0.002292869878656146
2010-07-07,0.005754007752965777,0.005758231527210391,0.017643017371445562,0.0132802184465748
2010-07-08,-0.0035289362572248567,-0.0035217630195887688,0.0050692663418949405,0.0027058601420125172
2010-07-09,0.0038795237798550457,0.0038829866933311084,0.0035376499683092526,0.0029842905213812478
2010-07-12,0.0017199259364121227,0.0017229725619043656,0.0010500907761531648,-0.002577084170923586
2010-07-13,-0.0016560512916110614,-0.0016533596089038983,0.007337300347750347,0.007894534340958107
2010-07-14,0.0025615534063694965,0.0025676197827332993,0.0018449098070736835,0.0008351257116364533
2010-07-15,-0.003314101241153763,-0.0033122101310438575,0.0021471689351517534,0.0030983863171423058
2010-07-16,-0.007328641034531145,-0.0073231337091376175,-0.014735555629364265,-0.012019524788769019
2010-07-19,-0.0004038042140779844,-0.0003970186873541034,0.0025634530539868643,0.0018912879979327876
2010-07-20,0.006344086503983321,0.006346235178556383,0.007169885288087687,0.00643051000554338
2010-07-21,0.0036567758380365474,0.003660517374383228,-0.005484615226194692,-0.004495544449247397
2010-07-22,0.002165014938920661,0.0021700464051492294,0.011398184308058805,0.012780276637479264
2010-07-23,-0.0020686958165487073,-0.002061709807819165,0.004077450602624005,0.0013003625984550247
2010-07-26,0.0017988903646818707,0.001801450485740841,0.006303596517065216,0.004549712178349752
2010-07-27,-0.00682504999901928,-0.006821780860108916,-0.0013724754672846604,-0.004393993784948006
2010-07-28,0.0010985960818915399,0.0011021954574288713,-0.0023658756606804126,-0.0002628151245291672
2010-07-29,-0.0036060075173724457,-0.003604244241959296,-0.002209448488112021,0.0018523506197464447
2010-07-30,0.00735635255121947,0.007361004154028696,0.0021337495100384038,0.004884189327559475
2010-08-02,-0.0004669593453380726,-0.0004638208596010247,0.01268476342939961,0.011526194449474234
2010-08-03,0.0011244747585344285,0.0013261233909445938,-0.000999238589185385,0.0004691156222844719
2010-08-04,0.002724407849301764,0.0027269487513677444,0.002321052628403941,0.00126899597289403
2010-08-05,0.00023933111649700997,0.00024246387552697866,0.0012807379130248004,-0.0007214535671229318
2010-08-06,0.001276440432833747,0.0012787313583906043,0.00018328735840259628,0.0014955849531942324
2010-08-09,0.002532202953347766,0.0025356635386611717,0.0030994141299040476,0.0011785752344889019
2010-08-10,0.0006804129279600256,0.0006829594536698351,-0.0011923489088044212,-0.0029285390971680292
2010-08-11,-0.0005119584404598625,-0.0005089880254210161,-0.01402547639144117,-0.01273799961750162
2010-08-12,-0.0013257095673713528,-0.0013170699756523598,-0.004656626230280498,-0.0022793649034333497
2010-08-13,0.005015912585016613,0.005018659764392983,5.225297919121774e-05,0.0008286767914985246
2010-08-16,0.00893666568666742,0.008939628155421986,0.0027377831975237076,0.005931540866383143
2010-08-17,0.0013835597405733337,0.0013875129519236114,0.0050439907917301735,0.005114538865383502
2010-08-18,0.0012268971379591305,0.0012306597164082201,0.000648839918679146,0.0003311296079536454
2010-08-19,-0.0008068318688686867,-0.0008057873793726046,-0.008372051531178138,-0.004639828845185773
2010-08-20,-0.001214212806177221,-0.0012103812117046867,-0.003246808803619928,-0.003483756401347326
2010-08-23,0.00015935683849870226,0.00016171749897633488,-0.0016668580163722625,-0.002036282109187686
2010-08-24,0.0032428235419603934,0.0032446468461013785,-0.005302081297157897,-0.0010755846445810416
2010-08-25,0.0003608621160125551,0.0003651715571821319,0.0003071317010630482,0.0011054056934568085
2010-08-26,0.00011328725537315984,0.00011584893376601134,-0.0019450183245184253,0.000633355285752642
2010-08-27,-0.0030339984310776887,-0.0030307382468812765,0.0040121317789833,0.003038372946895901
2010-08-30,0.005539628421820648,0.0055457132692191425,-0.005230440187516841,-0.001584872690396791
2010-08-31,0.005826372767382118,0.005830619407929026,0.001887000173331191,0.0032416872961451085
2010-09-01,0.0011184976042281313,0.0011215281057934793,0.014127398406580557,0.009886316402970281
2010-09-02,0.0008298713219225779,0.0009463968030591955,0.003908436105831777,0.002654143043844793
2010-09-03,-0.00325058331046642,-0.00324819674795642,0.005553646174982023,0.0028239553765757324
2010-09-07,0.013068545871827339,0.01307221585346346,-0.0037480341977977672,-0.0012299736833642667
2010-09-08,-0.0019910857566428066,-0.00198408088471296,0.0031413222875801236,0.0014244994392501819
2010-09-09,-0.008148011305244071,-0.008146099660341091,-0.0003099508793030223,-0.0030527552073696795
2010-09-10,0.0003847083016000646,0.0003885084999959703,0.0019406672212381039,0.0016916199832230853
2010-09-13,0.002685973540431831,0.002688045625064153,0.008639859979648563,0.008603858139549706
2010-09-14,0.002736758479999115,0.0027411692124194916,0.001575322497369545,0.004314330181675982
2010-09-15,-0.009384457705897306,-0.00938092011744089,0.0009746428624504204,-0.002787960469644388
2010-09-16,-0.00592446223895592,-0.005917875965290138,-0.0015168480683912628,-0.0026402268411189786
2010-09-17,0.0039415714102799555,0.003944012723088869,0.0011055965303329684,0.00046721795091926235
2010-09-20,0.007226784853872778,0.007228560401248302,0.010560269391788982,0.008646543894424465
2010-09-21,-0.0013242581274025742,-0.0013207605152411885,0.0023470406413826947,0.0009032082956798205
2010-09-22,-0.0016932076449220634,-0.0016876817024901224,-0.0024217851856376013,0.0008785093785575143
2010-09-23,0.0009207946465318556,0.000924839466566049,-0.004405741470480757,-0.004107971386433001
2010-09-24,-0.0017584654300469825,-0.0017559602450064387,0.01061548017860652,0.009202304007960328
2010-09-27,0.0032777608080916567,0.0032847786981295823,2.998381914791004e-05,-0.0006424383661194917
2010-09-28,0.002290383480537024,0.002293934057076407,0.0034336507328711356,0.004251580941682409
2010-09-29,6.743642673568391e-05,6.959869004271343e-05,-0.0020043082199978617,0.0005110441249189422
2010-09-30,0.002365291684297441,0.0023678022930609306,-0.0022876660539606916,0.00038325335577012285
2010-10-01,-0.0014732773016666394,-0.0014717101118686374,0.002780503368486722,0.004181944730576809
2010-10-04,6.380539773387325e-05,0.00016353006293776725,-0.0030901583519391657,-0.0018012941612098577
2010-10-05,0.012615332249971722,0.012617963002439154,0.012105709497370963,0.010984890226261496
2010-10-06,0.0032866413750887538,0.0032922643886344107,0.002513721683377926,0.00305987532684848
2010-10-07,-0.004287801552399834,-0.004285377083154828,-0.00032527751754755994,-0.0030126949384646977
2010-10-08,0.010043740700859151,0.01004694401812642,0.0035248983352152226,0.006128849585478984
2010-10-11,0.002380508994567229,0.002385894889939338,0.0009660526533315503,-4.561095211582187e-05
2010-10-12,-0.0023771593296415573,-0.0023752563394023,0.0007000246330076303,-0.0002705339946319929
2010-10-13,0.008917162046287272,0.008919333726827175,0.004686380230145428,0.0062961594028998905
2010-10-14,-0.0055687011466998716,-0.005564928836527608,-0.004618465404892978,-0.001107812586404614
2010-10-15,-0.003737400900018196,-0.003733908793275631,-0.0004758003291220146,-0.0036608275293857923
2010-10-18,0.007457513293649475,0.00746023874539821,0.004859853308208496,0.004650500630974805
2010-10-19,-0.012239981443794767,-0.012237461006202177,-0.006599860084971765,-0.012660399636034292
2010-10-20,0.0074832571461591274,0.0074914038609128365,0.005643277715411265,0.00982650819549854
2010-10-21,-0.007995943229743034,-0.007990427805297472,-0.0008490071472472212,-0.004416212020916503
2010-10-22,0.003423459923429592,0.003427027984676194,0.0012487033882154725,0.002158748512437058
2010-10-25,0.005299859811162246,0.005301569921801389,0.001676691894789892,0.0038054125023805913
2010-10-26,-0.0029387916180051822,-0.0029367408505288064,-0.002511496030557838,-0.003746628332725377
2010-10-27,-0.007622406492388263,-0.0076190890254307616,-0.004009715649203466,-0.006180125617079326
2010-10-28,0.0034814170507903655,0.0034840474717944313,0.002375093787726266,0.004031891160940305
2010-10-29,0.006152746830076258,0.006156370441280787,0.0022117395193096026,0.0026670373069441287
2010-11-01,0.001211384963898691,0.0012142865771284828,-0.00045117037236413646,0.000891633268261634
2010-11-02,0.008297200488651733,0.00851658362922588,0.006096950518340477,0.006878252106110901
2010-11-03,-0.0014089013381073622,-0.0014063549514526977,0.0037076871555540057,-0.0005649869980467473
2010-11-04,0.022781713936150496,0.022784449457278873,0.014800886599578855,0.015110046364187139
2010-11-05,-0.002723665651428173,-0.002718266297030417,0.0006046976881910203,-0.0015284340682322236
2010-11-08,0.0012207361440917475,0.0012241032541319054,-0.001017053106044455,-6.760005105193167e-05
2010-11-09,-0.01721573891474312,-0.017213686010540175,-0.00768346301117896,-0.01219174611611543
2010-11-10,0.006416466734409027,0.006421703328153023,0.0039201948370245045,0.004430616297489924
2010-11-11,-0.004695138612603016,-0.004692488165263879,-0.0027203007882247517,-0.0037569724060252216
2010-11-12,-0.01848345135853804,-0.018481193912672066,-0.010439419105485105,-0.01258653518562051
2010-11-15,-0.010416315054595298,-0.010409336828820764,-0.005942139988500344,-0.005743537695544177
2010-11-16,-0.012059870702217687,-0.012056734886659126,-0.006531998835561314,-0.010172155017267497
2010-11-17,-0.0013518635275262256,-0.0013452034417605198,-0.0008419319997593501,-9.861970957817494e-05
2010-11-18,0.012912730063676313,0.012914401770335879,0.00792257148635054,0.010294924355325972
2010-11-19,0.0006886405398376007,0.0006935622125471034,0.0024775103758151785,0.00042461118509530234
2010-11-22,0.0031758716580363084,0.003177654330204423,0.0016020530541987388,0.0009933959269105743
2010-11-23,-0.006940487833312409,-0.006939022637404159,-0.007949823473171356,-0.006986081329289586
2010-11-24,0.004242420355570068,0.004247730969536733,0.004597700052407516,0.004824993411815501
2010-11-26,-0.005631971414520737,-0.005626866714044697,-0.005369170726836832,-0.00414119641319957
2010-11-29,0.00238346164542266,0.002386924321397323,0.0026830824682901873,0.0011070242654743724
2010-11-30,0.0006222000992080904,0.0006239736388943093,-0.0027017161962240234,-0.0013573906378644281
2010-12-01,0.005539477263260867,0.00554299754427303,0.007557450663731967,0.006698007025213017
2010-12-02,0.005833956387224038,0.006005034843812549,0.0066860648778038975,0.0066213290707343294
2010-12-03,0.0034881511749174274,0.0034914305515357396,0.0016652545256152277,0.005285730401610718
2010-12-06,0.005932669035490736,0.00593681199770486,0.001836712259518185,0.0017595597208770865
2010-12-07,-0.011346771343116058,-0.011344238785346869,-0.006247353895123117,-0.0067300605220692485
2010-12-08,-0.0067136951899893944,-0.0067097704713786335,-0.00113654911930891,-0.003963563235730114
2010-12-09,0.0023408756786008843,0.002343776584874267,0.003202090451884936,0.0004713219889663585
2010-12-10,-0.0012977170622280694,-0.001296267511811572,0.00023925018458823642,-8.772492146206261e-06
2010-12-13,0.0023392651823997755,0.002340852182516757,0.001633503207345003,0.004488435616199438
2010-12-14,-0.0055821761646418265,-0.005579643608976703,-0.0035462639602421497,-0.003117773958866678
2010-12-15,-0.006718328559151314,-0.0067158565379789766,-0.004389624210532859,-0.007516502463472171
2010-12-16,0.0031665154224464953,0.0031691028574712555,0.0058590842652045715,0.0018070424967668748
2010-12-17,0.008315532179913415,0.008317206561962278,0.003968968600591714,0.003983788459997941
2010-12-20,0.0047159720402040715,0.004718477297569025,0.001439179467272835,0.002337271946867384
2010-12-21,0.007840057758608795,0.007842262048544723,0.004716793193194838,0.005193276841987304
2010-12-22,0.0009293874064402394,0.0009317177631070758,0.0008481646625185675,0.0010573890497678363
2010-12-23,-0.001271033366960446,-0.0012696369396506379,-0.002233502412692528,-0.0005794536533403321
2010-12-27,0.0023470300957308963,0.0023484916143202313,0.001721728647833802,0.002061320598391032
2010-12-28,0.000638833426463317,0.0006404223320053658,-0.0031488765538071183,0.0006925635983254004
2010-12-29,0.007728310335191157,0.007731192222783862,0.004724582128295157,0.006036146178415246
2010-12-30,-0.003889064581662441,-0.003886434372890614,-0.0017590187345183817,-0.001513017277527048
2010-12-31,0.005805631724956319,0.005807651543765044,0.0020769616609465796,0.0054427023251724296
2011-01-03,0.0034071554087290105,0.0034098197154301306,0.0051750771468660065,0.0030695662081402304
2011-01-04,-0.0053990830988030255,-0.005207297174589726,0.0006041514438686618,-0.005158967510748054
2011-01-05,-0.006016692783012155,-0.0060140647778315496,-0.001201810950758149,-0.003486789882284357
2011-01-06,-0.003249687611469963,-0.0032461564401327758,0.0008708526412062489,-0.004079518473278452
2011-01-07,0.001108354175740671,0.0011107914287858084,0.0014697702278705408,-0.0008996664736295572
2011-01-10,0.002071216295851321,0.002072762351710389,0.0006109506007940167,0.0013374119901770306
2011-01-11,0.0006526954221764251,0.0006541410703687575,0.0005414018086971705,0.001971722003818781
2011-01-12,0.005794843365319098,0.0057966604814476946,0.004262903219984487,0.005380105364441747
2011-01-13,0.00036264113565915093,0.0003651568955300937,0.0016891725554018112,0.0006527006955900614
2011-01-14,0.00040503348124720133,0.0004074531113765555,0.0032501570379993385,0.0006232320771587404
2011-01-18,0.002043781554334218,0.00204537920448211,5.4082308662629454e-05,0.0015191278461716743
2011-01-19,-0.0012787181927067645,-0.0012774786895287122,-0.004911762971396904,-0.0017819451554808507
2011-01-20,-0.00995202640371465,-0.009949623797667742,-0.0038975162039757358,-0.007179920551483841
2011-01-21,0.003053464562530416,0.0030557365920339135,0.0026853677415946075,0.0023634032678647265
2011-01-24,0.002180537453795731,0.0021824315979895614,0.003469306567259266,0.00156509495246725
2011-01-25,0.0013412932315519743,0.0013427719783098467,0.0023184119055372912,0.000824148942086429
2011-01-26,0.0021868714929581677,0.002188623790234068,-7.604871751919816e-05,0.0025174790073289504
2011-01-27,-0.001692095445374835,-0.0016898513601410305,0.002972113752073364,-0.0010699814315295124
2011-01-28,-0.0029077410404220634,-0.002905066592642463,-0.00875222132996915,-0.003979187096791939
2011-01-31,0.0039028377973546304,0.0039077067745818825,0.002931938196412223,0.003868994637373047
2011-02-01,0.008683992975713341,0.008686555876847808,0.007793326614953142,0.007325459064462812
2011-02-02,-0.0014247297559564437,-0.001390030481225193,-0.002093237676351731,-0.0006754919736772667
2011-02-03,-0.00030580925988291904,-0.00030473746436817636,-0.0009478476331126988,-0.0007635708747611739
2011-02-04,-0.005186592277037757,-0.005184189250887071,-0.0007528181995764261,-0.003523680149994089
2011-02-07,0.00237262798250183,0.002374091334234791,0.0036038488896686025,0.001918229998191556
2011-02-08,0.0009974266290013734,0.000998838755383044,4.776317042894379e-05,0.0018078475755381857
2011-02-09,-0.0005886988500804919,-0.000586934080329288,0.0008553348623581571,-0.0005709745401987833
2011-02-10,-0.005859006869407181,-0.0058571425874274505,-0.0010587257401260045,-0.004204020183313489
2011-02-11,0.003918489932414464,0.003920868757574986,0.0054303373659771855,0.0030518830326060407
2011-02-14,0.002099674335163346,0.002101668741929286,0.0015894495437487888,0.0008229081382581507
2011-02-15,-0.001918088408083064,-0.0019171943328132209,-0.0010188853539654335,-0.0010977185415415264
2011-02-16,0.004010875075729764,0.004012684290695723,0.003277572606324725,0.003211455510847947
2011-02-17,0.0039208201238634865,0.003922610338781585,0.0032659844764073302,0.0026970554064358206
2011-02-18,0.002049851595782642,0.0020506867269607758,0.0011843810628000082,0.0015740532626021097
2011-02-22,-0.005405163157723136,-0.005404015990493067,-0.008454899976282642,-0.005095594329631371
2011-02-23,0.0020943585230347936,0.002098654336887185,-0.004685112132078524,0.0022142190447270106
2011-02-24,0.0004471790197132526,0.00045002313613117244,0.000617230290992734,-0.0005032391319470488
2011-02-25,0.01066669051854782,0.010668817123527265,0.007707132647677083,0.008444317909758471
2011-02-28,0.005316166516556052,0.005319244677170711,0.0035605874558038114,0.004321451133853815
2011-03-01,-0.004412469315593969,-0.004409909654834951,-0.00961638773101919,-0.0032357492417382895
2011-03-02,0.0010386133360803793,0.0011648059879798783,-0.0008197345178699244,-0.0003568250721682073
2011-03-03,0.004638494564084304,0.0046408632143492765,0.007659933526737937,0.003147086001000653
2011-03-04,0.0009355350873710085,0.000939523313498492,-0.001742401302001016,0.00041175934773339453
2011-03-07,-0.006256677229572748,-0.006254574723452918,-0.005724763086196711,-0.0044747773365601705
2011-03-08,-0.00015305707491950122,-0.00015111847953949578,0.004328872020409994,0.0012922922132219752
2011-03-09,0.0027261506033019914,0.002729013801090304,0.0014392856387505227,0.0015752665130285633
2011-03-10,-0.013997331302184616,-0.013995969193762966,-0.00779968965299298,-0.008696895641702703
2011-03-11,0.007128991066770583,0.007133671630178616,0.003186692080478009,0.002767124404187941
2011-03-14,5.876540439428975e-05,6.18039030167428e-05,-0.002719408781403706,-0.0012635042983181709
2011-03-15,-0.008652458244947854,-0.0086500866442503,-0.005382392059384196,-0.007108826862017971
2011-03-16,-0.006579009775075811,-0.006573363272526152,-0.007534397860076968,-0.004574137006197463
2011-03-17,0.01602578852819009,0.016030964433867066,0.006504498444153776,0.009191641254762111
2011-03-18,0.0036701781899376932,0.003675488350261974,0.0018885694086542887,0.00262036701528248
2011-03-21,0.008562793534416012,0.008566203212476815,0.007059267306370013,0.0058837444852662775
2011-03-22,-0.00014978582500543811,-0.00014616268863434836,-0.0018582755624629351,0.00016016322089688816
2011-03-23,-0.0005688065245827619,-0.0005675176671522202,0.0011898418568450206,0.0012598419256750109
2011-03-24,0.0034941439421692947,0.003496236707013731,0.0036497038014145816,0.00205231806265632
2011-03-25,-0.003909228238060034,-0.00390701032073626,0.0007651158641358301,-0.0008918574775326752
2011-03-28,-0.003171639104969315,-0.003169187156686685,-0.0013394624548647266,-0.0026269488241815625
2011-03-29,0.0010526848230121403,0.0010541356554803645,0.0028840220739900944,0.0011271014275212174
2011-03-30,0.00656659776458358,0.006568559014597088,0.005529838570550469,0.004953537903372681
2011-03-31,0.0033184244258928487,0.003321080858385408,-0.001837736464956216,0.002626430765489215
2011-04-01,0.0035542407733343074,0.003556750670894196,0.00339724966206169,0.0030221547894536786
2011-04-04,0.0035293583996585777,0.0036144578153277152,0.0013976116867383936,0.0025093156863447105
2011-04-05,-0.0017402016949650595,-0.001738600315889941,-0.0021097314831325775,-0.0004440826238793079
2011-04-06,0.0008326446297264741,0.0008347942171085025,0.00017115989925024403,-0.00011764436340136651
2011-04-07,-0.001664800392507999,-0.0016622324252026427,-0.0014905380279326816,-0.0012999053159529611
2011-04-08,0.006221485020465959,0.006223092168457281,-0.0032418027415337053,0.002433396960291446
2011-04-11,-0.0047978536879564205,-0.004793227259001963,-0.0012926930852864918,-0.00352727946121004
2011-04-12,-0.0012038286300395694,-0.0012008683987549524,-0.0022384191386754233,-0.0034188877950761584
2011-04-13,0.003246253675329498,0.003250116765971004,0.0015158691854867516,0.0025099929319727507
2011-04-14,0.006337988863059338,0.00633957730526554,-0.0008901783047611534,0.0034880855448798606
2011-04-15,0.00729996334382345,0.007302948039837708,0.005130154510869299,0.004739875833816788
2011-04-18,-0.01000194695109873,-0.009999621290030687,-0.0056973378791336715,-0.005449710036092657
2011-04-19,0.008222130998335724,0.008227235309045004,0.003929309977152476,0.0039814441054134685
2011-04-20,0.013836636191628018,0.013839661381977321,0.006505054001199493,0.007979128446567568
2011-04-21,0.00705658908764932,0.007061691724449773,0.003358085255966072,0.0038647542703547674
2011-04-25,0.0020837208395319924,0.002085676941044274,0.0007850185436765739,0.000407644060864269
2011-04-26,0.007609646464441794,0.007610974261644197,0.006862834270146821,0.004325124164186183
2011-04-27,0.006776719187695168,0.0067792326021798134,0.0027683940953471403,0.003267959207710972
2011-04-28,0.006053421237806107,0.0060572132545161994,0.0034769762240279686,0.002639631471661133
2011-04-29,0.0052999372137671205,0.005302519119088891,0.002217045391170774,0.0031446648011633784
2011-05-02,-0.002505527935097874,-0.00250286933108383,-0.0010487006414541557,-0.0013381535904341227
2011-05-03,-0.004294374874145392,-0.004235024319859844,-0.0010976023644183007,-0.004084673505179772
2011-05-04,-0.005912081418591402,-0.005909137738324282,-0.002948892572645994,-0.005046539718648454
2011-05-05,-0.02168645429647567,-0.021682727261315315,-0.0033925373414136852,-0.010801106403415164
2011-05-06,-0.003968551436871203,-0.003955947222139391,0.002830532308248411,0.0003902640360211697
2011-05-09,0.010182390908602477,0.010186226975456233,0.0028982443857471676,0.006273074302240254
2011-05-10,0.003953155879626952,0.003958519646097612,0.0031174205072153067,0.0036049100889919737
2011-05-11,-0.016819254169584835,-0.01681578724949873,-0.004849636479475402,-0.009030270506401632
2011-05-12,0.0015484959849002909,0.0015561169532049062,0.001932462808966399,0.0006757668446471808
2011-05-13,-0.008822746298786916,-0.008821567650403699,-0.00301523987862635,-0.004373695112860784
2011-05-16,0.001173988482718191,0.001178783636995045,-0.0027810130564959574,-0.001016578808090941
2011-05-17,0.002073457191715418,0.002075704819959632,0.0011080220398794996,0.000960641033166167
2011-05-18,0.003682561389384786,0.003684428347965169,0.0029244449276231562,0.0037943023879130726
2011-05-19,0.0030586852945464686,0.0030626947256774456,0.0018387758845132586,0.00014514850676814508
2011-05-20,-0.006126853358782314,-0.006124628067705273,-0.0037423830907213755,-0.0020950068301941894
2011-05-23,-0.012440013188793961,-0.012435036167174129,-0.00630892422603464,-0.006867694802845093
2011-05-24,0.007330055075860308,0.007335734912632681,-6.186690946638266e-05,0.003863333071269006
2011-05-25,0.003093612207467664,0.0030967244457719024,0.0020038100768744955,0.0023046395180913015
2011-05-26,0.011683765931876049,0.011686316723118734,0.004984558133124557,0.005604033527963422
2011-05-27,0.011617299953712738,0.011621634178099848,0.002213641182182332,0.004505684341339461
2011-05-31,0.010224352321956532,0.010228832399877605,0.006775621789542521,0.0058995889909072745
2011-06-01,-0.007757591366267293,-0.007752668456166101,-0.00992369707328172,-0.0066742299947021915
2011-06-02,-0.0014268115444101602,-0.001350244640279959,-0.003029084121989544,-0.0008186922439260214
2011-06-03,0.0067635628518829235,0.006766582034588161,-0.004409091623485466,0.001697652410640372
2011-06-06,-0.00958329858224582,-0.009580645817743726,-0.006576336114528525,-0.006645679529284146
2011-06-07,0.007935898082150651,0.007939311955668169,0.00038183987658400176,0.00422966611216988
2011-06-08,-0.0030036956231011217,-0.0030010600836162154,-0.0016140749857238906,-0.0013408549814093859
2011-06-09,-0.0018462308147182,-0.0018437598481329488,0.0028960295433142175,0.0010935640866588784
2011-06-10,-0.013714990221509855,-0.013712427681672293,-0.007000599745056267,-0.008713434075210313
2011-06-13,-0.00021236717517875205,-0.00020679365354789217,-0.0004191542499378271,-0.0015465624136403475
2011-06-14,0.00312689840893908,0.003128924277305354,0.004283750127338583,0.004256455093352986
2011-06-15,-0.013390942771383524,-0.013387206776814826,-0.006281485580620125,-0.008524000242733682
2011-06-16,0.0027736680545646215,0.002781139957252214,0.0024357063909440767,0.0005748594907133927
2011-06-17,0.006814232240940207,0.006815730682270833,0.001468501740908489,0.0027157122914584705
2011-06-20,0.0008240923549014987,0.00082696158647656,0.0023970419202311057,0.00048821230212714727
2011-06-21,0.009410982681210739,0.00941256681258236,0.007582678010593251,0.005682436545286649
2011-06-22,-0.004411735092361672,-0.0044077713848848735,-0.0037627114679216617,-0.0021501812158184227
2011-06-23,-0.007955823586088668,-0.007953706917110382,0.00041263187100207656,-0.0057683602869348
2011-06-24,-0.007044263269894029,-0.0070397191228498005,-0.005183912984825713,-0.004197670148187278
2011-06-27,0.0009254412807504753,0.000928950050163005,0.0036603090236862583,0.0006813646758248831
2011-06-28,0.004106542049132424,0.004109409051955216,0.003980036811137488,0.004428823467601457
2011-06-29,0.007250844101938855,0.0072545431315438,0.0027093885647126855,0.0053999278448368625
2011-06-30,0.00364509210691155,0.003648587901893463,0.004382195215377334,0.001676409343268299
2011-07-01,0.004754293151152556,0.004757163152610947,0.007942982860599149,0.0039050347970069656
2011-07-05,0.0020080790807349993,0.0021611769372720364,0.002021630174755451,0.0031377952926433883
2011-07-06,-0.001159247188205243,-0.0011568581847540334,0.001426543484395245,0.0009896304242004049
2011-07-07,0.005167987117779294,0.005170036588444887,0.004659594471684932,0.005337641180873091
2011-07-08,-0.0008021596673049534,-0.0007992337925753824,-2.5340486423864225e-05,0.0002547583364849165
2011-07-11,-0.011709278498251917,-0.011706573324742316,-0.007722599350470046,-0.00619965565038736
2011-07-12,0.002214633876638638,0.002220715039542039,-0.0019691046719388485,0.0012244792079271194
2011-07-13,0.00847535106207578,0.008477315945889772,0.002646117056001364,0.005173012245913935
2011-07-14,-0.0034012882721162854,-0.003398187548070917,-0.006419178778142301,-0.005541892728295799
2011-07-15,0.0051756862069047395,0.005177260388597598,0.0051101435162063565,0.004182296970799746
2011-07-18,-0.0025772192235777227,-0.0025758483218326802,-0.005092097190183348,-0.004287432157727714
2011-07-19,0.0030872345027663337,0.0030891027050776146,0.011109330104753548,0.0069058559672240845
2011-07-20,0.006257438898737161,0.006260461125804079,-0.00235935766344548,0.0021396577524105728
2011-07-21,0.007467087523804472,0.0074692504076825554,0.0059601506176570835,0.003247361180984824
2011-07-22,0.0020989490553389124,0.0021026740553249596,0.001934606057176168,0.0031162870228009887
2011-07-25,-0.00048773328656987966,-0.00048654617308418276,-0.0046086935695367195,-0.0030321406629195335
2011-07-26,0.005364133708869395,0.005365740171528994,-0.000517910607157631,0.0032946190037405673
2011-07-27,-0.012354428949135186,-0.012352888611770899,-0.012826267120858277,-0.009485223386080056
2011-07-28,-0.0007356391854881399,-0.0007313141153691855,-0.0009134783948610068,2.1848552421714338e-05
2011-07-29,0.0040602354579665715,0.004061338922068518,0.0009673260788301261,0.003676370104476082
2011-08-01,-0.006125878595939317,-0.006123299004343752,-0.000967384515843729,-0.0023744725474981916
2011-08-02,-0.0025597851273737654,-0.0024856050819021197,-0.011650250652335999,-0.004792696177312583
2011-08-03,0.0016049833990198136,0.0016105171796296984,0.003529670111787695,-0.0007528236102925925
2011-08-04,-0.027207811406378166,-0.02720587325388018,-0.022372641879370814,-0.021398473030626183
2011-08-05,-0.002056645172823751,-0.0020462239557965164,-0.005757046756697294,-0.0032947803902691813
2011-08-08,-0.016355504517500542,-0.016350850375784112,-0.03111424190003658,-0.02147907490868744
2011-08-09,0.03107034385986417,0.031085193821984144,0.028586500422600695,0.02477507587504879
2011-08-10,-0.0056449624204799684,-0.00563351101936073,-0.019481464827381056,-0.007059731726654723
2011-08-11,0.004808897613980008,0.00481744280641702,0.018385786277943635,0.009128770724325854
2011-08-12,0.005471252832472711,0.00548012279100745,0.006827747166409791,0.003724241129038693
2011-08-15,0.0130337139688281,0.013036050263312624,0.010465304813132272,0.009817474372948803
2011-08-16,0.001767945710999511,0.001773002953272154,-0.0029692645246026015,0.00021815675800149887
2011-08-17,0.007914193286915405,0.007916364284126036,0.003377919678169563,0.005138659978949279
2011-08-18,-0.013118217304193968,-0.013116203809225523,-0.022381807085204097,-0.01340180854381663
2011-08-19,0.00011780480932398015,0.00012646337100202646,-0.008665224483377927,-0.0012883493520923963
2011-08-22,0.0022414105451566933,0.002244642669234434,-0.00037163823431802655,0.0026696186652658215
2011-08-23,0.0042228519939629386,0.004225064566847234,0.016474077737526824,0.0052874346680387594
2011-08-24,-0.011857050528121601,-0.011851152819435065,0.003268344787856331,-0.0072156436418358465
2011-08-25,-0.005084677943533732,-0.005079737761518568,-0.006051289160092271,-0.004522900640164595
2011-08-26,0.016995553091858278,0.01699913335013657,0.009602897301981436,0.011421857010533396
2011-08-29,0.004035071000325227,0.004038972844594547,0.013469580264244383,0.005819233023946413
2011-08-30,0.008461467943054846,0.00846666976677085,0.004446384671188286,0.006715730509700986
2011-08-31,-0.0005875419947113295,-0.0005842870805296456,0.0010324404644999347,0.0017957471988809066
2011-09-01,-0.001835647867182015,-0.0018330412846777535,-0.002676952010219745,-0.0018286824967413014
2011-09-02,-0.0003733290938106972,-0.00026010472030061835,-0.011670539956285942,-0.002784813406939414
2011-09-06,-0.009370342185012938,-0.009366960032792929,-0.003773509674011435,-0.0050754206639575215
2011-09-07,0.00509782887515151,0.0051010809929539665,0.01443077451538511,0.007186446844777946
2011-09-08,-0.004785159519093614,-0.004781245814745609,-0.00424052047710096,-0.0029836262927567412
2011-09-09,-0.011396165156378781,-0.011392795764169992,-0.013584367253637238,-0.012124041659614265
2011-09-12,-0.0018444480766234522,-0.0018398598425278046,0.002529980496269134,-0.0018639992229395681
2011-09-13,0.002156247857824989,0.002157603613277249,0.004179511746992201,0.001477169864709056
2011-09-14,0.003217615668142415,0.0032191881283507705,0.008421006215760597,0.003022817455334636
2011-09-15,0.002685614657847638,0.002687170429372454,0.007236024579418001,0.0032630121634562317
2011-09-16,-7.911533455341446e-05,-7.621020004002795e-05,0.0043212418273673074,0.0024639929366129026
2011-09-19,-0.0056201549846198896,-0.00561859427076881,-0.002731509235042776,-0.008101800891419942
2011-09-20,0.0014425394602457006,0.0014463389657346397,-0.00015872834207001225,0.0012541692327943418
2011-09-21,-0.00936666256182318,-0.009365756635375299,-0.015842692997376475,-0.01212711232265006
2011-09-22,-0.01045470986400872,-0.010450110405439902,-0.015190520394405195,-0.013694045905899217
2011-09-23,-0.006514687460854017,-0.006508079185126113,-1.1238628600354332e-05,-0.0053763991566336405
2011-09-26,0.0010490711587651334,0.0010526971168764243,0.01208164087105474,0.0033039349300671376
2011-09-27,0.00530774274604776,0.005309728583126767,0.0038330435395940326,0.007041188259204555
2011-09-28,-0.009607367139874198,-0.009603892486718443,-0.0120221600306374,-0.012463218229327755
2011-09-29,0.005329070214229104,0.005333339046339607,0.0046412514108575545,0.007207466432779477
2011-09-30,-0.011349257961196957,-0.011347172658679653,-0.01213368303585921,-0.011998813585976594
2011-10-03,-0.0034950101601575936,-0.0034894760779588963,-0.012684556063891957,-0.00537733584619885
2011-10-04,-0.005594187270710186,-0.005236667352475627,0.011105047540558743,0.0049188755009091185
2011-10-05,0.0005400102144643201,0.0005450971437488913,0.009581185748477963,0.005784623825973329
2011-10-06,-0.0005869965139991482,-0.0005832158356045259,0.008362544394705473,0.01036571981869871
2011-10-07,-0.006268941200242672,-0.006262343435783419,-0.006121349710306287,-0.007753057671404451
2011-10-10,0.0027843792724144053,0.0027868924113947863,0.016620159162729558,0.01846092885251236
2011-10-11,-0.0005597506023806704,-0.0005493045754000542,0.0018609490737405792,-0.0017284514776809096
2011-10-12,-0.006172831916183381,-0.006170535454212471,0.004230358241383143,0.005234200167551204
2011-10-13,0.004282878127198128,0.004287983501507486,0.00022794564679798416,-0.00036295115926323566
2011-10-14,0.000525727551607894,0.0005282565218594755,0.00890014801028892,0.007849349426173474
2011-10-17,0.004454165575296657,0.00446015615766077,-0.009698797815018288,-0.00931357393274965
2011-10-18,0.0010157317400032206,0.0010221812115566815,0.01186542752312957,0.00871075424574445
2011-10-19,-0.003161961934181622,-0.0031584760261042233,-0.006909714723469214,-0.008717131403974501
2011-10-20,-0.0012590068243923335,-0.001254981238727961,0.0019964660399517512,-0.0027150203401146294
2011-10-21,0.004598473004967473,0.004600261254498323,0.011291874756381801,0.011354709063332512
2011-10-24,0.002915263393677095,0.0029204666069256673,0.007611815028894211,0.011421933062695188
2011-10-25,0.009667921553210794,0.009672101661478246,-0.009313758215922086,-0.0017131319502121148
2011-10-26,-0.006293946478004641,-0.00628709917542046,0.0037137852748141322,0.0029683682839438483
2011-10-27,-0.0027265607834937454,-0.0027224921534562303,0.017757285747300598,0.020374995371658315
2011-10-28,0.00506977941206298,0.005083021373085779,0.001968161662113039,-0.00032439179727636693
2011-10-31,-0.001563277873631504,-0.0015600764957392653,-0.010793088782712708,-0.014325305349484702
2011-11-01,0.003079846085175661,0.0030926984907581542,-0.013393524670425493,-0.009120363627150204
2011-11-02,0.0012337021112765374,0.0012725595197911363,0.008816026524296599,0.007252537521519617
2011-11-03,0.0006594603645400472,0.0006628242321912987,0.009157043106238189,0.00719948060020066
2011-11-04,0.000682938444049769,0.0006873945482990214,-0.002556979024619517,-0.003109526302905641
2011-11-07,0.006663494185787561,0.0066656056964978045,0.004229034018183491,0.006188227546618208
2011-11-08,-0.0008797526944064836,-0.0008761854021484864,0.006048761872958822,0.003103639858587521
2011-11-09,0.0012482813603016472,0.0012519629792955202,-0.019196544913059454,-0.01859602927773199
2011-11-10,-0.0039769208054673474,-0.00396601685304628,0.003725238774379527,0.00036206286212265383
2011-11-11,0.004144803009327388,0.004147521946874178,0.009575050806059972,0.010758602145983684
2011-11-14,0.002207681668395161,0.002213204503482405,-0.0033510692533711963,-0.005060625976361278
2011-11-15,0.00116358624294183,0.0011684159970985612,0.002471996323742449,0.0018438132126091442
2011-11-16,0.002254140128304202,0.0022565171509925,-0.00822850482022697,-0.0065840214283285564
2011-11-17,-0.005401911472379628,-0.005398634379600636,-0.008795650722394226,-0.009857453301530763
2011-11-18,-0.0012409565879294023,-0.001235366199142916,-0.0021300004073519165,0.0009915505934324595
2011-11-21,-0.0024911582941758363,-0.002489751554215231,-0.010307300167823066,-0.011214600759406893
2011-11-22,0.0038273927141885254,0.0038316127430042487,-0.0011010199577335302,0.002223276954664071
2011-11-23,-0.0024154197116615875,-0.0024131577531642124,-0.011697918762363257,-0.010812982865205607
2011-11-25,-0.007038523149140467,-0.007032414969518591,-0.0037364006540221823,-0.004599041127182462
2011-11-28,0.0009613257023910347,0.0009637844807235446,0.01707651969484614,0.014944798386372497
2011-11-29,0.0017639771406009017,0.0017692462816946207,0.000913848480193252,0.000551290062906363
2011-11-30,0.0015398443430589615,0.0015421405123747984,0.02217556888117705,0.018987929420476207
2011-12-01,-0.002214745562073621,-0.0022069421511049995,-0.00021498928526155156,-0.0028917305657752404
2011-12-02,0.0014650205073450091,0.0016514640667796986,0.0012437847880496494,0.0016875027632169072
2011-12-05,-0.0025301936103445883,-0.002527758986794862,0.006289661524734266,0.002447507226791431
2011-12-06,0.0010816798555077028,0.0010847224555054265,-0.0008442239320961089,-0.002009063656367805
2011-12-07,0.0026786384130377083,0.002680454094387431,0.004042288510069985,0.002896497899325602
2011-12-08,-0.003315489153107174,-0.0033131033670402684,-0.01118153046326966,-0.011780205564835531
2011-12-09,-0.0015759542833810002,-0.0015702193468540805,0.00730584671401756,0.0057269500431326795
2011-12-12,-0.008727754513709742,-0.00872342875981465,-0.007397839526955971,-0.0119275234358779
2011-12-13,-0.006122271753012473,-0.0061160933626018136,-0.0037215193860842626,-0.004518827029810275
2011-12-14,-0.0062722263826842225,-0.006266811115051999,-0.004613473251554302,-0.006999625188530502
2011-12-15,0.0009952878813668422,0.0010023984240560614,0.0017798669992726574,0.0017927169449810888
2011-12-16,0.009669674433854133,0.009671846738559848,0.0028575525594961904,0.005326130173357506
2011-12-19,-0.00035753347657678785,-0.00035357116754085,-0.0049136284758053116,-0.004161242689962735
2011-12-20,0.003676131125430179,0.003679067237365491,0.014011625958160629,0.012084590894130118
2011-12-21,-0.0030006171722103867,-0.0029930143505406434,-0.0001556923057356597,-0.0014597125121459306
2011-12-22,0.0006886472399619784,0.0006905405878721316,0.005790154247859974,0.0041125375101274545
2011-12-23,-0.0013128738986063666,-0.0013111356962243153,0.0037134063046699293,0.00145821427733726
2011-12-27,0.004219770820474862,0.004221952868356859,0.0007003515042796044,-0.00037945633441591355
2011-12-28,-0.005631793106719419,-0.005629689680421352,-0.0053901173718237634,-0.00641352669709324
2011-12-29,0.0024759875465792023,0.0024816857139146834,0.006671696459372838,0.004984062860172445
2011-12-30,0.00409953906848169,0.0041013055752944765,-0.0015418315631821461,0.001465541876195944
2012-01-03,0.007467871574626018,0.007470602929359291,0.006972138382077487,0.010533474354919414
2012-01-04,-0.003653984326090824,-0.0032660454277200937,-0.0003181024292540821,-0.003028481547162057
2012-01-05,0.004843457678281341,0.0048471899622127244,0.0016762630725172848,-0.002122600545904582
2012-01-06,0.004067678605799931,0.004073429350779838,1.0684371229287702e-05,-0.001662593998353237
2012-01-09,-0.001855862741812512,-0.0018533520799234391,0.0015317807187006753,0.0009538821216763711
2012-01-10,-0.0007441144261446441,-0.0007421975906096064,0.004409886626177969,0.006585193836852639
2012-01-11,0.006138173684807925,0.0061411900584815975,0.002635373048702537,0.00240299551181856
2012-01-12,0.0008500142626674338,0.0008530870416777139,0.0006129297642525014,-0.0005482583325290006
2012-01-13,0.0035584235782756698,0.00356196543358646,-0.0013466522978294035,-0.002060593508458115
2012-01-17,1.5228807129482025e-05,1.9231371344418193e-05,0.0027082086572344,0.00590754600228664
2012-01-18,-0.003355298995297623,-0.0033524386898182703,0.005405943938905237,0.004857343788022237
2012-01-19,-0.0077038883710571545,-0.007699277944968478,0.0008289435381889623,0.0010106114632285603
2012-01-20,0.001300014193893571,0.001304887346336485,0.0009154681478249955,-0.00014992379458948462
2012-01-23,-0.004141373861321375,-0.004138973149484905,-0.0024309316389768136,0.002584923708128094
2012-01-24,-0.002566303436023654,-0.0025619066398549087,-0.00024432654745048995,-0.0008202431092795458
2012-01-25,0.003801074173325481,0.0038036798184357488,0.006967751293501398,0.00768687534821654
2012-01-26,0.005515987114465612,0.005519786883755367,-0.0010404880721016187,0.0023128316311598297
2012-01-27,0.0039376178202064705,0.0039399766743819595,0.0009167140619373049,0.003511053458684612
2012-01-30,0.006978113379502519,0.0069806683321960526,-0.000728679213065182,-0.003490342042608071
2012-01-31,0.004364474076345939,0.004370235747398296,0.0012610423573197285,0.003612191637265068
2012-02-01,-0.004618822036275862,-0.004616557149793343,0.003908091345357283,0.004379179525902711
2012-02-02,0.0012787962552867466,0.001313405991272266,0.00151581876955092,0.0019148412813629748
2012-02-03,-0.011251839782132485,-0.011250959210011626,0.005244337186815568,0.0016934433126087399
2012-02-06,0.0021074082626488006,0.00211583317988647,0.0006805503695675049,-0.00037313334394322193
2012-02-07,-0.003720795095186832,-0.003718712439093939,-0.0010203995377682984,0.00035910916826860075
2012-02-08,-0.003074415974477726,-0.0030709504058732706,0.00198713416474188,0.001137473994299355
2012-02-09,-0.007086842058448306,-0.007084309495051735,-0.00013554318412736392,-0.0015135206554073477
2012-02-10,0.0072442688392935165,0.007247873109125113,-0.002282803526780648,-0.0051703959462883215
2012-02-13,-0.00023640533127086292,-0.00022980821505432848,0.004238228250035081,0.004655180193411653
2012-02-14,-0.0014069722187648437,-0.0014049539569641546,5.9758582932532695e-05,-0.0030599474254762522
2012-02-15,-0.0012978627119081495,-0.0012950451720938733,-0.0025255235574568745,8.360464104719117e-05
2012-02-16,-0.005373759449682919,-0.005371673506015856,0.004896941689202191,0.003074365571145813
2012-02-17,-0.0030147571904986536,-0.0030103038606529658,0.0011987706862334492,-0.00026563960188817805
2012-02-21,-0.005420164259657891,-0.005418235623286185,-0.0011479568231895507,0.0003283048961720142
2012-02-22,-0.0005293273559546698,-0.0005237982620874989,-0.0004391197938207122,0.0017246290077616079
2012-02-23,0.0020243932074187226,0.0020278293099015494,0.0032434704863140568,0.0031676191833553695
2012-02-24,-0.005833598306143145,-0.005830894835881238,0.001634702956250142,0.0017333593265792444
2012-02-27,0.007088349030295956,0.007093293486835935,0.002323747305464586,-0.0010583642452347938
2012-02-28,-0.001447861576679923,-0.0014430641078553182,0.0019618393564555083,0.0026360502388416683
2012-02-29,-0.010847660940080783,-0.010845046329000385,-0.003947073318607039,-0.00922212286856417
2012-03-01,-0.00328822575490961,-0.0032826324087702114,0.0018965388636769157,0.004659529393937515
2012-03-02,0.002338566552412746,0.002399999169638672,-0.00022746487246480846,-0.0021387606542471556
2012-03-05,0.00273862713214773,0.002742751368352292,-0.0032442184276243575,-0.002856525394596521
2012-03-06,0.008055791805922415,0.008058939233109989,-0.00705470143150115,-0.009458249795062355
2012-03-07,-0.00305165054886956,-0.0030434493351663462,0.003363609840966046,0.0031835725468725737
2012-03-08,-0.0077818375413819,-0.007778797394749263,0.004728600930232059,0.004331355055329631
2012-03-09,-8.519963707389378e-05,-7.954287695592611e-05,0.0020063767848084667,0.00035257178915894607
2012-03-12,0.00211508711371215,0.002118497695949112,-7.096345163083232e-05,-0.001121652038198465
2012-03-13,-0.006915706925006903,-0.006913851018471381,0.007939935965725583,0.002927491753108117
2012-03-14,-0.008146803005614255,-0.0081404257311644,-0.005167870658912466,-0.00863425077748504
2012-03-15,0.0008278858796912303,0.0008312200286850703,0.0034055879363299067,0.003306131721717531
2012-03-16,-0.0006197446114115462,-0.0006178630698673019,0.0007295401779883044,0.0026368195923171804
2012-03-19,-0.0009144914301657021,-0.0009115095812248304,-2.628046143346653e-06,-0.00042526267154538184
2012-03-20,0.002626441730224549,0.002628979076650009,-0.001593697053978959,-0.004925732883079872
2012-03-21,0.004596681933106122,0.004600503888152432,0.0009771592349707362,0.0008463772619144675
2012-03-22,0.0030433003753917312,0.003045916938030241,-0.003900588525947263,-0.0037690341158866784
2012-03-23,0.002418599137444331,0.002422808206827896,0.003415090271234923,0.005544670058349426
2012-03-26,0.00011840209433143493,0.0001209512927992755,0.008074615289282352,0.00612992594552475
2012-03-27,0.0017091072676568523,0.0017134736592957027,0.00024968387649763554,-0.0014727928054324292
2012-03-28,0.0021648992663556963,0.0021675130295229074,-0.0037017358083677593,-0.004538892695148136
2012-03-29,0.00652677459153699,0.006529992778364288,0.0005880629735203995,-0.0009161646958532236
2012-03-30,-0.006048012672009693,-0.006043629613999201,0.0005807024958662529,0.001848553925289347
2012-04-02,0.00264259112637546,0.0026476433363440965,0.005392892136381765,0.006488911694198888
2012-04-03,-0.003476802510904166,-0.0032797004744059403,-0.005398865064228432,-0.00801935145631512
2012-04-04,0.008555510768687017,0.008558677210461777,-0.003930468875982671,-0.00653556789374584
2012-04-05,0.0038443047208671474,0.003852146837006528,0.0014959554335059679,0.001439687515450914
2012-04-09,0.006102407771911739,0.006104414126260839,-0.002558954688534227,0.0005128253925564918
2012-04-10,0.007066259969677676,0.007071347012191809,-0.008002496365191927,-0.004767107688216957
2012-04-11,-0.0035492578968541358,-0.0035421131240943983,0.0031214998962406293,0.0024448219409554865
2012-04-12,-0.004789027167184082,-0.004785569974548436,0.006862117516283079,0.007758918397981557
2012-04-13,0.008373336875791093,0.008379525998570767,-0.004581566864706823,-0.004552594778446489
2012-04-16,0.002334097955421218,0.0023409097221030054,-0.0005047646181722789,0.000774631626634663
2012-04-17,-0.0009763193260891733,-0.0009729487737794565,0.008272868822217366,0.003981164340828071
2012-04-18,0.00024021739613807995,0.0002428688602632719,-0.001183120952439214,-0.003188770855763848
2012-04-19,-0.0010221854838897745,-0.0010198671142686222,-0.0033227369275118704,-0.0015186619421662596
2012-04-20,-0.002512630333473543,-0.0025114406656046987,0.0010209415971511595,0.003210885670902027
2012-04-23,0.005220640614093587,0.005223934556181193,-0.0041304538898646785,-0.004385270926791774
2012-04-24,-0.001235918992080116,-0.0012315614881519884,0.0011688698392372573,0.0016033791646766938
2012-04-25,-0.0007805477837678965,-0.0007782478366479292,0.007537031905023766,0.004330291865697554
2012-04-26,0.003400484558701399,0.003403411124002114,0.005480012413989354,0.004214816309638641
2012-04-27,0.0022888238622086198,0.002290057812573058,0.0013967325627028228,0.0024332149974069417
2012-04-30,0.0010950341522137379,0.0010964157542266372,-0.0018467303813071334,2.7715159132709683e-05
2012-05-01,-0.00035910864558946873,-0.0003575807778738087,0.0029333227545349635,0.0012541474706641023
2012-05-02,0.005861241669715492,0.0059170231969512535,-0.001034438473190383,-0.0023498821176176784
2012-05-03,0.000738867275977647,0.0007437381328861794,-0.004605077665379566,-0.004362674499704895
2012-05-04,0.007994781778151853,0.00799719446652566,-0.008042888418391297,-0.005142174234031842
2012-05-07,0.0008601201867160764,0.0008668572710447435,0.0003146611358259966,0.0010471826720090671
2012-05-08,0.003783973135369659,0.0037853604928534037,-0.0014529383035699497,-0.004711031036467781
2012-05-09,0.00443250407093021,0.00443616176628869,-0.0031583575039951,-0.0042468604327171216
2012-05-10,-0.0016468029139009518,-0.001642855067935317,0.0006345246230620077,0.0005089656755531667
2012-05-11,0.005089529985950053,0.005090826213621342,-0.00042622148678769084,-0.0019564673907443483
2012-05-14,0.00704471140071283,0.0070483147668753375,-0.004693484244661671,-0.006618333518037318
2012-05-15,0.0029829493734042775,0.00298979542315361,-0.0032421868869240544,-0.0036080615254532405
2012-05-16,0.0016346590270873793,0.0016383180917281706,-0.0019198610025311074,-0.003325556163994503
2012-05-17,0.004691037910547078,0.00469322783595226,-0.007073330807988873,-0.0011656489542308489
2012-05-18,-0.0022759103291292203,-0.002270041071258335,-0.005220777100296457,-0.002030675527307393
2012-05-21,-0.003929655458535779,-0.003927087439935404,0.008787354883058629,0.007757111349371522
2012-05-22,0.0038346045147529774,0.0038397523762384225,0.00010885544060894645,-0.005731521538746622
2012-05-23,0.008356873404179812,0.008362510424441702,0.0014044133477405865,-0.0010306070108007828
2012-05-24,0.0027089995364307003,0.002713841865430815,0.00024214540684508503,-0.0013744988297573898
2012-05-25,0.0020207512576922264,0.0020228729929455836,-0.0006760966300463547,0.00028272181644583617
2012-05-29,-0.000646528388284539,-0.0006449756142496864,0.006677262503085988,0.004029320074150746
2012-05-30,0.013348654292286051,0.013351402530971779,-0.004503000628465519,-0.004195758199717807
2012-05-31,0.00557152286742662,0.005581038184426635,0.0003664390577837229,0.002737371975663511
2012-06-01,0.008533403565267342,0.008536276468453122,-0.010867144183984519,-0.00344331165223841
2012-06-04,-0.00963362862966607,-0.009577399690303152,-0.0025954899742843245,-0.0004350680696677763
2012-06-05,0.0011924789860197794,0.0011976341359715334,0.0032315233538839096,0.0011321644832612166
2012-06-06,-0.013773199828718231,-0.013769755861409801,0.010970176224996228,0.008237968451940025
2012-06-07,-0.0023556959763452695,-0.002344118658468188,0.0013081515325665419,-0.002064260395608405
2012-06-08,0.0073635593615804795,0.0073660999139368594,0.0051422238072682995,0.0014549173119141922
2012-06-11,0.003007563943165773,0.0030114235566529152,-0.006729645951561492,-0.00635592454053576
2012-06-12,-0.005054990248195265,-0.005049829949083331,0.004890431157793145,0.005033373755094306
2012-06-13,0.0021883910282907374,0.0021931697788725086,-0.0018651318091446871,-0.0008466795809033236
2012-06-14,-0.002404126490076143,-0.002401063816322437,0.005414160597241816,0.004764234714562274
2012-06-15,0.0011850876740141928,0.0011891033372004912,0.008059086411111232,0.006044263970161672
2012-06-18,0.00394250123356338,0.003945474278343141,0.0010827459571455143,0.0007548932038749037
2012-06-19,-0.010277676468385628,-0.010274916260797509,0.0046288113986049486,0.00356134090375365
2012-06-20,-0.0002310310599415186,-0.00022347051169704533,-0.0017811578005502875,-0.002357056327898881
2012-06-21,0.006128441391021341,0.006131212356599377,-0.013046019362210235,-0.014151170096959455
2012-06-22,-0.0054111004385661784,-0.005400482163329344,0.0030218498316027255,0.0013208008271227284
2012-06-25,0.008720301285334213,0.008724532183776832,-0.0077445228854863294,-0.0018608479104465362
2012-06-26,-0.003523489413551411,-0.0035184248512843937,0.0021951717443538833,0.0016026543891028864
2012-06-27,0.0008158697229831404,0.0008188784106560134,0.006051019877510585,0.003358831024952784
2012-06-28,0.00421391072161024,0.004215887658742621,-0.0004971323325095926,-0.0007172116438326115
2012-06-29,-0.017527437459363474,-0.01752385804051866,0.013454646747475072,0.016824057191431895
2012-07-02,0.007696896052187361,0.00771495195666371,0.0036302710799691247,0.0031699897327307205
2012-07-03,-0.0067380243888983445,-0.006652707714189838,0.0029509219227044537,0.0064820953596171045
2012-07-05,0.009665628021642458,0.009672063384290506,-0.0016497751675887257,-0.00384224988996366
2012-07-06,0.010570339573547858,0.010577345340580982,-0.004305057543984645,-0.0051848772669688984
2012-07-09,-0.0006669124182884159,-0.0006592135844694742,0.00036122924981839575,0.0023280676436982684
2012-07-10,0.0027328647009534236,0.0027353339438213695,-0.005015589779998125,-0.005377316834890453
2012-07-11,-0.0018733527286577951,-0.0018696214968652713,-0.0002847520303946043,0.0021261739357209975
2012-07-12,0.006002137427277085,0.006004228702459675,-0.0019489571827785558,-0.0013406991072181735
2012-07-13,-0.0024519580181257333,-0.0024488958057623557,0.009607306641628234,0.007174178575267022
2012-07-16,-0.00023248225422145143,-0.0002283923416165156,-0.000521709521263957,0.0020453075326954747
2012-07-17,-0.003533616014686361,-0.003531361954516402,0.003055388729159315,0.001323146950746404
2012-07-18,-0.0005091127511745546,-0.0005067235301103293,0.004833751824082387,0.0015377586236629398
2012-07-19,-0.004070113959717788,-0.004068286319429886,0.0009842352856757526,0.002076909650222974
2012-07-20,0.010341571568763227,0.010345175836119299,-0.0039184774719543455,-0.0030986897917260592
2012-07-23,0.006946637892461109,0.006952819671052813,-0.005379871888785555,-0.007421584590494146
2012-07-24,0.0059943536397983575,0.0060007610725614806,-0.004329525015129532,-0.0016251768838049959
2012-07-25,-0.00270536683670735,-0.002701653431807905,0.00035455431269567706,0.003260438797660278
2012-07-26,-0.00925590433438128,-0.009252674207107585,0.008502313677510497,0.006500777004432497
2012-07-27,-0.008403770249604923,-0.008397086775362642,0.008086265544308042,0.005607951639567519
2012-07-30,0.004779297407633606,0.00478591586170746,0.0012758689778168066,0.0014115162950039887
2012-07-31,0.00018133290069214742,0.00018324420385783949,-0.0035176150494178188,-0.002927990901818903
2012-08-01,-0.0015926239810508047,-0.0015903900884100086,-0.001982989368499346,-0.0021372361966582563
2012-08-02,0.004894359593954853,0.00517388828018043,-0.0031860471286277317,-0.003142949213123619
2012-08-03,-0.014719924543134586,-0.014716575925794362,0.009750883155255324,0.008710065514105457
2012-08-06,-0.003962806027653471,-0.003952798535199826,0.0014230959223863202,0.0027645794057994224
2012-08-07,-0.004754035864065374,-0.004750753210169057,0.000947666799743464,-0.0009851776698095237
2012-08-08,-0.0019231624256115796,-0.0019203010967355954,0.0001869503731032277,-0.0005143516901062296
2012-08-09,0.00029745744294651686,0.0002991188171748745,0.0002266569313402392,0.0008556709089219333
2012-08-10,0.00025318676964096275,0.00025490443160619525,0.0021234200991269046,0.0013941951176628987
2012-08-13,0.0016760529105288003,0.0016774709479474503,-0.0005560520457093441,-0.0029366028913526405
2012-08-14,-0.0018098538294987606,-0.0018076297813342285,-0.0018430483476247546,-0.0024800956910020185
2012-08-15,-0.0019169518707438324,-0.0019154226145169896,-0.001277953331141541,-0.0007235837996291897
2012-08-16,-0.004007121513541797,-0.004004917061841353,0.0035506500144337535,0.0030543913430667014
2012-08-17,0.0031169438584596897,0.0031202168617817235,0.001290814340880017,0.0002836696520213722
2012-08-20,-0.0018437700033482427,-0.0018420641270317521,0.00026156236867548745,0.000729568804132836
2012-08-21,-0.006587104261912694,-0.006585546077330767,-0.0015245107177937981,0.003002454621840724
2012-08-22,-0.0019521727387769073,-0.0019470838623409424,0.003277737052187242,0.004302550773010714
2012-08-23,-0.0008070334159092291,-0.0008030661415520384,-0.004297025366561074,-0.001384109253911583
2012-08-24,0.004211579906577834,0.004213537569447735,0.0034854166517081634,-0.00015072175780316406
2012-08-27,0.0046635969284024,0.004666320623944618,0.0011443650748352624,-0.0007110935365195331
2012-08-28,-0.002504540169721866,-0.002501796791550099,-0.00045678466943824763,0.0008231899627722551
2012-08-29,0.0023864120148232144,0.0023886257317549593,0.0002193160042324945,-0.0018725853025900786
2012-08-30,0.0034436939213067378,0.0034457117945576547,-0.0036583454447533144,-0.0025555166413313364
2012-08-31,-0.0047119707428000725,-0.004709627859971684,0.005436214655061319,0.007693958082694767
2012-09-04,0.0015759551791191713,0.0015819918959532955,-0.0014601979388283147,-0.000660089624282248
2012-09-05,-0.001392481941340237,-0.0012649796048894565,-0.0006605388370344358,-0.0017840844771472024
2012-09-06,0.0004401087929231746,0.000441074139806459,0.009448126430508625,0.0045422430623274605
2012-09-07,-0.013272619696195132,-0.013268273497738238,0.002870628070550472,0.007657128967496947
2012-09-10,0.001334247324982013,0.0013452811559312042,-0.0032665023038841233,-0.003490465940672638
2012-09-11,-0.007005441768154971,-0.007002921337981312,0.000956034831384614,0.0031475994230974096
2012-09-12,-0.0031952046700673346,-0.003189722453536013,8.852510416349768e-05,0.0004646131219155309
2012-09-13,-0.005175499343948969,-0.005172710659287831,0.01040302174254359,0.009410497165312105
2012-09-14,-0.007877514719611413,-0.00787007196216388,-0.0009375523654208644,0.0005951826880063336
2012-09-17,0.008761093121682663,0.00876763906697188,-0.0012938223416505178,-0.004634200822033351
2012-09-18,0.0010497515871010956,0.001057834631998674,0.00047534570008409005,-0.0009101664441241852
2012-09-19,0.0003152501995812691,0.0003181229534892978,0.0012384796413436388,-0.00021133788472264584
2012-09-20,-0.00012212757404794127,-0.0001195465179780978,0.0002581665429321284,-0.0020166842306505984
2012-09-21,-0.0018953947215312186,-0.0018925321005308633,0.000574786446128151,0.0016244393395062541
2012-09-24,0.003699462201390235,0.0037015191424283134,-5.58384207693123e-05,-0.001378488020803346
2012-09-25,-0.00011782002680408268,-0.00011453419473950437,-0.00505450279246534,-0.003210159370048942
2012-09-26,0.00407813800302608,0.004081024287716106,-0.0017813777208769872,-0.001805094893354154
2012-09-27,-0.005797611438691562,-0.005794112122496423,0.004861516502845349,0.0057667151927500585
2012-09-28,0.0008256879013153072,0.0008317185536897763,-0.0028156970856108073,-0.0031905363143858298
2012-10-01,-0.0017375645696794282,-0.001734833551841888,0.002330786269845561,0.0021866133321447436
2012-10-02,0.000603005897239328,0.001053785834015315,0.0003628191503534532,0.0005229280418785703
2012-10-03,-0.0007409132202609151,-0.0007392571778006831,0.0028566227611030556,-0.00199312977069893
2012-10-04,0.00396811158083973,0.003970563203215801,0.0027288033254389546,0.0040175205013328035
2012-10-05,-0.0034569178704134656,-0.0034526692558576625,-0.0017555383240885941,-0.002523727631664824
2012-10-08,-0.0020875759315332858,-0.002085811608376119,-0.0007851896727148527,-0.0012067999324179546
2012-10-09,-0.005779854707486035,-0.0057778833236527775,-0.006773734027115279,-0.003490369793585382
2012-10-10,-0.00012481611349185077,-0.00012145190766809223,-0.0028762332220376437,-0.000293232045571061
2012-10-11,0.005319079018905422,0.00532068107862027,0.0007047854443199722,0.003183452891918326
2012-10-12,-0.004068295839508893,-0.004065345429933427,-0.0019276386883521,-0.0026913698351680696
2012-10-15,0.0027254347482124726,0.0027276685202241484,0.005094674615636365,0.0009220033172905982
2012-10-16,0.00367745626242311,0.0036803790158305857,0.004197937572339918,0.002949102979471328
2012-10-17,-0.00042737658195118216,-0.0004239597773017398,0.00023501095514985844,0.0004139966070231583
2012-10-18,-0.00044434177317413936,-0.0004421756612317772,-0.0022761958113452028,-0.001340974536624929
2012-10-19,-0.007774988662328451,-0.007772721299524846,-0.008443907373060661,-0.005845580485686891
2012-10-22,0.0004168254811517193,0.00042099073499048025,-0.0012567968033294396,-0.0003317437839085015
2012-10-23,-0.008983310344977267,-0.008980844830079035,-0.006456506171657316,-0.006648947515228507
2012-10-24,-0.0028938855179183693,-0.0028892469777928695,-0.00255369514572792,-0.001980605377502313
2012-10-25,0.0029256271929863904,0.002926767163725244,0.00027206453707320956,0.001056091100089603
2012-10-26,-0.0009104264338797133,-0.0009078263533963897,0.0022142980719779097,0.0010276133241782898
2012-10-31,0.005082414205966513,0.00508502283841296,0.0016483355611689615,0.0017712567160014867
2012-11-01,0.0043445664985157515,0.004347186278721675,0.00543792818658473,0.002389037735131258
2012-11-02,0.008740353674548314,0.009196207088824798,-0.005001627946075689,-0.005464092378185646
2012-11-05,-0.0014584109072262265,-0.0014505515792231933,0.002195402803171539,0.0017342730703525122
2012-11-06,-0.00567565971940756,-0.005673060877871713,0.002848380289052879,0.004692510492935361
2012-11-07,0.0017962621122724965,0.0018023724934564675,-0.010263723180897497,-0.004281464323010399
2012-11-08,-0.004155689844542363,-0.004150619814133696,-0.005329476695119163,-0.0008595213277435249
2012-11-09,4.4360787509278046e-05,4.8772723433296436e-05,0.0005481748350541648,0.0006729276862683112
2012-11-12,0.0006660266483327523,0.0006673651359634514,0.0007333588701993332,-0.00026469864510291505
2012-11-13,0.0010473100899350428,0.0010483100397734465,-0.0015547149054550163,-0.0014184929064967767
2012-11-14,-0.003954247502515608,-0.00395299299101175,-0.00782608515974499,-0.005587364062883687
2012-11-15,0.0020969528820194805,0.0021010563586612123,-0.0011807422747803556,-0.0019669974325056618
2012-11-16,0.0024697208825034374,0.0024726475366521864,0.0031521676255517575,0.001301508165374083
2012-11-19,-0.0010679245911783214,-0.0010663623229844937,0.011012879271312174,0.008399679543371088
2012-11-20,0.0015632173766451057,0.0015689177250823995,-0.001439565689140968,-0.0018447243519568058
2012-11-21,0.001699801177619802,0.0017023049712501027,0.0005029255017859434,-0.0005802185131024625
2012-11-23,-0.0034460668106555173,-0.003444269745176697,0.00784945470048412,0.007006565027535996
2012-11-26,0.0005485415504931522,0.0005544548943590274,-0.0005938710422953302,0.0004159725735219035
2012-11-27,0.002065093772968678,0.0020661380502335616,-0.002104912970055384,-0.002243523663972483
2012-11-28,0.0029293304158245436,0.0029319222976230304,0.005302197242130051,0.0004145676857833622
2012-11-29,0.0003369983690649597,0.00033956117235187956,0.0031854667015745524,0.003396904157508153
2012-11-30,0.0014615023058969136,0.0014635091412528239,5.1415986217926614e-05,-0.000799710476723793
2012-12-03,-0.002425909830646504,-0.002424570450636137,-0.0030951281084553727,0.0005645145424756893
2012-12-04,0.0011874692889030608,0.0015531549738545566,-0.0001504285818406044,-9.566254790973845e-05
2012-12-05,0.0029151882096413776,0.0029175496984676476,0.0013918475104004572,0.00018545473984024827
2012-12-06,0.0029547918516806587,0.0029572824229053296,0.0022542744441643742,0.0015027572522718024
2012-12-07,-0.0007368219831382823,-0.0007340845772226011,0.0006797829677828641,-0.00011658429493580777
2012-12-10,0.0006875596781007868,0.0006891626573448076,0.0006190381523198053,0.0013056219278435215
2012-12-11,0.0017456589826432387,0.0017465826320353815,0.0033253605997020895,0.0006247555343235816
2012-12-12,-0.0008252233876790411,-0.0008231660119145408,-0.0013866132742902447,-0.0010016983634661817
2012-12-13,-0.003180822987188473,-0.0031785698110002275,-0.004476088466326222,-0.003922014029602511
2012-12-14,0.00283441860925555,0.0028364667729063164,-0.0013617004516004946,0.0018604307106620665
2012-12-17,0.0008786191123526957,0.0008806152062154483,0.004979749945433436,0.00012608844675743687
2012-12-18,0.007529760608944611,0.007531963717896138,0.005208089060043396,0.0010572916547302142
2012-12-19,0.0009332313133059447,0.0009377744015129098,-0.003986194015071252,-0.00015822880079498824
2012-12-20,0.007275635590132682,0.007277030474619483,0.003751507149649997,0.0014351236758081683
2012-12-21,-0.0036117822041400243,-0.003607444893099979,-0.00447189555254245,-0.0010641187904596255
2012-12-24,-0.0009366987114631244,-0.0009338945620519771,-0.0022718271648803083,-0.0015419230434866721
2012-12-26,0.0023106636754565597,0.0023118239905228293,-0.0017410063897147457,0.00033961763611655484
2012-12-27,0.003364614320863615,0.003367091851102769,-8.205057356854816e-07,0.001503076732833149
2012-12-28,-0.0024234495008960987,-0.002421938586021766,-0.005601540519974905,-0.0022189436628431212
2012-12-31,0.006334110919002109,0.006336087883978622,0.00809059520950376,0.003916424246033347
2013-01-02,0.009456070366472284,0.009460338504469971,0.013717890846008078,0.005721978375351674
2013-01-03,-0.013439401905967478,-0.013099419849506914,-0.0034138449279346016,-0.005494042416194197
2013-01-04,0.0044193112384370665,0.004424533829963786,0.002825165092564681,0.00029030919410398786
2013-01-07,-0.0013350309320706993,-0.0013321196736828557,-0.0014198278653108091,-0.0010897126503933428
2013-01-08,-0.0024730460374652622,-0.0024711043080752606,-0.0007551549638311106,0.0005722883605270228
2013-01-09,0.0023372171251542792,0.0023398470739479705,0.0017486121897155032,0.0005213149446398465
2013-01-10,0.012364673355386935,0.012366514136957402,0.0036103263730153435,0.0032667583249191296
2013-01-11,0.004799066367469356,0.0048053388050136965,0.0012253671667064692,-0.0009992877191484595
2013-01-14,0.003788858043831691,0.0037927625569235306,-0.0005586637046462354,0.0011803548587937735
2013-01-15,-0.0019895613111973296,-0.0019877620357752557,0.0013785148389784418,0.0012025610460874052
2013-01-16,-0.0020821252699526516,-0.0020793537461992495,0.00043849777513416187,0.00013388825118419443
2013-01-17,0.007557035288567968,0.007558624119410468,0.0020603536143256693,0.000568241387306344
2013-01-18,0.0016427966569168176,0.0016471619456776623,0.0024580874362760156,0.0019553272476540893
2013-01-22,-0.00043556633492278023,-0.00043370324831312616,0.0035886813619591426,0.002901753562008836
2013-01-23,-0.000981031352733744,-0.0009788836061769357,0.0011569133166005933,-0.0006658511240518063
2013-01-24,0.0028865696882057943,0.0028873441644517934,-0.0005012242284985233,-0.002327590735513522
2013-01-25,0.0020074983805920712,0.0020107550654203856,0.0007849412827903545,-0.0010331038451596648
2013-01-28,-0.003046024157640128,-0.003042575396310985,-0.0015403510040946815,-0.0015581137252843919
2013-01-29,0.004607658644114995,0.004609292078741884,0.001801739848230694,0.0026022419275783183
2013-01-30,0.0034419534011927906,0.0034439921085284092,-0.0021672233253557244,-0.0002169152784715832
2013-01-31,-0.00018742140921069818,-0.0001838933158604968,-0.001168910912761958,-0.0013614622640317573
2013-02-01,0.007188885556745636,0.007190290270486909,0.004921118329018203,0.0010005576143233847
2013-02-04,-0.009369211150995321,-0.009208923717329637,-0.004436931264217836,-0.0023108843885400075
2013-02-05,0.003931747165204955,0.003937207110257408,0.0045698324071764065,-0.0004938446620975327
2013-02-06,-0.00012371953790839082,-0.00012070659007886136,0.001646836357520242,0.0013927855738945483
2013-02-07,-0.007054867597926255,-0.007053316815476265,-0.0006032181142240886,-0.003288524590944766
2013-02-08,0.003583937906696894,0.003586796732490124,0.003631527751266656,0.003861274307669243
2013-02-11,0.003451976844957563,0.0034540410925201458,-0.000533927444339512,-0.002332538302469812
2013-02-12,0.003021642199785778,0.003024859696755467,0.0005729960083336671,0.001879825177700866
2013-02-13,-0.0005538983539438576,-0.000552446732473917,-0.0008821741923994599,-0.0007408184277718341
2013-02-14,-0.002245197225618439,-0.002244089502014405,0.0022507654024202205,0.0002657630572621502
2013-02-15,0.001563064002066456,0.0015654925724590356,-0.001086166056228725,-0.0034810101498943796
2013-02-19,0.0033976600089255017,0.003400332783028458,0.0038585608164977423,0.0016578985276554314
2013-02-20,-0.0065750621106544045,-0.006572437090324001,-0.006647273526009537,-0.006227491291944359
2013-02-21,-0.011360481354952386,-0.011356569093149676,-0.002849112546250959,-0.003322287684359938
2013-02-22,0.006353295639780403,0.006358387437858119,0.006327081354048195,0.003625899953694088
2013-02-25,-0.01598015599979242,-0.015976939127134642,-0.008312036580934996,-0.0023272564419294308
2013-02-26,0.001642589946875989,0.0016518409715992415,0.003294781411553724,0.0020426868745616624
2013-02-27,0.00930956654150336,0.009312240179175467,0.00730288371182286,0.0020550255252430793
2013-02-28,-0.001766165983775212,-0.001760767823222072,-0.0006189866839893019,-0.0023148462895101157
2013-03-01,0.002233458097078296,0.002235619341889384,0.0029745573325139583,-0.00034158530376066185
2013-03-04,0.0003437626829696439,0.0008514774586690669,0.0022619158083752055,-0.00040772281124344586
2013-03-05,0.0027454647927724076,0.0027476364313053963,0.004981726793722408,0.00430212758009249
2013-03-06,0.002087079534359326,0.0020896984009441196,-0.00043701537561081655,-0.0013543003786874192
2013-03-07,-0.004044450357382645,-0.004041356684666126,-0.00042162290275205266,-0.0008757420395442848
2013-03-08,0.00474664329621884,0.004749645621171037,0.0005862849094184942,-0.0006744392622963774
2013-03-11,-0.0005758622690997566,-0.0005723292610219838,0.0024952990644029303,0.00040194677689428055
2013-03-12,-0.004353883484526748,-0.004352605777197112,-0.00029722959447835536,-7.071874984844722e-05
2013-03-13,0.0020943663087178562,0.0020975374364053142,0.0005271418367553195,-0.0019170574770258626
2013-03-14,0.000736732324876377,0.000739331991691263,0.00335320751118814,0.0027163386762754692
2013-03-15,-0.0033107883753007703,-0.0033083807854948997,0.00055529509000512,0.0012041538115824682
2013-03-18,-0.0005885680677235786,-0.0005852666411763662,-0.0020747918095656848,-0.0020548475360944464
2013-03-19,0.000583653154911087,0.0005874440444614354,-0.0001945140769982729,-0.0007571050864745098
2013-03-20,0.0006887545651866623,0.0006914880664841335,0.002718931038748414,6.287753708600654e-05
2013-03-21,-0.004149931597808375,-0.004146774821911256,-0.004167464175797292,-0.0008306649484862691
2013-03-22,0.0012762650781116885,0.0012791419785507198,0.005011112061072009,0.002677679197511138
2013-03-25,0.000668602353373812,0.0006708427441204254,-0.0022442340136997903,-0.001728086144543579
2013-03-26,0.0057343947317198335,0.00573646809444519,0.005255292342062112,0.0037114104523309132
2013-03-27,0.0026681681703556153,0.0026711249285805393,0.001684033694739826,0.0019558913736143456
2013-03-28,0.0023752596309036815,0.002376976282247787,0.001133225146825346,-0.0005110211715560081
2013-04-01,-0.004829841931391818,-0.004827169198212845,-0.0013642714078679887,-0.0006100800770179819
2013-04-02,0.006473728855309124,0.006563962754936962,0.002175532767670916,-0.0006740624676707388
2013-04-03,0.004369796545837684,0.004374535500897751,-0.004429590782147763,-0.0035610382985679485
2013-04-04,0.01283583785697135,0.012841425729116064,0.004030369097593491,0.0008826353900276276
2013-04-05,0.0022440556132047765,0.002251074672724016,-0.0014233472348462869,0.0019553609880449763
2013-04-08,0.004150173985246095,0.004153885758171905,0.002732915730456915,-0.0004141780753509216
2013-04-09,-0.005698710082338398,-0.005695794563710645,0.0022170673977325215,0.003016308696003701
2013-04-10,0.005801011857765566,0.005805903243370105,0.005677482103239502,-0.0001306197865972098
2013-04-11,0.0029286394631291824,0.0029335271473219853,0.002417482303328947,0.001664298125149899
2013-04-12,0.013767518186302464,0.01376932522230303,0.0007233414611714467,-0.004073443793256048
2013-04-15,0.012560965586162771,0.01257135707328011,-0.013071482003087087,-0.015782787012899136
2013-04-16,-0.0031409644265510293,-0.0031241027219425393,0.007641808975884412,0.006421092911845261
2013-04-17,0.003759502154606755,0.0037662031080616058,-0.008031613151636812,-0.006810557816125204
2013-04-18,-0.005077738901361549,-0.005071022592791194,-0.003506096318631663,0.001139582650853051
2013-04-19,0.004245866542390861,0.004249795083408713,0.004943115545334802,0.0036319618246352333
2013-04-22,-0.002905484473262746,-0.0029018037431880824,0.0028698374701732975,0.003080077561675624
2013-04-23,0.007589658303536584,0.007592680989963015,0.005901334196180923,0.0014141096282215854
2013-04-24,-0.002309923880044798,-0.002305489310040636,0.0005635339580515919,0.0037152830987045205
2013-04-25,-0.0078150730362811,-0.007811664505114662,0.001991621456316842,0.003802738916935378
2013-04-26,0.0016431129225879533,0.0016495796434863172,0.00036945646343355276,-0.00013125318974181692
2013-04-29,-0.003551981546724973,-0.0035489276075420947,0.0038731573032397123,0.005451926383309504
2013-04-30,-0.0008147361066230644,-0.0008094144417635013,0.001361984646767534,0.0028163951578903845
2013-05-01,0.004474274830814101,0.004477616436463096,-0.003984824105888,-0.004280967223505189
2013-05-02,0.006097962580784754,0.006217439901606417,0.005571450689156496,0.0031967521101747428
2013-05-03,-0.0019480640527814008,-0.0019449362609078456,0.0027139357565230163,0.0008207928024282723
2013-05-06,0.002281415515484467,0.0022864418614261463,0.0010304393306647139,0.00013693178665535608
2013-05-07,0.0036893380489380597,0.0036908438519146942,0.002533844297695877,0.00017164983552117268
2013-05-08,-0.0002157979680953741,-0.0002133107363499556,0.0032429086237384277,0.0043475967482800955
2013-05-09,0.0027611547255947584,0.0027637018645591807,-0.0017904601113580218,-0.005211847642658833
2013-05-10,0.002173695691683978,0.002178517529096733,-0.00022541358980277218,-0.003291417971808336
2013-05-13,0.000480990933296297,0.00048435780553003995,-0.00020288931220952173,-0.0025612105716693997
2013-05-14,0.004084271486724098,0.004086395938501542,0.004767611673970802,-0.00034889558962107164
2013-05-15,0.009582488841008997,0.009585473750663239,0.0043227518380938934,0.00021586743553993784
2013-05-16,-0.0002628273194131475,-0.000258055449085165,-0.001062847001589876,-0.0010537793576528513
2013-05-17,0.005843963720584686,0.005845652623505016,0.003855375119752863,-0.0011642780930158907
2013-05-20,-0.006212425559373273,-0.0062089575729085585,-0.0003246589326166029,0.0047226874016263265
2013-05-21,0.006013702767954211,0.006019166655553928,0.001890130930854471,-0.0004355479536659724
2013-05-22,-0.010050362134461649,-0.01004689269097149,-0.007615685053270464,-0.008347851588130872
2013-05-23,-0.013654129117469865,-0.01365037566121589,-0.0013899227461122816,-0.0004670827065983405
2013-05-24,-0.0029903582535478683,-0.002982562985484136,-0.0003779129582207761,-0.002224313799533437
2013-05-28,-0.0034538945860876865,-0.003452233550152199,-0.0008182000330707205,-0.002885481966502852
2013-05-29,-0.010331422049228557,-0.01032660067609975,-0.0024780328356118755,-0.002266842865925144
2013-05-30,-0.005984484299893597,-0.005978836055233465,0.0023156973293554615,0.0013190462282127928
2013-05-31,-0.007587360988988719,-0.007583303433760159,-0.009927043590646695,-0.009232537602172696
2013-06-03,-0.0021959836770330202,-0.002191927317289971,0.0039456156847047326,0.006889547279591252
2013-06-04,-0.0013716738227004762,-0.0008398723264900633,-0.003915653560161962,-0.0044517495523030024
2013-06-05,-0.012921617996806335,-0.012918965349599104,-0.006448978008238179,-0.0035016525047478486
2013-06-06,0.007815074393639645,0.00782165048697804,0.005882813925003754,0.006474872649807803
2013-06-07,0.009822837705294768,0.009827088257242262,0.004462399216125481,-0.0028202987992092753
2013-06-10,0.0013452376000476394,0.0013518627060206407,-0.0009894816584770463,-0.0034080092674924874
2013-06-11,-0.009671216175495939,-0.009668484240872773,-0.005224479091719825,-0.00265184541995197
2013-06-12,-0.0009546894774233828,-0.0009496235185063274,-0.006757296495857257,-0.0036720698353140627
2013-06-13,0.005766897060222945,0.005769209538209148,0.012138495658972558,0.010005016340877634
2013-06-14,-0.006563856999641426,-0.006559950905213843,-0.003232616481774837,-0.0012184014219967325
2013-06-17,0.007849711325548162,0.00785396657192823,0.0036650849148490527,0.002045273106294243
2013-06-18,0.0058079109533378265,0.005811805916472122,0.004519801418851916,0.000665037571188095
2013-06-19,-0.009436990333966918,-0.009434180447781833,-0.013775476211556382,-0.012736478846261255
2013-06-20,-0.01000249596673246,-0.00999735865074494,-0.016735690468703362,-0.02357129708489452
2013-06-21,0.00763011646398434,0.007639058343622675,-0.0023352162761874646,0.000521619029613214
2013-06-24,-0.006310908642639393,-0.00630552303073809,-0.008573875132071515,-0.005579202317602576
2013-06-25,0.00918022552226019,0.009183261975343106,0.005280815440504032,0.003939897209664364
2013-06-26,0.004098475641446183,0.004103241090507975,0.007559573575198009,0.0008706990883597453
2013-06-27,0.007186239188041897,0.007189896386696123,0.0056782165926464595,0.004434622941504488
2013-06-28,-0.0023910442756059336,-0.0023871275442925964,-0.0029340189663774516,0.0007783671777789826
2013-07-01,0.0020614099052149886,0.002063694023122381,0.003678577453266375,0.0034300380677893907
2013-07-02,-0.0020501347221309973,-0.0018422991111024403,-0.00040187425904660983,-0.0021954167658324326
2013-07-03,0.001391660844157452,0.001394683457285223,-0.0005211345316303822,-7.139665156436747e-05
2013-07-05,0.005141745113425639,0.0051438335688010015,-0.00024921835630686,-0.0073705989462624156
2013-07-08,7.418672591168857e-05,8.077222747061486e-05,0.0057666083387083325,0.004382357628835663
2013-07-09,0.001143481503559592,0.0011453559921149991,0.005028456861713351,0.005094982510508329
2013-07-10,0.0041422100505055254,0.0041444762379252795,-0.0011720490813908494,-0.00016575134786122334
2013-07-11,0.012441983385124034,0.01244449114024925,0.012207763082312004,0.01637571382523618
2013-07-12,-0.0019294957319787955,-0.001924768686648017,-5.178986167220191e-05,-0.002471921107658877
2013-07-15,0.0009143682261422603,0.000915809628897777,0.0035561523716539367,0.002531124685121091
2013-07-16,0.0017506459439838766,0.0017518391715203756,-0.0020957459585661557,0.0016791998068786571
2013-07-17,0.00046237366584898383,0.0004641395530579181,0.0032832258416766887,0.00032950516993935264
2013-07-18,0.004674260644164072,0.004675883242901012,0.0015070903972066122,-0.0005374534004167095
2013-07-19,-0.0028127521048397575,-0.002810163881120903,0.003215095899468343,0.00267177821625889
2013-07-22,0.0008047398409831318,0.0008068911314125136,0.0011526458462701383,0.005330409423792893
2013-07-23,0.002792850519537967,0.0027947697183430585,-0.0017524970320160584,0.0012074272071451177
2013-07-24,-0.0005041379667458366,-0.0005026360866277799,-0.004856226101089147,-0.00792963393821091
2013-07-25,0.001954321996382278,0.001957488618289044,0.0020593894399430395,0.002990387415794414
2013-07-26,-0.003586729118938891,-0.0035848893342295034,0.0009939953477116025,0.0003111375489177497
2013-07-29,-0.002537135227620851,-0.0025350967005151035,-0.002679025901706507,-0.003933816523663779
2013-07-30,-0.0011072946746488984,-0.0011059937229083553,-0.000114587856276207,-0.0010888411633733896
2013-07-31,1.7542557465297412e-06,2.4560746584791245e-06,0.0007022025494956493,-0.000688149319774969
2013-08-01,0.007990341765169088,0.007992219551628914,0.003640536517803185,-0.001005416374283068
2013-08-02,-0.00024654563019393423,6.654480693096148e-06,0.004421927204253393,0.002315039632676781
2013-08-05,0.0011279749720988737,0.0011310461017417024,-0.002137583608426278,-0.0026001809826380227
2013-08-06,0.0002833815004768093,0.0002858680233286407,-0.003284258259606337,-0.0032412331820761684
2013-08-07,-0.003823198623035849,-0.0038203544723293017,-0.00046891631510940726,-0.0002812844276362917
2013-08-08,0.002290682073534617,0.002293523768361052,0.0027778760750164612,0.005486940455891262
2013-08-09,-0.003122008386455762,-0.0031196696963144118,-0.0014441926913915854,0.002007632634238955
2013-08-12,-0.0037311994394206714,-0.003728076720553738,-0.0014958869296154123,0.001110080391769949
2013-08-13,0.00657258869899223,0.006576383038875829,-0.0018906307622173241,-0.004081917306604482
2013-08-14,-0.004289602144942069,-0.00428381668372214,-0.002712680565724024,0.0013972198546811064
2013-08-15,-0.005241817402729956,-0.005238332898702642,-0.010582259869122678,-0.002820615444091586
2013-08-16,-0.0035708533208161177,-0.0035651952337375885,-0.0035392270158674183,-0.0032889742528610707
2013-08-19,-0.002283109344606563,-0.002280512516371151,-0.005542239873695946,-0.0057093092792143176
2013-08-20,0.003050801979150907,0.00305290387201587,0.005118127317441917,0.003796886254158848
2013-08-21,-0.003361584358211359,-0.003358682198773589,-0.006210215719569314,-0.006362530473973439
2013-08-22,0.004317605691800159,0.004319987598201113,0.0052557153017782675,0.004428621929162798
2013-08-23,-0.001249750381453591,-0.001246973831031932,0.00427915899991007,0.0068587853809929005
2013-08-26,-0.006837410969454928,-0.0068334612867516275,-0.0014125726546568961,-0.0005995790381537095
2013-08-27,-0.016223893366009316,-0.01621939197387236,-0.0072655820528716285,-0.0007602361329595134
2013-08-28,0.0010761378719213858,0.001087019046347728,0.0004232029674714834,-0.001745580400124819
2013-08-29,-0.00042070158737783034,-0.00041845357193761126,0.0013438570518963897,-0.000496607093515211
2013-08-30,-0.0011529936655208018,-0.001149483688118237,-0.0026450487873501275,-0.0029115849869725315
2013-09-03,0.005055767624199601,0.005057526505926635,0.0003532827943679151,0.0006289958592614358
2013-09-04,0.008511347811916677,0.008609922404164713,0.0036359989236556174,0.0013415430115988178
2013-09-05,0.001635742044060449,0.0016413648602739003,-0.0022759088358734495,-0.004160695338937006
2013-09-06,-0.003240716278589988,-0.003236421027516831,0.002695227701499805,0.006983192708233881
2013-09-09,0.008767088235286408,0.00877261322683503,0.006578637331485783,0.005739405527396792
2013-09-10,0.00983659776640674,0.009842289850284097,0.002651203341774234,-0.0014993679878144168
2013-09-11,0.00018096511361008992,0.0001881044529668726,0.0038873627007157143,0.00317150681812496
2013-09-12,2.8750445258675315e-05,3.076904934235121e-05,-0.0015749186483882836,-0.0045968808534918755
2013-09-13,0.0005331840101945974,0.0005359037921966905,0.0018787706443681338,0.0019741580015606238
2013-09-16,0.007719211054455783,0.007720409752928552,0.004382305592509378,0.0010008241147887017
2013-09-17,0.0025400466128994137,0.0025452158216770866,0.00349898649263755,0.00025293274333045
2013-09-18,-0.0038913625564163472,-0.0038887881255855366,0.01189653678586041,0.01958057968995832
2013-09-19,0.004556600579075942,0.00456893258819991,-0.00237285250419213,-0.003487540918174567
2013-09-20,0.0012893752634515227,0.0012936954606369124,-0.0038705585159223522,-0.0077783244339073255
2013-09-23,-0.003997276095743588,-0.003992794318852154,-0.001331607866511195,-0.00030813327799916886
2013-09-24,-0.004121794548413841,-0.004119267856507913,1.6122068134663838e-05,-0.0005926690433623896
2013-09-25,-0.0002788240647427777,-0.0002762147389969349,-0.0006545539437288796,0.0011410486131291566
2013-09-26,0.00212084668341043,0.002122762294307013,0.0014578870506652068,0.0003452528819482746
2013-09-27,-0.0010157704908979037,-0.0010131913991780397,-0.0022309146127084518,-0.001078635075640252
2013-09-30,-0.0007795031069507801,-0.0007770325106980769,-0.0025469664527118453,-0.004198556289073357
2013-10-01,0.00685024282095299,0.006852170069898405,0.0038654453899776113,0.0014924940268966535
2013-10-02,-0.002922230405139237,-0.0028168946518351353,0.00010101622340822703,0.0037834655170858036
2013-10-03,-0.00447202755528042,-0.004468329382618886,-0.004976509624168928,-0.003154291316337288
2013-10-04,0.001217483379863383,0.0012203993115182741,0.003414912837714257,0.0011473104932930446
2013-10-07,-0.006481633435503136,-0.006479336143539931,-0.004827926806204693,0.00026284264873893703
2013-10-08,-0.0062383949673347795,-0.006233509169594833,-0.00715149613707623,-0.003502294438433475
2013-10-09,0.004019346083807919,0.004022876566909211,-0.0002873169197200391,-0.0016916405604212792
2013-10-10,0.012553640680223938,0.012557378680075011,0.011947030380657262,0.007035131484276604
2013-10-11,0.007379297867388614,0.00738562118489076,0.004458538591973142,0.0004877897714797082
2013-10-14,0.004821308794800537,0.004825710593275194,0.0010688737757924352,0.0003200597144060151
2013-10-15,-0.006011755847168492,-0.006008968639528384,-0.004300227351407852,-0.0018351832406887153
2013-10-16,0.0036701028985096982,0.0036729239511426167,0.010330775945895562,0.006082307112338235
2013-10-17,0.005552173719963863,0.005555394032830999,0.006293597419922989,0.00832961297285265
2013-10-18,0.001290975256718603,0.0012956526454134078,0.004118837473958329,0.0015092584637157508
2013-10-21,0.0006900641628248018,0.0006914862642891109,-0.00023587386848096664,-0.0012569515268796667
2013-10-22,0.0030736543887662547,0.0030748383133883473,0.006245934147683465,0.0066244817577366215
2013-10-23,-0.00356834250002046,-0.003565140679196212,-0.002210241088076792,-0.003991622345608071
2013-10-24,0.0023776823493485027,0.0023813944052076736,0.0011993056895643751,0.0012124311725934499
2013-10-25,0.0005697010759518461,0.0005713362364335064,0.003454756842641032,0.0028491589366457896
2013-10-28,-0.0005955149957373354,-0.0005939845949088347,0.0005817782956861467,-0.00039695635127922024
2013-10-29,0.0008276252966172342,0.0008291647274033885,0.003770196368697744,-0.0005575737277702319
2013-10-30,-0.0019883088424792767,-0.001986386244583197,-0.004045676338200239,-0.0030356567587269214
2013-10-31,-0.005584165938504223,-0.005582430761567676,-0.002179889126650325,-0.004436184414623602
2013-11-01,0.00397164304493545,0.003974821987201835,-0.0007329722071209494,-0.003298857922076676
2013-11-04,0.0033009040942652847,0.003356658139555539,0.002892332002346084,0.0013049114313827361
2013-11-05,-0.0032792314104805697,-0.003277385729973565,-0.0036992640130300894,-0.006367504193339733
2013-11-06,0.0029959513224412696,0.0029981523822289113,0.00428265808012237,0.0021887740847463073
2013-11-07,-0.012543104783566256,-0.012541500723448033,-0.006546467491837335,-0.005388157017528938
2013-11-08,0.008513044372406074,0.008518520820469633,0.0035371787605478285,-0.004660948150602759
2013-11-11,0.0023547577285556497,0.0023617216185537913,-9.6507527215611e-05,-0.0003631721348061949
2013-11-12,0.001193478561544781,0.001195183912155534,-0.001578476808631798,-0.002955426032290229
2013-11-13,0.0004718347469016085,0.0004741016821303899,0.00649006833244821,0.00341328181587336
2013-11-14,0.0007346496409153685,0.000736473937638847,0.004925561457469077,0.004793185936188633
2013-11-15,0.005736401781600578,0.005738707843395348,0.0023185320013280695,0.0029985578486587845
2013-11-18,-0.0003415442142240267,-0.00033843986524253523,-0.0007251572795015765,-0.0005701922569036118
2013-11-19,0.002035416891000518,0.0020375871373699353,-0.0027857008313412297,-0.0028123629608046816
2013-11-20,-0.001975402686457464,-0.001973066484973895,-0.0040658434910693245,-0.007391229693493647
2013-11-21,0.0034210387617078872,0.003424620283736863,0.005230121546714126,0.0024465914085878755
2013-11-22,0.0021346548126694475,0.0021374040632380588,0.004159054767853732,0.002318358258366011
2013-11-25,-0.003758916351825034,-0.003756921644061888,-0.0002950896159906766,-0.0015450494626825853
2013-11-26,0.0008178685077416012,0.0008197890042559487,0.0010180404206553142,0.0002743289328742685
2013-11-27,0.004663441701137356,0.004664769766939525,0.0005872196283950394,0.0005318163564179777
2013-11-29,0.0006737280862290671,0.0006766448828661908,-0.0006337873936154958,0.0008031349867932707
2013-12-02,-0.00024639554409409384,-0.00024497130038839165,-0.003263958531031134,-0.007230361562900776
2013-12-03,-0.003957225347736106,-0.0039283097550989925,-0.0018829944028360146,0.00028538972028298553
2013-12-04,0.00018318874044911623,0.0001862394342704416,-0.0018910042230736918,0.00023263123141352155
2013-12-05,0.0026920902699734068,0.0026937989819046026,-0.0036289547908370796,-0.0023634981936879874
2013-12-06,0.008016560253134852,0.008019631466992753,0.007055341762787419,0.004998456066452382
2013-12-09,0.0018738826748562704,0.001877821099507526,0.0020032230064740294,0.0013617564689703346
2013-12-10,-0.005317629291638396,-0.005315968155866311,-0.0004974685794866134,0.0026867735736845456
2013-12-11,-0.005216654181446205,-0.005212472975982049,-0.008281287361445698,-0.007394002277933865
2013-12-12,0.0022698949165116888,0.002273515748121773,-0.0031315879428806697,-0.006085617672808607
2013-12-13,-0.0015832396774713182,-0.0015789463637593904,0.0005324356115404803,0.0014363628445572664
2013-12-16,0.0037104203326097543,0.0037119608819194522,0.0035256510353940474,0.0024688337804638504
2013-12-17,-0.0023613419822136605,-0.002359838632829136,-0.0006326810318653276,-0.001276079077236029
2013-12-18,0.011851758043172806,0.01185393068109461,0.008692229653360771,0.00357807096860118
2013-12-19,-0.0014660394308721955,-0.001458916604965439,-0.002357965954546328,-0.005681961526212682
2013-12-20,-0.002657586770417512,-0.0026551631706351626,0.004738248141498468,0.004958024300217779
2013-12-23,0.006293553482259383,0.006297361372378337,0.0019665621593684276,0.0011125775959785935
2013-12-24,0.0024326083639944662,0.002436132678316755,-0.00020589134166247559,0.0005521252413437777
2013-12-26,0.0026576482461109006,0.0026591809111610647,0.002750034703838227,-1.7699988743939765e-05
2013-12-27,0.004566134772732863,0.004568101205485746,-0.0002692340145243982,0.0020671689471007623
2013-12-30,0.003686841656359582,0.003689177192077974,0.0009613662050278277,-0.00013822227816265154
2013-12-31,0.002741784315511555,0.0027443824951240542,0.0011127935024183122,7.809956336390673e-05
2014-01-02,-0.013018838347337181,-0.013016289262913787,-0.004324276272906565,-0.004931684390218163
2014-01-03,-0.000919285690726474,-0.0007731854809599448,-0.00034387496728606665,0.0005734416289378715
2014-01-06,-0.0006080593493142482,-0.0006058463978697937,-0.0006141827985704108,0.0007949051981980156
2014-01-07,0.002249610488235086,0.002251712332956495,0.004319333247520522,0.0013981100920950164
2014-01-08,0.0034180065208889595,0.00341976635509603,-0.0018303034382978777,-0.0030561110764763966
2014-01-09,0.001000068034249672,0.0010040564218079002,0.0014349623458091096,-0.00015937073123395624
2014-01-10,-0.004570111924844818,-0.004568322779427238,0.004997430831678776,0.008454228405849777
2014-01-13,-0.0076299021468852896,-0.007623202603381527,-0.006818132761494444,-0.0015961332506788108
2014-01-14,0.008549263311619404,0.008553970452293384,0.004961692341742553,0.000786916612539202
2014-01-15,0.0014893845417367191,0.0014945069413958142,0.00286760083185055,0.0009729132163122441
2014-01-16,-0.0011889152026393962,-0.0011867898476894388,0.0003333972702189818,0.0006490548221728802
2014-01-17,-0.006677728677614261,-0.006676394532275821,-0.0015807056545022275,-0.00033035577708087464
2014-01-21,0.004910428794190371,0.0049141204975152895,0.0013187702515304084,0.0005885636955744516
2014-01-22,-0.0004730799809490488,-0.000470400297440841,-0.0007241238761081389,0.0011679135816490924
2014-01-23,-0.004932355889270552,-0.0049306531650482035,-0.002205297770699737,0.001266060107308673
2014-01-24,-0.013208485382865424,-0.013202568381793286,-0.011080783590558892,-0.0056858475271494265
2014-01-27,0.0031190483750913323,0.0031270911639395636,-0.004154329502502318,-0.004840376266383028
2014-01-28,0.0016380866727200886,0.001642597512805475,0.004117299031359376,0.003250901380009771
2014-01-29,-0.008539090533699487,-0.008537302492145576,-0.003734606073741827,-0.0008255867038966875
2014-01-30,0.006475710557999474,0.006481052825323667,0.005815336452773823,0.0001315107234761573
2014-01-31,-0.008610913716386405,-0.00860551567094415,-0.0018449107061311281,0.0001293340702649305
2014-02-03,-0.01321258355198544,-0.013206735393536426,-0.010976321003468854,-0.004032888500312529
2014-02-04,0.004861343638253115,0.005237304957659946,0.0029894311110842363,0.003204063470031473
2014-02-05,0.00044207973786437296,0.00044586517776432744,-0.002193231283229536,-0.0009353705055407433
2014-02-06,0.003729690772150744,0.00373111503956198,0.0072112776600635736,0.004776279319248467
2014-02-07,-0.0015576922216895567,-0.0015548064219347115,0.008560702479559307,0.0055335652413602155
2014-02-10,0.001596115855968692,0.0016001046182202603,0.0013090716222888211,4.823585980841034e-05
2014-02-11,0.003212692486957813,0.003214842969195774,0.00494411006453525,0.005087027594579298
2014-02-12,0.002230280807935483,0.002233333849345251,-0.0006124040330740778,-0.0002538082351044203
2014-02-13,-0.006293668050977441,-0.0062923091733419305,0.004996345407755323,0.003707895300557401
2014-02-14,-0.0027744692349909923,-0.0027689184707452167,0.0031206119381554723,0.004241505350532185
2014-02-18,-0.0022844457445929255,-0.002281196878640978,0.0016796249003664273,0.0021466752514058053
2014-02-19,0.0010218264128557242,0.0010259172497604089,-0.004825582288269882,-0.002872941503233791
2014-02-20,0.0007599032125138615,0.0007617960816462666,0.00320375084320611,0.0018449290472180608
2014-02-21,-0.0007345367210051466,-0.0007332073903173267,-0.0002111488036001952,0.0010186835982117387
2014-02-24,0.0007951592868554471,0.0007963714325843637,0.003031360922489987,0.002699551553974759
2014-02-25,-0.0013695303660169863,-0.0013679412553196687,0.001085413989473784,-4.442006018132427e-05
2014-02-26,0.002228509723261221,0.0022304179682410504,0.0011627849394143946,-0.0005910187954120848
2014-02-27,-0.0026864344200086495,-0.002684284348436632,0.0036760819188133248,0.0029021487996016364
2014-02-28,-0.0020097787949729666,-0.0020076481186748975,0.0011820740891944803,0.0008355479249820971
2014-03-03,-0.00829490516125191,-0.008291684495780424,-0.002437895069176259,0.0001336839376047451
2014-03-04,0.013751602916645587,0.014115105378494813,0.005352691228120264,0.0017387957261074632
2014-03-05,0.0006953298435418247,0.0007039035829408579,0.0009722661654459814,-0.00048424556227029164
2014-03-06,0.004065722188668955,0.004067220850381652,-0.0003150756910311565,0.001839416411497807
2014-03-07,0.0034943447839530066,0.0034989461992812956,-0.0014444763508484153,-0.004831021853529937
2014-03-10,-0.000160727426519536,-0.00015650535165229922,0.00010266764191402555,-0.0021308808020394396
2014-03-11,-0.0018201147723750119,-0.0018183937137112999,-0.0026154285283417214,-0.0006173668642158378
2014-03-12,-0.0023505525042190212,-0.0023484481907857483,0.0017141303505139151,0.0025469409292269278
2014-03-13,-0.009635880522489164,-0.009633335687820856,-0.004460603314459211,-0.002495675216436404
2014-03-14,-0.001922815086475005,-0.001917061138242155,-0.0016505489175565127,0.001791905843520646
2014-03-17,0.009661237811144485,0.009663677318010143,0.0038305285385291845,-0.0001836821562669355
2014-03-18,-0.000986938492836383,-0.0009798459500622138,0.005277680652710483,0.0034465477774795255
2014-03-19,0.0010839789770125056,0.0010865972705705789,-0.006893552916293184,-0.009605515470359025
2014-03-20,-0.0002200855318691087,-0.00021444670676540962,0.003613759068647018,-8.973321376705523e-06
2014-03-21,-0.0029749826141042247,-0.0029733189526698705,-0.001617805341878544,0.00278252129811755
2014-03-24,5.261291417775424e-05,5.575500521816769e-05,-0.002349845000183154,-0.0008339820073903454
2014-03-25,0.001549785408044038,0.0015519218430070654,0.0026348346359475797,0.0035572468796495637
2014-03-26,-0.0055707513530729585,-0.005568551117007572,-0.0026874355379476124,-0.0011306301038474342
2014-03-27,-0.0035998912371460025,-0.0035964845525748848,-0.0008832309188053081,0.002549294316828419
2014-03-28,0.005312740000305773,0.005316519084498175,0.00156651205108369,0.001104579838481681
2014-03-31,0.005357090264134838,0.005360244792126568,0.004989436805041294,0.001366393974670339
2014-04-01,0.007610273074017179,0.00761350080835238,0.003204294375275427,0.00025434346277705076
2014-04-02,0.0015326255646413373,0.0015814066133701121,0.00026863866861679363,0.00013357634459243816
2014-04-03,-0.004311635479150135,-0.004309860972651959,-0.000521056263284381,-0.0001828062003429819
2014-04-04,-0.007878819177887767,-0.007875895061937676,-0.004661891850195332,0.001955262786530833
2014-04-07,-0.0015066401937635107,-0.0015003420281170558,-0.005647706006715427,-0.00047084302743941573
2014-04-08,-0.0036903291977104136,-0.003688278798595276,0.00300554253955557,0.005182059831906436
2014-04-09,0.004919533066822891,0.004925107911716128,0.0062712402604715636,0.002350614861724407
2014-04-10,-0.00941403307020659,-0.00941100658159674,-0.010844114910794619,-0.0029741081094598
2014-04-11,-0.0036256075438914144,-0.0036194869308342347,-0.0044869076253437005,-0.0015924315594647242
2014-04-14,-0.0007928275607981933,-0.0007907374705903321,0.0039915457557659195,0.0023585316496480204
2014-04-15,0.0040559624194598945,0.0040588764623397,0.004546319845104926,-0.0010746783323386981
2014-04-16,0.0033582400210239787,0.003361671296206628,0.005564452153436696,0.003627770767951323
2014-04-17,0.003040464355168383,0.0030427802398842255,-0.0014659022765807985,-0.0010938445120747338
2014-04-21,0.0032279763086862675,0.0032308634744640154,0.0020002033986700222,-0.0006596824635648058
2014-04-22,0.0021642211618359804,0.0021667904691737494,0.0025566706995631358,0.0006157932565299586
2014-04-23,-0.0021364396502885773,-0.0021350644432449576,-0.00037631396214605925,-0.0005192277189769353
2014-04-24,-0.001138010793736873,-0.0011363667192673295,0.0010919287031922434,0.0019814030445062776
2014-04-25,-0.001966414938293345,-0.0019644740757195703,-0.004350792170367638,-0.0020293526717727463
2014-04-28,0.005461112348634186,0.005463132880632921,0.0012914893431173905,7.101334761372331e-05
2014-04-29,-0.0008033486561370505,-0.0007996149072418379,0.003133886704444886,0.0018934280804788377
2014-04-30,0.003042732514042579,0.0030441487029316647,0.0028471956551498396,0.0009081966209064596
2014-05-01,0.00036548368377536776,0.00036743667400340345,0.0012211085124817585,0.0008440021646766481
2014-05-02,-0.0034748894365326114,-0.003258565043973201,-0.00027481826849017353,0.0021976795410535393
2014-05-05,0.000754077596864177,0.0007569421508507514,0.0009120763576094609,-0.00013552917816092653
2014-05-06,-0.002179390369248308,-0.002178101968614374,-0.004753106856743676,-4.944855275906876e-05
2014-05-07,0.0053719181467782855,0.005374212806539392,0.0038317680185406475,0.0005085596194088886
2014-05-08,-0.0023949126770012224,-0.0023913728550585345,-0.00020823030487644625,-0.0005683661960048883
2014-05-09,-0.0024576872167569527,-0.0024559115644636077,0.000580084552808612,-0.001236248169601439
2014-05-12,0.002527256296216619,0.0025290329076321197,0.004774680424507521,0.0033105944179815123
2014-05-13,-0.0036974592143660836,-0.003695449905661172,0.002092430159039131,0.0009942397923532508
2014-05-14,-0.005674716779547484,-0.005671918218688123,-0.0010245269734204423,0.0031710980400776454
2014-05-15,-0.003742669871009558,-0.003737741326328334,-0.003821716055543309,-0.002221338300481053
2014-05-16,0.0021943116220855194,0.002196923375157788,0.0012077383385084204,0.001987013189379889
2014-05-19,0.0008457790636021772,0.0008476850178555892,0.0016843238849323545,-0.0008432700627950034
2014-05-20,-0.002915802704533095,-0.002914659636085895,-0.0026067974338396635,-0.0013373596774589147
2014-05-21,0.002501250629173368,0.0025033743445606353,0.004397713921359129,0.0006098308589528639
2014-05-22,-0.00040606065548172415,-0.0004035680803426357,0.0010278014341429033,0.0005259382630712588
2014-05-23,0.0011687452331127287,0.0011699312135677925,0.003216065687581477,0.00178581709797757
2014-05-27,0.004173271546542306,0.0041748540437444035,0.0038022937537979897,-0.0011431308255402282
2014-05-28,-0.006742018442960062,-0.006738133205620929,0.0017537190687803136,0.0009119921891773732
2014-05-29,0.0032296277775485196,0.003233800339310196,0.002602567948908383,0.0008357258371388961
2014-05-30,0.0030289446826405417,0.003030776184189241,0.0006618663084370984,-0.0019817338624907605
2014-06-02,0.003398855422671708,0.0034017012446512108,-0.0011355300136555216,-0.001303014953098488
2014-06-03,-0.002764080424158918,-0.0023303574235593438,-0.0023243435780899626,-0.0012440516616604275
2014-06-04,0.0003898828584536166,0.0003915066993428057,0.0009051073996804769,-0.0009457567606338507
2014-06-05,0.006713851014216477,0.006714988479466472,0.004505657603510036,0.005134711587721371
2014-06-06,0.0010569049831141422,0.0010599233548356521,0.002574334973642895,0.001533122218186496
2014-06-09,-0.004827815147059943,-0.004826148469046132,4.0985929703850955e-05,-0.0006163192764852403
2014-06-10,-0.0036976387538923605,-0.003694280882194652,-0.0006313641727997958,-0.000532457426925037
2014-06-11,-0.002047695129081417,-0.0020457204042676424,-0.001565515482343439,-0.0011373150999432508
2014-06-12,-0.0036930249849134018,-0.0036918485794946,-0.002734841003515705,0.0024749355786325557
2014-06-13,0.00041422130505484926,0.0004187756910450108,0.0010593198346433934,0.00015027077396388106
2014-06-16,7.931070960472592e-05,8.026630292718047e-05,0.0004962460416581671,-0.0005707329796574328
2014-06-17,-0.002085623257434379,-0.0020841091929256327,1.4927834474920253e-05,-0.0008667885735671853
2014-06-18,0.007353269538852761,0.0073548907254872035,0.0065221959654065105,0.005068578827543531
2014-06-19,-0.006930829739756905,-0.006928665830748581,-0.0003191102506643622,0.003523578747044045
2014-06-20,0.0020072150933802147,0.0020141486589930952,0.0016903961989665397,0.0006016256027076356
2014-06-23,-0.0016082249046308617,-0.001606909085915316,-0.0004539769868812417,-0.0011876361632439775
2014-06-24,4.440856691094606e-05,4.5579760424403396e-05,-0.002042105380658405,0.0004904253947112181
2014-06-25,0.001474216169196162,0.0014754641701914264,0.0031123870377849742,0.00098271597010423
2014-06-26,0.001729203158390446,0.0017299931128932475,0.0006005899907215021,0.00018263172494449047
2014-06-27,0.0027926977062236037,0.002794213907450387,0.0011741116253897955,0.0009477034711849894
2014-06-30,0.0010692364229578871,0.0010710038132166792,-3.2875144457254283e-06,0.0004252849490363664
2014-07-01,0.0035947830002801954,0.003596867070751427,0.002748564249734535,0.0008878871082666276
2014-07-02,-0.0026675136923020584,-0.002355840816397816,-0.001022835539967946,-0.0011645109677685206
2014-07-03,-0.0015258139180277343,-0.001524543475596195,0.002140247501443013,-0.000798452831792044
2014-07-07,-0.002712275846403411,-0.002710565178959716,-0.001130381687593721,-0.0003980147511187863
2014-07-08,-0.001475595435453131,-0.0014730028815801446,-0.002043108070798647,-0.00018733124652458463
2014-07-09,0.0029558567463214233,0.002958077330390663,0.0027618158899544096,0.0013006540336136607
2014-07-10,-0.002596657537654538,-0.0025944669920768913,-0.0015203828127775467,-0.0004060393215051826
2014-07-11,-0.0001414765728590823,-0.00013891020473873214,0.0014823659528581633,0.00017043160792176005
2014-07-14,0.0015256293257708965,0.0015270886916737812,0.0021208893933533173,-0.00032966384004367026
2014-07-15,-0.005618344350187846,-0.005615690725220249,-0.0014727977822751816,-0.0024943388000513117
2014-07-16,0.0034406116497457586,0.003443242656786231,0.0028015171833863967,0.00241972419008018
2014-07-17,-0.002896235811153968,-0.002895010457777557,-0.004504284852530896,-0.0005659734497807262
2014-07-18,0.003995418163409452,0.003999646937020169,0.0052756833194404955,0.0020440961001441152
2014-07-21,0.0009002669075592303,0.0009042147246460845,-0.0010066205264265026,0.0004287896055866474
2014-07-22,0.001107252139596739,0.0011087054059666555,0.0031113083905835877,0.0012903000165519337
2014-07-23,0.0013267556225497839,0.0013287515225129775,0.0012915829536988596,0.000608162799638825
2014-07-24,-0.002418811022492183,-0.0024180383389466034,-0.0015867546015106541,-0.0016519306951695866
2014-07-25,0.0008090678625909131,0.0008106463137069974,-0.0012713571935308815,0.0009562613995883059
2014-07-28,0.0012896392598228871,0.0012921632795918436,-0.00022171715851281593,0.00071121166071157
2014-07-29,-0.003148862811417814,-0.003147327303537589,-0.002034941607173678,-0.0018152106741873943
2014-07-30,-0.005416240756518296,-0.005415036769816566,-0.0027334193923795633,-0.003991711975183205
2014-07-31,-0.014545897629129452,-0.014543840289708227,-0.011958928488819761,-0.00795774174951099
2014-08-01,0.0005629858386885452,0.0005684362329891007,0.0005647250975736528,0.0010245235969594756
2014-08-04,0.002839902011511371,0.0031371578479064714,0.004561910268226048,0.0027640757523432185
2014-08-05,-0.00737400344178607,-0.007371810039350679,-0.0056413967706804,-0.004684872712193098
2014-08-06,-0.004928622581492602,-0.004925421558695485,0.0005341527073991629,0.001543448000613371
2014-08-07,-0.0019885672245424676,-0.001984409292992069,-0.0014271060350412488,0.00035490245109532606
2014-08-08,0.007286952500189563,0.007289215419178322,0.006552767840449236,0.0022075980921245817
2014-08-11,0.003389944916306576,0.0033938910538076493,0.001544350247625095,0.002055162431058902
2014-08-12,-0.0008747017326862165,-0.000872779816797204,-0.0014126655061027147,-0.001602179994803181
2014-08-13,0.007129174161424401,0.007130292017936218,0.0053712675037844325,0.0037995722288434023
2014-08-14,0.006211965729417159,0.006215231011848154,0.0036416298615916947,0.0008963069544590796
2014-08-15,0.0021958773108926456,0.002200066072377577,0.001476536794489727,0.0007649376839563909
2014-08-18,0.005211825264171056,0.005213549179825035,0.003779163425828523,0.0005581420905312028
2014-08-19,0.0008599215790848658,0.0008641991352789922,0.002732290716149636,0.0006395049919563643
2014-08-20,-0.0007983723166465334,-0.0007968339453009573,0.0004442405274535331,-0.00104432816113505
2014-08-21,0.0031182763696600765,0.003120523702127207,0.0025993094689374377,2.7911559438848576e-06
2014-08-22,-0.002719371355815435,-0.002717530822116899,-0.0009054227538669427,-0.0011124342152826507
2014-08-25,0.0022057559804547727,0.002207296834012639,0.003375953430764944,0.0016182429011405756
2014-08-26,-0.0003365112645138596,-0.00033487320168467137,0.0003185657572338585,0.0008473508736050436
2014-08-27,0.0031616214289808165,0.003162518393982354,0.0008471100756727001,0.0019406957455993866
2014-08-28,-0.0025479619263135923,-0.0025466059569431176,0.00019151380747056885,-0.0001231443051463641
2014-08-29,0.0004719201744060248,0.00047397806863732044,0.001764215455396094,0.0002904766513279286
2014-09-02,0.0024505033259501676,0.0024518596646870604,-0.0028135895048607734,-0.005782729800253578
2014-09-03,0.0020797238762942528,0.0022263414498119973,0.00024477851678070126,0.0038227474708628145
2014-09-04,-0.0012337032800887322,-0.0012323610201234413,-0.002289292720749725,-0.0043070053899987495
2014-09-05,0.003028823690807479,0.0030319158010486827,0.0028130208888358407,0.002472102656878893
2014-09-08,-0.000615127460560465,-0.0006130357303173985,-0.0019775986211442343,-0.004463750372649339
2014-09-09,-0.0038234165666345154,-0.003820676768984309,-0.004726724935748847,-0.003365482609557156
2014-09-10,0.00043361626436084203,0.00043570460823949813,0.0012507948349666572,-0.003561978592031083
2014-09-11,-0.00010112258800142641,-9.75553665948815e-05,0.00018841250135734423,-0.0025947814587059482
2014-09-12,-0.007675592504480344,-0.007674009177967615,-0.0050213076258512745,-0.007294277455919842
2014-09-15,-0.002124436478303131,-0.00212069609603923,0.0002843988924797073,-0.0004357974911742423
2014-09-16,0.0029990995327676176,0.003000654398080068,0.004410665662392315,0.0036570908389520155
2014-09-17,0.0010710653133776562,0.001073607355533952,-0.00019294173845297202,-0.004135712308277881
2014-09-18,0.0040721191089535735,0.004075522370700281,0.0029451787661572823,-0.00040792910715841795
2014-09-19,0.002919292398520843,0.002923126917142907,0.0009571257011557096,-0.0005085605796513699
2014-09-22,-0.0034459325221904992,-0.003442947876782694,-0.003816907238501995,-0.0036392195657434985
2014-09-23,-0.003613274875650732,-0.003610794066223531,-0.0025932278919424366,-0.001168983024450455
2014-09-24,0.002682361777927888,0.002684780747729364,0.003568351942666306,0.001122823462432154
2014-09-25,-0.0067903897994405025,-0.006787628907926089,-0.007785446099535542,-0.0033159717609769802
2014-09-26,0.005921147234795103,0.005925664099307802,0.003885454844562589,0.001501917361738921
2014-09-29,-0.0035671817873795747,-0.003563483480578453,0.00018755123321556288,-0.0015316333980159756
2014-09-30,0.0021565858509427055,0.002159654987746182,-0.0019242957328566462,-0.0037875237199933914
2014-10-01,-0.0029650805006564353,-0.002960927585139432,-0.004721244615241927,-0.0009076660419281623
2014-10-02,-0.00557330186672621,-0.005394833070053647,-0.0010976998141722628,-0.00153562782069624
2014-10-03,0.017612570417619725,0.0176155182682306,0.006498439457304245,-0.000872194317277586
2014-10-06,-0.008025008621838985,-0.008013718573229389,-5.886649438715323e-05,0.005123452347942997
2014-10-07,-0.006381903466514088,-0.006373972872017829,-0.006977812017690231,-0.0021805019151684983
2014-10-08,0.008346888022854061,0.008351332956906708,0.011871521960472253,0.007250068360817377
2014-10-09,-0.007585045970644221,-0.007580264063895909,-0.012602976562381506,-0.007063488416242974
2014-10-10,-0.0014229144122265786,-0.0014184149224650735,-0.005234881484482103,-0.003337186719964538
2014-10-13,-0.005005166985070628,-0.005001993838232101,-0.007614277706310531,0.0018362304284924133
2014-10-14,0.009357168158580568,0.00936186355122759,0.001725234522332802,0.002087918945754117
2014-10-15,-0.007021055412827545,-0.007015269502729492,-0.0016423770385666392,-0.0012385812587243023
2014-10-16,-0.005343876714167917,-0.005338804906043857,-0.0016322114449124413,-0.0016665625867572711
2014-10-17,0.00718478544496855,0.007188305087779051,0.005698976222364969,0.0025641107425972216
2014-10-20,0.004517171342377149,0.004521646784804928,0.006294383729456107,0.0036541437049973703
2014-10-21,0.006364490485264819,0.006367585052285842,0.010578902621208853,0.0037394717394030694
2014-10-22,0.0026852807932625116,0.0026888164650193656,-0.004353790739151992,-0.003608566026370795
2014-10-23,0.0036294527119810865,0.003633286845962843,0.005221724883296247,0.0009949395410185071
2014-10-24,0.003752201164984978,0.003756252149808775,0.004942965067313943,0.0012289390822279127
2014-10-27,-0.0016184706075581862,-0.0016158364226452997,-0.00040792449451140355,-0.00048238767424148884
2014-10-28,0.004023369569214688,0.004025259650657386,0.0058846355900308,0.004357857678629403
2014-10-29,0.0025500266147598944,0.002553123561108131,-0.0022321735165580243,-0.0023079296054835862
2014-10-30,0.009643157495741982,0.009647639505114169,0.0042798931658518495,0.0008446181855443269
2014-10-31,0.018879632897100908,0.01888530901255504,0.006267646071288006,-0.00036427045284820206
2014-11-03,0.005623214276252966,0.005634489483946894,0.00018374632735139088,-0.002825582996319991
2014-11-04,-0.00017037801208783486,-0.00010292684755663608,-0.0021225523016785717,-0.0013343704448249385
2014-11-05,0.007297809315181833,0.007300067588892165,0.003899029710974277,-0.0029900543032005413
2014-11-06,-0.00025788524587126157,-0.00025224907653546955,0.001185014103621181,-0.0030872234021755746
2014-11-07,-0.004974179036400791,-0.004971426670537166,0.003112012432030404,0.00558566082674928
2014-11-10,0.007003649351033686,0.007009420754398318,0.00025975663575851467,-0.0026289297780827817
2014-11-11,-0.0038627751753946443,-0.003856933365779897,0.0006284618703910919,0.0015931435589241732
2014-11-12,0.0006093856462376307,0.0006125472976247518,-0.0008013004666846301,-0.0027101135383172485
2014-11-13,0.0038561220074956153,0.003858234658757147,0.0013245780146074256,-0.0002202023487251283
2014-11-14,-0.005243479877143786,-0.00524041446436182,0.0009807534489772536,0.003744796734439403
2014-11-17,0.0027114381212709053,0.0027166552414379657,-7.087016301572873e-05,-0.0021238074179631876
2014-11-18,0.0013807979285675633,0.0013837524219391154,0.003933472516037013,0.002930891578687422
2014-11-19,0.0011644910207653735,0.0011672475518184385,-0.0020256591842103913,-0.004234195040979193
2014-11-20,-0.0022672386175377483,-0.002264189845660869,0.001777334959558518,0.001960069335075399
2014-11-21,0.009799189409541234,0.009802008798013632,0.0040240958019736265,0.006707696922459564
2014-11-24,0.002262692145367824,0.002266499300238471,0.002147446768494495,-0.0007893447927424436
2014-11-25,0.00022489403320194372,0.00022740838130374367,0.00053628241118928,0.000764260712693437
2014-11-26,0.003376311105178662,0.0033779925318834034,0.00222062078229991,0.002786177483325268
2014-11-28,0.01582062681482074,0.015822657144538833,0.0002509914486348966,-0.008486600160885779
2014-12-01,-0.016852707630243685,-0.016838937012942347,-0.005165808202006249,0.0022235817822062014
2014-12-02,0.008731523192627271,0.008784256130149886,0.0020995030945156158,-0.0036016004618454733
2014-12-03,0.0038903359940053667,0.003897311559747564,0.0024776482137342753,0.0005558917171743192
2014-12-04,0.0011045431699876593,0.0011072833755381493,0.0007253389702850603,0.0006080669506672462
2014-12-05,0.005185412023279367,0.00518731306304992,-0.0012339433886841998,-0.003941310627583886
2014-12-08,-0.0011537494312360795,-0.0011484163170202132,-0.0027190730671292655,-0.0006664244807115111
2014-12-09,-0.006459511545750565,-0.006455445458579926,0.0010642201075036764,0.0031279601289648457
2014-12-10,-0.006440894054432838,-0.00643528507529339,-0.007817815629824476,-0.003234091134219862
2014-12-11,0.005564400592817344,0.005569430891145632,0.0023333746422163053,-0.001890814205355245
2014-12-12,-0.004388869924567823,-0.004384758907751201,-0.006352485823011465,-0.00385127237623824
2014-12-15,-0.0037064586677576436,-0.0037021915668114832,-0.0055539751932558,-0.008021895104298923
2014-12-16,-0.001907505584778977,-0.0019033705546313185,-0.0026630660950969017,0.002059811111281849
2014-12-17,0.016472837932011236,0.016476476508197637,0.008665964384557634,0.0034736301428811385
2014-12-18,0.004538691516267517,0.004547806835155641,0.012390579756433838,0.003671155131269322
2014-12-19,0.007465964730953011,0.0074703257984483976,0.004024979832308677,0.002955567858104451
2014-12-22,0.01074995625739568,0.01075388247994867,0.0027654554662185546,0.0002373509077736592
2014-12-23,-0.005619139207834921,-0.005612376136538405,-0.002483298826856372,-0.0034109149881757735
2014-12-24,0.0017342588570337877,0.0017375217900610926,0.0003434677777989891,-1.988158022063644e-05
2014-12-26,0.001536107722328513,0.0015379695731112643,0.002475032374559804,0.0035700121066215684
2014-12-29,0.005686878525846539,0.0056883440130935286,0.0021620889819449793,-0.0014088568481996002
2014-12-30,-0.005042731108922271,-0.005039187980596754,-0.0027946792213967933,0.0009403354680318475
2014-12-31,0.000827655312569258,0.0008311032332636954,-0.005532232985084598,-0.004924072364034517
2015-01-02,0.010044536746015626,0.010047861820575207,0.001715191508282029,0.00040800966187051573
2015-01-05,0.008961306371545968,0.009102752672599685,-0.008395468881293673,-0.0025167067323824516
2015-01-06,0.007036987582857926,0.007043414700835174,-0.002872139822945049,0.001965833014475985
2015-01-07,0.004828073855108927,0.0048323847127327655,0.007277159012217946,0.003429552880894176
2015-01-08,-0.0014577592528900592,-0.0014532853775923867,0.008868026291314564,0.0026985633907166207
2015-01-09,-0.0017480274579694454,-0.0017445109683267665,-0.0028174295019987596,0.0017698925908547802
2015-01-12,0.004783399631343187,0.0047864232181926624,-0.003241157518722538,-0.0008864484892367903
2015-01-13,7.460523632975661e-05,7.851447494201417e-05,-0.0012921140707608874,0.0004100744748264957
2015-01-14,0.001446273687695061,0.001448082768037311,-0.0016907851208955017,0.0018427443446197688
2015-01-15,0.005090934097760819,0.005093481332979632,-0.0018914600968801475,0.0033911851048075933
2015-01-16,-0.0030711076206356254,-0.003066371198038891,0.004608685787458483,0.0038533725724138315
2015-01-20,0.005091322463450489,0.005096887033340405,0.002196515806179372,0.0005569587934540786
2015-01-21,-0.010395125720181034,-0.010390708149479263,0.0010253868628907906,0.002856238953194695
2015-01-22,0.01051197377288118,0.010518721520799895,0.007792875088587426,0.004261201405304098
2015-01-23,0.010798473282874777,0.010805009041189194,-0.0006301956001962643,-0.0011307321403081498
2015-01-26,-0.00033946947521010706,-0.00033311718898859275,0.0004581934933374736,0.00027960296094992326
2015-01-27,-0.008629048732697106,-0.008626483104838812,-0.007284566077529361,0.0007959211032194948
2015-01-28,0.011178540687864882,0.011184248978428261,-0.004432692730217499,-0.003767045403914439
2015-01-29,0.001573605880358062,0.0015814938030535785,0.003946717788114289,-0.0013934596523131988
2015-01-30,0.00019121410554210738,0.0001942681260343501,-0.0038095724235381653,0.00016744537096196314
2015-02-02,-0.005443745420633007,-0.005437034986892838,0.006709123169699783,0.0034729555845953502
2015-02-03,-0.012822327582775359,-0.012681545362425765,0.005295178393128586,0.004154296240044228
2015-02-04,0.006444558620906402,0.006454369891162143,-0.0016579148714236454,-0.0033084371215357
2015-02-05,-0.005425653756261774,-0.005420208474230716,0.004652178209604855,0.0038286559102829604
2015-02-06,-0.005456555767109699,-0.005450894879227026,-0.006071730280085726,-0.011563006522011452
2015-02-09,-0.0033411522514333863,-0.0033344581698344315,-0.002909641592975404,-0.0003326239414373429
2015-02-10,0.001515047644596838,0.001517551921359341,0.005501796148895113,-0.0012993970420568106
2015-02-11,0.0026022821232153733,0.0026053861148594443,0.00020920800666216524,-0.0035760840381808844
2015-02-12,-0.005862863603735543,-0.005859582729710967,0.006028349790126662,0.007869239358474046
2015-02-13,-0.0035309129281098145,-0.0035232078421419495,0.0012344693483306475,0.0017314621142829239
2015-02-17,-0.006853872415790128,-0.006850538725087015,-0.0017565678794151226,-0.0036650018284792195
2015-02-18,0.004195735108151234,0.004199128137301446,0.0018895727281279169,0.0017284153666995634
2015-02-19,-0.003942024434473018,-0.003939363789199822,-0.0014082963923696837,-0.003908320078153419
2015-02-20,0.0018557047616687675,0.0018582528225276713,0.0034875955549778827,0.002245357158530954
2015-02-23,0.00594513577319872,0.005947412910596039,0.001664157417670744,0.0003902005115431565
2015-02-24,0.0007567132268465886,0.0007601761333127961,0.00428940677071465,0.0018615549578940877
2015-02-25,-0.00217271497822769,-0.0021695363203937976,-0.0001687584593918572,0.002027582462682441
2015-02-26,0.003575436596779804,0.003577849787264897,-0.003004197810046699,-0.00439328618646795
2015-02-27,0.001963304122262662,0.001969042303493186,-0.0007482813967317944,0.00237077128308656
2015-03-02,-0.00013871685860795756,-0.00013661695306622186,0.0010270246545378908,-0.003153274941384279
2015-03-03,-0.0035059922889161444,-0.0034034786811130103,-0.0033315011401722373,-0.0017091075706287472
2015-03-04,0.0022862117310741346,0.0022881416007441992,-0.0022265566219797023,-0.003914669672884477
2015-03-05,0.0036999379134837057,0.003703550433440834,0.0008807309944164086,-0.0003679401930658095
2015-03-06,-0.00012844983555290577,-0.00012607331043695477,-0.01252390605323492,-0.014215369595224224
2015-03-09,0.004601365685827597,0.004609923208488298,0.0043459736270235255,0.001675653664790202
2015-03-10,0.00920944613870275,0.009211839363999995,-0.007981874080062987,-0.005864989300169325
2015-03-11,0.008644599306883015,0.008652112475965172,-0.0006622293189556404,0.0010546518383947334
2015-03-12,0.0008784090994761778,0.0008829111756867595,0.007902791023164097,0.004150171165867215
2015-03-13,0.005419085144288812,0.005422172027017354,-0.0042537260604188915,-0.004536671555949587
2015-03-16,0.001810155634813482,0.0018158021519933168,0.009337002774396998,0.0053468634453236385
2015-03-17,0.004224142875369165,0.004227360988142687,-0.0009386745582070981,0.000532129609491023
2015-03-18,-0.007237830591899614,-0.007235016519991051,0.011801198737414238,0.015266124441038894
2015-03-19,0.00828991970588109,0.008302534759978985,-0.004620520520620798,-0.006397432874575793
2015-03-20,-0.005975175810804931,-0.005966940511165197,0.006901596190759771,0.010353900776975056
2015-03-23,-0.009169879146914413,-0.009160831575404522,-0.0006383963364190192,0.0024523841519389087
2015-03-24,0.003108972746300011,0.0031153893910687972,-0.0021095485303373315,-0.00042278103982030266
2015-03-25,-0.01117053476364399,-0.011167927644296902,-0.01044622920797237,-0.005287373621367823
2015-03-26,-0.0050326300728766845,-0.005027509034454287,-0.0037145844890122993,-0.002819907841025897
2015-03-27,0.0062779138401564665,0.006281352988637466,0.002947962763958643,0.00040171174302634213
2015-03-30,0.011855406286224042,0.01185946821584822,0.007167425466078007,0.0023799715408549813
2015-03-31,0.0033220326721501397,0.003327988741294442,-0.00413622948837435,-0.0041174487870931946
2015-04-01,-0.001770978323693332,-0.001767253106880567,-0.00014319463886575907,0.006444421008720318
2015-04-02,-0.0026115654189156306,-0.002542683303857614,0.0010145586539684753,0.0014618370210038745
2015-04-06,-0.004609659432832643,-0.0046064395080848836,0.004564259276333338,0.005591904762771532
2015-04-07,0.004764722094696425,0.004770491726728901,-0.001266681701305716,-0.0022990348022787765
2015-04-08,0.0063032349725434395,0.006308315896985395,0.0016662614685374073,0.0005010492111902469
2015-04-09,0.002902305306393604,0.0029070620196964252,0.001058348790786989,-0.0031628422684697975
2015-04-10,-0.0020236997251482872,-0.0020186847657617715,0.0031915262187276216,0.002929660833980199
2015-04-13,0.0020463154043511085,0.0020493156971943564,-0.0019424301832069943,-0.0025758393433748606
2015-04-14,-0.0018998684100862578,-0.0018976909868054542,0.002324123006782719,0.002740489298292266
2015-04-15,-0.005997583579722306,-0.0059941216778362436,0.0029310793182019397,0.0034935493525050697
2015-04-16,-0.003734842232623355,-0.00372957014193691,0.00011758039022521256,0.0015677881719597636
2015-04-17,-0.003302527406551962,-0.003299028972313093,-0.006164830968165126,-0.0024835069714163674
2015-04-20,0.00519787000203033,0.005201075399427457,0.004769117810738418,-0.0016035135629392544
2015-04-21,-0.000550957721025584,-0.0005467862684291965,-0.0015571296625053327,0.00044999703122871346
2015-04-22,0.0008152263643477302,0.0008171544985880186,0.0006793753100909163,-0.0012373971251222094
2015-04-23,-0.004246565277061656,-0.00424395539949115,0.002727652385136832,0.004471857093869772
2015-04-24,0.001446712372626854,0.0014517766623761395,0.002787387925343176,0.0012882727356039315
2015-04-27,-0.005293777507211629,-0.005291630898546246,-0.003138723165308945,0.0017387152257164354
2015-04-28,-0.007949339858010813,-0.007945763360538987,0.00011316645179293235,2.8446312207013248e-05
2015-04-29,-0.010381268446100949,-0.010376367150713309,-0.003954961881357007,-0.005332287101141665
2015-04-30,-0.0049974804890826705,-0.004992653982573735,-0.006203802222908724,-0.005373638833747442
2015-05-01,0.0024520399888235856,0.0024563531701111115,0.004412554711072308,0.0008344524753768844
2015-05-04,-0.0009634771531446418,-0.0008600593702569403,0.0008819387519284565,0.00038140471453035986
2015-05-05,-0.012861179705083546,-0.01285940241075845,-0.007558817626216125,-0.004384632673121236
2015-05-06,-0.011798818331960633,-0.011792368477659184,-0.004427227054868403,-0.0029209385409260475
2015-05-07,0.011686371804069588,0.011692242866249064,0.004094342780152188,0.0002461819955993892
2015-05-08,0.011083915643565779,0.011091056764935318,0.00943256858568109,0.006867671242331259
2015-05-11,-0.008476566598471767,-0.008472250271361994,-0.006794131621667751,-0.007753990983852255
2015-05-12,-0.00552382798918355,-0.005520929171440178,-0.0015013896136760604,0.0018661016611733342
2015-05-13,-0.009611860241465646,-0.00960758712250301,-0.0004133908056444996,0.001716982995081202
2015-05-14,0.00613247655462511,0.006138806964947546,0.007632740559226609,0.006492737356912455
2015-05-15,0.0068666948239821425,0.006869283048544903,0.0034970023546754547,0.004511495774128824
2015-05-18,-7.710317287513851e-06,-4.5970470943860185e-06,-0.0008145155583655198,-0.004304973895733514
2015-05-19,0.008014971010030743,0.008018395832897924,-0.0019534070868662315,-0.005788122396694107
2015-05-20,0.003069463736084356,0.003077666593320201,0.0004331009352713518,-0.00027463630480948297
2015-05-21,0.002077162034949106,0.0020791743410110567,0.00411553426097603,0.0026693344125746955
2015-05-22,0.0044565535383066296,0.004458921244157793,-0.0023364487671322693,-0.0023663284311740214
2015-05-26,0.008594182939076524,0.008598646388261444,-0.004031210983444706,-0.00705692530516334
2015-05-27,0.007661749669205183,0.007671005288297763,0.005467969493336334,0.0014256703024023295
2015-05-28,-0.0039275535488322785,-0.003923137754403393,-0.0003081756304030799,-0.0012699230343407798
2015-05-29,-0.007193363731609612,-0.007191152221634387,-0.003515772202121824,-0.0018616755217285745
2015-06-01,0.002205526657661506,0.0022095625533957797,-0.0005423854816880428,-0.001403790037592398
2015-06-02,-0.01675512338338204,-0.01660222995156441,-0.00338060982319684,0.0003619702950391139
2015-06-03,-0.006493117402218102,-0.00648345316594713,-0.0018058584254216233,-0.004657613051513393
2015-06-04,0.008415273597194824,0.008418710679145248,-0.003174341198764857,-0.003491157098409073
2015-06-05,0.0037679529754928707,0.003774387102302051,-0.003914968414746516,-0.005717599739187019
2015-06-08,-0.009352784570260056,-0.009347127257119772,-0.0031328866699303014,0.0008591071913992614
2015-06-09,-0.0040506682344419774,-0.004044304887862095,-0.0013867625004818818,-0.0012036013567494677
2015-06-10,-0.01271756025575987,-0.012714676308566158,0.005679026722188211,0.00621099576455314
2015-06-11,0.012625329725444728,0.012635808785533737,0.005069262749984627,0.0010712033048383186
2015-06-12,0.000882957202036628,0.0008905285228833208,-0.004850226851146571,-0.002740003961432062
2015-06-15,0.0012685507092530697,0.0012704643541730197,-0.0016294966119035806,-0.0019300025023077552
2015-06-16,0.005525927163334937,0.00552793167854289,0.004797810075397077,0.0020103483360607707
2015-06-17,-0.003939939743329866,-0.003937548173051595,0.0011989586648070419,0.0013002544999822958
2015-06-18,-0.004279307822807003,-0.004275685848373356,0.0059488476696208225,0.004914093993099918
2015-06-19,0.00488028171645935,0.004885123171574212,-0.0005726960589212543,-0.0013558880113529559
2015-06-22,-0.0064988016755977585,-0.006494969314219365,-0.0002731441345469766,-0.0013644415693078351
2015-06-23,0.0010009353298223872,0.0010051374934433692,-0.0007794014038224616,-0.0006036637776149377
2015-06-24,0.0026543099436311677,0.0026584612169172723,-0.00322966048695921,-0.0023418330596724473
2015-06-25,-0.0036807667640108206,-0.0036778521954601174,-0.0028188792340452127,-0.0019563519794140627
2015-06-26,-1.3576447702205712e-05,-1.171034417265474e-05,-0.0020125867724275722,-0.0014249359763670248
2015-06-29,0.0030206133574572627,0.0030226990746818495,-0.008068553912985506,-0.003691629789749773
2015-06-30,-0.0023723946005319253,-0.0023656878212913917,0.00013342213983378012,0.0015857851261295737
2015-07-01,0.006248612199182061,0.006252337462282879,0.002684751417746644,-0.0011572625332669259
2015-07-02,0.0001299209656399166,0.00019404872967555692,0.0008684877901141369,0.001064940000087884
2015-07-06,0.015245644365330973,0.015246818504469704,0.0011304844887649855,-0.00409510790565891
2015-07-07,0.011334863032008757,0.011345325210242046,0.004822472275062201,0.00019389082731287132
2015-07-08,0.0005271853099695757,0.0005335879302499149,-0.008423589688032862,-0.004449336416433877
2015-07-09,-0.008625198401906625,-0.008620166467323588,-0.0017732598362755736,0.0009395025949641344
2015-07-10,-0.008806450685849888,-0.00880096345536233,0.004675797084430298,0.004585258588458303
2015-07-13,0.005943442632217955,0.005950369839149499,0.005538989424773214,0.0004660171498644494
2015-07-14,0.001400081761971323,0.0014042640101310311,0.0038695405761989365,0.0015172453896951956
2015-07-15,0.009490702461264834,0.009492043389153382,0.0013174450049699866,-0.001712359262008138
2015-07-16,0.004663739196600568,0.0046699676008734835,0.004676687671988575,0.0029240620018879332
2015-07-17,0.0038610098326374155,0.003864179981531095,0.0005488379489785189,-0.001414425552627816
2015-07-20,0.006678052907028138,0.006681076745516101,-0.0004792657597855995,-0.004737991097127113
2015-07-21,-0.00304116302284642,-0.0030349639977407905,-0.0012952883964449519,0.0004015718089601518
2015-07-22,0.007872573498516113,0.007874986751924619,-0.0005916262474280337,-0.002741991876891328
2015-07-23,0.000820956186070335,0.0008264100073072183,-0.0017659624797446334,-0.0019264555662594405
2015-07-24,0.002636345541781808,0.0026396303805820386,-0.005844104936134929,-0.002376231625286482
2015-07-27,0.0027152996434944418,0.00271826609607501,-0.002142092678189278,-0.0031968935876342834
2015-07-28,-0.0021690159766559083,-0.0021649256748840313,0.006161851605132657,0.002609027078129157
2015-07-29,0.0022186171022846282,0.0022212087478829697,0.003547211526917707,0.001840056401045527
2015-07-30,0.005489593709734455,0.005491757071147868,0.0005950717066253293,-0.0017432291534426522
2015-07-31,0.00018809710350112013,0.0001919813539565813,0.0014304994462627071,0.0030123289454738506
2015-08-03,0.008845627715231227,0.008848631412344736,-0.0007957773432103063,-0.002175052290866898
2015-08-04,-0.0025947236902992073,-0.0025513135598777,-0.0032367774089965065,-0.0012447035500938242
2015-08-05,-0.0010805924997019667,-0.0010783754945826118,0.00043589640589890586,-0.0017989852967628792
2015-08-06,0.00030210463358791556,0.0003037692786219368,-0.0035416556877413876,-0.00022095806383855317
2015-08-07,0.0013379053746513942,0.0013395376221024,0.000433802591327484,0.0018073688913236997
2015-08-10,-0.009699234210705291,-0.00969763215155734,0.0058765550541641474,0.004647031223320368
2015-08-11,0.008520366375621147,0.008527659127546819,-0.0028095298625492727,-0.0025269053134698255
2015-08-12,-0.005791249442206336,-0.005785639802202653,0.0005650484812748234,-0.00037253772558913054
2015-08-13,0.002461767519495455,0.0024665301445385983,-0.0017982238038121426,-0.0021886353635615355
2015-08-14,0.003053142688575844,0.0030555954132650024,0.0017678280178893848,0.0005464433495100048
2015-08-17,0.005568329083966597,0.005570109470420833,0.004067902441079744,0.00048342814408660804
2015-08-18,0.0024763583797116078,0.002479128471051482,-0.0023785966692376212,-0.0031755683459085498
2015-08-19,-0.002293667797379928,-0.002291344674272771,-0.002310375108992152,-0.0007699179833494868
2015-08-20,-0.005357853022078461,-0.005353626228326108,-0.011387984973413562,-0.002514509765059703
2015-08-21,-0.007141524322269465,-0.007136360311586551,-0.01618050365571109,-0.007812987366445864
2015-08-24,-0.015966204138824127,-0.01595912421218148,-0.02387448558580778,-0.013846880116701593
2015-08-25,-0.005957138895517111,-0.005945474204816564,-0.009080438110493999,-0.005011211042215184
2015-08-26,0.011027725721021715,0.011032360901040036,0.01928160816246807,0.00488285750692456
2015-08-27,0.001844724100918597,0.001854212848019953,0.01414846609646191,0.01073640568050851
2015-08-28,-0.0005447526066885438,-0.0005379967680112926,0.0001047386274180688,0.001520876016414265
2015-08-31,-0.009866105186417798,-0.009862712566156227,-0.00544488897073124,-0.00148272145581302
2015-09-01,-0.00020524304812532377,-0.00019876410441214444,-0.015637971640185187,-0.01083158450232276
2015-09-02,-0.0006304687104195072,-0.0004573096412350574,0.010295357031624543,0.004057128788283217
2015-09-03,0.0038991962339559824,0.003903337416516491,0.0013966236586288928,0.0012931234122028974
2015-09-04,0.008191136413447065,0.008193303134595833,-0.007930880359998248,-0.007459677268654437
2015-09-08,-0.010026345845145987,-0.010019285127975586,0.013330015625758244,0.007508021889307077
2015-09-09,0.006728918222539405,0.006736778415136842,-0.007976798000130297,-0.005382045083861815
2015-09-10,-0.006805164745252434,-0.006798564336965476,0.002393838176455911,0.0025461356609534215
2015-09-11,-0.002435304835147888,-0.0024305696449140398,0.0037905331735201015,0.0031265369560371853
2015-09-14,0.0020809155208565107,0.002083981253396144,-0.0018804975236050361,-0.0017530429621026341
2015-09-15,-0.003931580361625655,-0.003929452481241829,0.004455733255247987,0.0008553783577237245
2015-09-16,-0.010810915153253038,-0.010807142870011822,0.005174669751480202,0.007577843153301135
2015-09-17,-0.005681877367217296,-0.005672569317153836,0.0018484736602154888,0.0036035089201238105
2015-09-18,0.013596794447868637,0.013603018561155625,-0.008134352243525853,-0.005162405228028987
2015-09-21,-0.0005475880341664234,-0.0005382793501816389,0.0008718841094574983,-0.0009516382194218611
2015-09-22,0.01235521025287685,0.01235901519183073,-0.005929022357809875,-0.005604829592328835
2015-09-23,0.0003156242507575146,0.0003244570276502055,-0.001410893397749735,-0.0016627438470016307
2015-09-24,-0.0039043221121403664,-0.0039022525952728845,-0.0015855255226855656,0.0015372206008806243
2015-09-25,-0.0011563760724557111,-0.0011523180326769656,-0.0011973665500203058,-0.0005607101876649494
2015-09-28,0.00994581149697875,0.00994797068873266,-0.01284125345432993,-0.007241988822139167
2015-09-29,-0.0014219321869009256,-0.0014132638564321159,0.001740322719143442,0.0023493470233508407
2015-09-30,-0.0002230237845184522,-0.00022065655732192674,0.011157445060683875,0.005668820993743486
2015-10-01,0.00015361739869229594,0.00015763156403522237,0.001872961935113416,0.0013724411760250557
2015-10-02,-0.00750327224377178,-0.0073274324433662465,0.010891543969918724,0.009265505911659071
2015-10-05,-0.008070746503383425,-0.00806339379558597,0.008515855728444337,0.005844158518529482
2015-10-06,-0.0069930445983917185,-0.006986585471937882,-0.0012843791152781583,0.0030313899028222885
2015-10-07,-0.0035486991182309244,-0.003542800171114333,0.003984097897861641,0.004574520087427024
2015-10-08,-0.005110998369157237,-0.005107935908147936,0.004481737252588311,0.002413145477208933
2015-10-09,-0.006084264263060579,-0.0060805682339541995,0.0005804394037321733,0.0025394795563188966
2015-10-12,0.004736406850178434,0.0047411018539856116,0.0018779501676755744,-0.0001789111941582209
2015-10-13,0.001760739730995944,0.001763880952259438,-0.003492711341768596,-0.0037082285149960337
2015-10-14,-0.008252419486470361,-0.008249929990060493,-0.0007889279252161092,0.003768902190585799
2015-10-15,-0.0008094312469727322,-0.000802580894653627,0.007982894960412136,0.004710362602861357
2015-10-16,0.0038547715480415114,0.003858730535020914,0.0024556414884103553,-7.290293795834234e-05
2015-10-19,0.00720839878421866,0.0072113718386957485,0.00012186233075622369,-0.0022916834402925104
2015-10-20,-0.002973589844748165,-0.002967773001022721,-0.0021095201232456755,-0.0008262971444830202
2015-10-21,0.007801392344403877,0.007803131003549436,-0.002478625344834499,-0.002745029735460712
2015-10-22,0.006059204361461478,0.006064814729386161,0.010723073987665435,0.00486458929583745
2015-10-23,-0.0009843476037231145,-0.000979269675973041,0.0045689051484616725,-0.0008984410054749328
2015-10-26,0.0017589514589654216,0.0017626699212389119,-0.0005303524429712892,-0.0007392900750256684
2015-10-27,0.002836510607725472,0.0028382510959760764,-0.00023685390406561415,-0.0014416056141513705
2015-10-28,0.0022006171742030125,0.0022024991381353635,0.005028565832793217,-0.0001845885448084112
2015-10-29,-0.0028106755575975015,-0.002805903767454745,-0.0026874002714972665,-0.005077638032642804
2015-10-30,-0.0016363523525885406,-0.0016339572870392202,-0.0019380937717066882,0.00025758639142603196
2015-11-02,-0.0017444183018330475,-0.0017417100491857627,0.0062502323315948485,0.004155307312714183
2015-11-03,-0.001596916690903653,-0.001524723396678352,0.0006804943328710979,-0.0005556003403852317
2015-11-04,0.009564139911161828,0.0095678126549139,-0.0022371182391222677,-0.004776689822574692
2015-11-05,0.001782926226964047,0.0017905874166309818,-0.000863606837019611,-0.0010401948135934352
2015-11-06,0.00547438830908233,0.005476224617074988,-0.0030238379341576195,-0.009444264871606444
2015-11-09,-0.0015168319190949037,-0.0015081679787314014,-0.006300034496898916,-0.006865148372719103
2015-11-10,0.005425539041501414,0.005428220783365767,0.0021440790403030262,0.0006848665438698879
2015-11-11,-0.0017766857947214894,-0.0017736414526406832,-0.0025505858624958306,-0.0008225191876141371
2015-11-12,-0.00035379789006493483,-0.0003520064119059961,-0.00814404608785519,-0.004401015216681915
2015-11-13,0.005131022089912763,0.005134061858053822,-0.005163033159444882,-0.00423751266564595
2015-11-16,0.0033098098998274065,0.003313976668132157,0.009548142392042866,0.005388578764261585
2015-11-17,0.005726590858668123,0.005729479296186639,-0.0005502482222226651,-0.00285181699573606
2015-11-18,0.0004983879270555977,0.0005031693246527068,0.009261688670875965,0.004595467561488449
2015-11-19,-0.005963538416367071,-0.005961976311660153,0.00035090760188676105,0.0037770109749930324
2015-11-20,0.005086159525287698,0.005091084775146889,0.0016530508157072295,0.0010714661106030134
2015-11-23,0.003638133908560365,0.003641695789459894,-0.00016031586337669456,-0.0009323627282404501
2015-11-24,-0.005375382568372566,-0.005373054884076637,0.0011804028500321457,0.0025017922517434833
2015-11-25,0.004049851791383782,0.0040541012324130975,0.00014028117041468832,-0.000698209187067797
2015-11-27,0.007768368878398386,0.007770797625320631,0.00110193017544404,-0.003511392473816522
2015-11-30,0.0009267940210411921,0.0009323428371827284,-0.002338199366970856,-0.0008684374769938698
2015-12-01,-0.00019224992509538565,-0.00019026675211386416,0.007841747890761329,0.0071374976732496605
2015-12-02,0.004816162381447647,0.004867999222775426,-0.007247265765338765,-0.00861093137850514
2015-12-03,-0.028657859089507656,-0.02865085803341653,-0.012602838767713558,-0.0037939145873214686
2015-12-04,0.007829033460191122,0.007844330668613824,0.013139655205365964,0.007252911604324978
2015-12-07,0.011633534915068956,0.011638290357931807,-0.0023606818211557687,-0.0056373491873124544
2015-12-08,-0.00016828399888576797,-0.00015885929703388703,-0.003798599343370322,-0.0028406173086805153
2015-12-09,-0.009121438938052473,-0.009119394444767939,-0.004038743762057768,-0.001108082072310156
2015-12-10,0.003668556459099613,0.003674169745171445,0.0006579366588712963,-0.001721003623923056
2015-12-11,0.0037077080874555364,0.0037109552309713555,-0.008315348531966254,-0.00373753614243731
2015-12-14,-0.0007245493673618468,-0.000720080111400267,-5.793748008530153e-05,-0.0012603809699850536
2015-12-15,0.0043341258475233305,0.004336941408612819,0.005180453703230944,0.001859481744228698
2015-12-16,-0.0010622329127872065,-0.0010584071948802234,0.0076429187516846775,0.00653641205352679
2015-12-17,0.013933080995139676,0.013936772148260518,-0.007471022591032713,-0.006154110228488161
2015-12-18,-0.009320314142789663,-0.009310093630848951,-0.009149595358708948,-0.000235826847210373
2015-12-21,-0.0030396330948497413,-0.0030328935146243345,0.005055343421385304,0.003046314942239828
2015-12-22,-0.0017282481053247356,-0.001725265901763409,0.004217217745563107,0.000922350945346905
2015-12-23,-0.0034730898929061487,-0.0034709991842540333,0.006443891788024576,0.005222380589888746
2015-12-24,-0.001965388128647457,-0.001960939678296576,-0.0002507049573086361,0.001199449956621755
2015-12-28,0.004288910987549948,0.004291015242018545,-0.0012888341236237343,-0.0021337256397264254
2015-12-29,-0.0029842743149393206,-0.0029806229114339817,0.004234617930649925,0.0021088385949051534
2015-12-30,0.0034859649326998508,0.003490057674088211,-0.004105237951938147,-0.004615302710797602
2015-12-31,0.0015421198061365432,0.001545983227022098,-0.005532223673288306,-0.001995507294238287
2016-01-04,0.001575884659923816,0.0015785330422232737,-0.00660893438154325,-0.004128468372395634
2016-01-05,0.005654244580821181,0.005771993444321825,0.0008999331825805619,0.0011561426394125815
2016-01-06,-0.0009540068530770739,-0.0009501334026911706,-0.005162725514162462,-0.0024651286898195474
2016-01-07,-0.00797058616904328,-0.007965814711841752,-0.013428807975821232,-0.0063199635032213505
2016-01-08,0.001453049311209212,0.0014599277539263243,-0.005437442781002077,-0.004292648757863986
2016-01-11,0.008955580167330156,0.008958472547479251,-0.0007336693157188447,-0.003981099209116396
2016-01-12,0.00010500836920166068,0.000112396920339343,0.006592884918348252,0.001586089468836611
2016-01-13,-0.0034727944049196533,-0.0034705474870314387,-0.01305782007210906,-0.004399558641273574
2016-01-14,0.003980404043782637,0.003984287625701254,0.0086812258667025,0.0008064405278591311
2016-01-15,0.0010043014984267942,0.0010083056281974985,-0.010643439666609451,-0.00702656966444437
2016-01-19,0.0014686545771901217,0.0014752107971718051,0.00022264788088749172,0.0010547070473045064
2016-01-20,-0.0026570711315346916,-0.0026546592946101208,-0.005365107920995518,-0.004806112544706958
2016-01-21,0.0004057087104510639,0.00041111426841182203,0.0021641074900220283,0.0015175835346995636
2016-01-22,0.0017674192745660332,0.0017700692236900092,0.010907180301113085,0.00989537140509832
2016-01-25,-0.0009036783236513656,-0.000896201778385384,-0.007421464848264778,-0.004047352062951354
2016-01-26,-0.003675068806416744,-0.00367053681785721,0.00820048796985043,0.008477830977114614
2016-01-27,-0.00479511007555022,-0.004789355472692177,-0.006020703979112716,-0.0020395826085038552
2016-01-28,-0.003155176015872534,-0.003151227544787016,0.0035574455234555396,0.0013883893447361113
2016-01-29,0.008144097754326812,0.008147445627629292,0.01637557248366644,0.009148369850604384
2016-02-01,-0.0006835449755288533,-0.0006777361983667672,-0.001170878107638213,-0.0020695328758787448
2016-02-02,0.007344595522761471,0.007539716104589096,-0.007986173590808287,-0.00591012130875237
2016-02-03,-0.022014834747914002,-0.02200871279211454,0.0031133649012046265,0.008676218634283217
2016-02-04,-0.008698896315664291,-0.008682496666864364,0.0018943296405932164,0.003552827648312205
2016-02-05,0.008921157215670364,0.008927809259045126,-0.010826553385922847,-0.004974809001634721
2016-02-08,0.0009149194559670625,0.0009221606488362391,-0.004890867340502063,-0.0018650651275320472
2016-02-09,0.002730726604243053,0.002736670515709123,0.000104682092150764,-0.005561761134003739
2016-02-10,-0.007897487359133475,-0.007892323912030562,0.000732288425825654,0.004103704149830401
2016-02-11,-0.0050090793313920575,-0.005002130096692033,-0.005692084371604395,0.0018226486161981308
2016-02-12,-0.0026198975672431387,-0.0026125987616404884,0.008756042903326463,0.003077436242672127
2016-02-16,0.005020244365178293,0.005025661328310886,0.008671505148999656,0.0006950681649103799
2016-02-17,-0.010416216210790447,-0.010408487996079345,0.008664161071908504,0.007124344741421726
2016-02-18,-0.004160372281617241,-0.004151703792235687,-0.000571532134980557,0.0031697331453739465
2016-02-19,-0.0008781955654367503,-0.0008734379266952602,-0.0002790810862332051,-0.0008774713482283077
2016-02-22,-0.0013946182987512746,-0.0013924418566862808,0.00819632154854692,0.004483590792168187
2016-02-23,0.0034221136688937105,0.003427075246365896,-0.006748487523904801,-0.0033481944256660724
2016-02-24,-0.0012826142155789326,-0.001278408762949592,0.00271733911740053,0.001107943969348402
2016-02-25,-0.0037290281457244053,-0.0037272388801635466,0.008416807475434565,0.004289676207316863
2016-02-26,0.009834758603898932,0.009839089651449993,-0.003335360573723642,-0.00491186374292645
2016-02-29,-0.003998015723257509,-0.003989835176466128,-0.004035282187028457,0.0028329990657178896
2016-03-01,-0.00806863133783722,-0.008063764104909816,0.01084477028269294,0.006040397703022667
2016-03-02,-0.0018602798260958535,-0.0014536660792011733,0.002000297888462426,0.0046511288390285975
2016-03-03,-0.003220296431681934,-0.0032186150626393514,0.0028305464537651953,0.005267004929179271
2016-03-04,-0.0068062726697680565,-0.006803547746264563,0.0006144059698108827,0.003372559936149678
2016-03-07,-0.0013042967940134734,-0.001301143628206088,-0.0003174935309595745,0.0024036876026235035
2016-03-08,0.0083613769018791,0.008362996923364695,-0.004310736672125084,-0.004015255791958551
2016-03-09,-0.0062057634397105306,-0.00620194457597388,0.0013953591520659606,0.0009620036001703554
2016-03-10,-0.0034510918982316716,-0.003448534425203144,-0.0009382265519661394,0.001109317009164555
2016-03-11,-0.010829476488230023,-0.010827268907813686,0.008609002716305587,0.004609467364621888
2016-03-14,0.0022982856240091384,0.0023031953220765283,-0.0004922999687626946,-0.002618170052931689
2016-03-15,0.0034280452136274974,0.003429833372874061,-0.0010625558008631939,-0.002254591188091714
2016-03-16,-0.004049004133974914,-0.004047246290336005,0.005578136158877007,0.009119994988660847
2016-03-17,-0.005262169285612444,-0.0052573145202799475,0.0042853962956278125,0.006751989887472707
2016-03-18,0.0009568224336697066,0.0009610767368130608,0.003072315516687242,-9.391926576231635e-05
2016-03-21,-0.0011319730035226911,-0.0011309159694126959,-0.00024423639162608356,-0.0020377101631198083
2016-03-22,-0.0004471622285324963,-0.00044591672915464793,-0.001150491217178379,-4.531767611910058e-05
2016-03-23,0.006639093528676302,0.006640106638964402,-0.002239582778433126,-0.0062872525063057405
2016-03-24,0.00030306600716489444,0.0003073406751702281,-0.0006648800562867726,-0.001925208318376949
2016-03-28,-0.002500826774507421,-0.0025000818072395165,0.000933662738291119,0.001955386819843087
2016-03-29,-0.0012510974872991067,-0.0012494198828211555,0.008276221857318095,0.008799198780051597
2016-03-30,-0.004883516329910289,-0.004879664256965935,0.002135327916599298,-0.0006106673574777564
2016-03-31,0.0019395200216152147,0.0019415654174690239,-6.034646146619767e-05,0.0007414146664239135
2016-04-01,0.002679130385060993,0.0026803993081344333,0.004029235744387481,-0.0019409206211571592
2016-04-04,0.002255892552247811,0.002655939774742422,-0.001473832086525839,-0.0031644597230741363
2016-04-05,0.007371197673116704,0.007373535180455757,-0.00438212179762003,-0.0020039865124205332
2016-04-06,-0.0026783814969300107,-0.0026745133172673663,0.005626236106422506,0.003736318888746248
2016-04-07,0.008052400452441915,0.008055176471849371,-0.005095008464012736,-0.0010583467183292075
2016-04-08,-0.004379998413084033,-0.004375699036388687,0.0009812585831250906,0.005332325491787814
2016-04-11,0.0001336765154014027,0.00013751909411786683,-0.001471408282835149,0.0026512888241383863
2016-04-12,-0.00662268911465986,-0.006621149088192052,0.003933985324159454,0.004662153626855637
2016-04-13,-0.008554758019261177,-0.008550359461743845,0.006333032848681387,0.002562894496971314
2016-04-14,-0.004092919847491403,-0.004088311292069588,-0.0009123604864713633,-0.0034178731904483403
2016-04-15,0.0072740510324667065,0.007275800083120513,0.0005295165679307914,0.0017027629425371705
2016-04-18,-0.0008376886631131063,-0.0008350651275522565,0.0038181738571973316,0.0019741516978947016
2016-04-19,-0.002364229528368471,-0.002362825232021579,0.0012494802081387385,0.006068734842873012
2016-04-20,-0.01140120029171401,-0.011397787493880084,-0.00144108572022594,-0.0024525266458279194
2016-04-21,-0.0010328217944790847,-0.00102771828773084,-0.0039010746402955636,-0.004010349349315362
2016-04-22,-0.006650810861619051,-0.006648884279173797,-0.0004345030443745402,-0.003223407749409661
2016-04-25,0.0031222189351501305,0.0031257982943795897,-0.0014747530313493256,-0.0004908489389992323
2016-04-26,-0.0022530650577153636,-0.0022511817371007534,6.332144277949197e-05,0.002546377035082124
2016-04-27,0.0029679562177637206,0.002970076461338002,0.003419031012115084,0.003239495382912249
2016-04-28,0.01358144447404005,0.013583055886277845,-0.004107755316773638,0.0023011452149442535
2016-04-29,0.0071201748088712226,0.0071272563561857625,-0.0033901345994208037,0.0024111531006033027
2016-05-02,0.0023484478957286207,0.0023525922415912563,0.003602940810895971,3.7086080696152435e-05
2016-05-03,0.007900734462357149,0.00795942255087119,-0.002848112271122493,-0.0044667154500875545
2016-05-04,0.002454695017911579,0.0024600221971847833,-0.002596294551960606,-0.0016419623611829207
2016-05-05,-0.0001550884225971296,-0.00015248170606205625,0.0009850397667274338,-0.0006370306137239754
2016-05-06,-0.00017617357832233144,-0.00017388822058290575,0.0012192698679032838,0.0027104899600302853
2016-05-09,0.0012484356692735357,0.00125026128449874,0.0012609706576336773,-0.004537726899551501
2016-05-10,-0.0056080586038335335,-0.005604296180861544,0.007327100620074625,0.0056691635106383975
2016-05-11,0.0007306434416177379,0.0007357388308571831,-0.004979645788803603,0.0003581320235736973
2016-05-12,-0.004545299174757676,-0.004540894782246755,-0.0009233610711837162,-0.0014966053729425681
2016-05-13,0.0020870118735082364,0.0020890804277368478,-0.0036617410539929347,-0.0022369816229199186
2016-05-16,-0.004078321245744676,-0.004075342364618066,0.0043843413988852355,0.0034575545354410954
2016-05-17,-0.003296048016595479,-0.003292538855237515,-0.006116458109374343,-0.0026954701260202946
2016-05-18,-0.012713148786043769,-0.012710392773142296,-0.003096725876169339,-0.00759997403437435
2016-05-19,0.0003595768579580925,0.0003634304663525684,-0.0016624560955457981,-0.0025681975726082273
2016-05-20,-0.00012224935437910264,-0.00012047028160342365,0.004019805413678963,0.003239140465458461
2016-05-23,0.002759601465787309,0.0027611526553551133,-0.000556294563763782,-0.0003307575493521894
2016-05-24,-0.005745198841101189,-0.005743134618660117,0.007068134149066619,0.0014949863499786786
2016-05-25,-0.002695357136821807,-0.0026912959572195673,0.0038849338199278926,0.0028146365712267522
2016-05-26,0.0026996475941494288,0.0027020189946376774,0.001409039901406017,0.001794154900774081
2016-05-27,-0.004925948952510409,-0.0049248784703185,0.0018202728347015966,-0.00042911288608739215
2016-05-31,0.0012383894556457008,0.0012414101478653288,-0.0006750976273531595,-0.00041099652057103014
2016-06-01,0.004660261578762236,0.004661397594555561,0.0010981015022130426,0.0022907448306694954
2016-06-02,0.00200843642167951,0.0020549731082923806,0.0030674634332551595,0.0027963057511943244
2016-06-03,0.01855389024655426,0.018555459716991206,0.0019212714873431786,0.00948534318252362
2016-06-06,-0.006733094868501025,-0.006726423287449393,0.0019830285736965342,0.0006361443146936022
2016-06-07,-0.0004019598910319063,-0.0003980314255009928,0.0015146660041742066,0.0033680432669076776
2016-06-08,0.003811472353452424,0.003813325681109912,0.0024228523389117538,0.005521345750109202
2016-06-09,0.0023858176380515033,0.0023880950982746152,-0.00020449468273440801,-0.0012539445419960094
2016-06-10,0.00486392462474777,0.004866304294686369,-0.004265399137972694,-0.0059442817647774905
2016-06-13,0.006651947845522563,0.006656589966961238,-0.0037961759677071346,-0.0013250291085730296
2016-06-14,-0.0015568518632737552,-0.001553244474313246,-0.001277119419938059,-0.0028204916473189338
2016-06-15,0.004281417373714643,0.0042836224910076225,0.0004133080946008183,0.003399076629077195
2016-06-16,0.005681092486404048,0.005683226339456662,0.0022030614019418406,-0.00018989431805922183
2016-06-17,-0.002983464179070018,-0.002979410522434712,-0.003587831392793881,0.0031532661126209153
2016-06-20,-0.005792816976990857,-0.0057893361608635325,0.00206117989550364,0.00329279076300761
2016-06-21,-0.008047537289453522,-0.008043383410785308,0.0007763014630811196,-0.0020427248168544314
2016-06-22,0.003946995675222665,0.0039510317384151205,-0.00017195162469353878,4.8276954829115185e-05
2016-06-23,-0.007312622568583064,-0.007310308499646761,0.005820169819665752,0.003923147857186857
2016-06-24,0.01869810827000941,0.01870387129943096,-0.015985718797045412,-0.008128138694382104
2016-06-27,0.005089831908596459,0.0051062439433545385,-0.006953819906469932,-0.00040165222885664957
2016-06-28,-0.0007547689067426699,-0.0007502173475445496,0.010397630537166176,0.008379575351304968
2016-06-29,-0.002756050241760465,-0.0027506386144131364,0.008275152217468846,0.006731629203533241
2016-06-30,0.0021275487553718006,0.002131955817388963,0.008960351359687398,0.004481645772982354
2016-07-01,0.00655683725627787,0.0065593268196395375,0.0023200169938830326,0.005962895959494825
2016-07-05,0.01407777582654318,0.014274372192343473,-0.002125988590007025,-0.0027202180715031566
2016-07-06,0.001707306786193349,0.0017152558235952503,0.0036503534437357646,0.0011949407317525802
2016-07-07,0.002463087067511406,0.0024647119772784705,-0.0009016513133847942,-0.004200481679970149
2016-07-08,0.003841061867219939,0.0038452147295489876,0.009690000814586102,0.008648700292723075
2016-07-11,-0.008979585034066663,-0.008976601012448087,2.0118295848634625e-05,-0.0012398034340809659
2016-07-12,-0.01349455919173914,-0.013489578128198924,0.002038264619402768,-0.0005828764342475453
2016-07-13,0.007418386980407395,0.0074259196985096984,0.0009274934528974735,0.0016639672669613277
2016-07-14,-0.009193440032297513,-0.009189750882633489,0.0017435781818959776,-0.0010375363348281666
2016-07-15,-0.002786484052753607,-0.0027824552593732205,-0.0023156444925104785,-0.0026394289072586823
2016-07-18,-0.0009667096176948074,-0.0009653983111723038,0.0015318115776779128,0.0006978688242919341
2016-07-19,0.005177888418967774,0.00517936113996358,0.00042621717455764417,-0.0009644116818251843
2016-07-20,-0.004610169129882997,-0.004607448474833887,0.0017327928273537783,-0.0014911530061380493
2016-07-21,0.0061121861297032285,0.0061148336566170655,-0.0014362760140362463,0.0014106686542148133
2016-07-22,-0.0002102187627510593,-0.0002065495038332944,0.002417237855573401,0.0010081132199877291
2016-07-25,0.0009061017781963874,0.0009084423156028706,-0.0019710149203826586,-0.0028729198185188823
2016-07-26,0.0016921856053564853,0.0016942772619245733,0.0005254452904879756,0.001795119915599671
2016-07-27,0.003438290820361876,0.0034402543489756984,0.0010238600295923886,0.0014665028779091258
2016-07-28,0.001112184215689859,0.001115952676655521,0.0009105287845212545,0.0003499522220964443
2016-07-29,0.010008547774196064,0.010009927457139928,0.002476890507754692,0.008172510699887049
2016-08-01,-0.0007439440674601328,-0.0007399563865600763,-0.001864945839807413,-0.0033967975535226253
2016-08-02,-0.0006351642732829036,-0.000422587736466847,-0.004807429480257217,-0.002509512364723423
2016-08-03,-0.006000935004842094,-0.005996849090511933,0.0019644756958527012,0.0004723413408685636
2016-08-04,0.0005373310884271599,0.0005411877185932511,0.0016007133798617678,0.002232860560547686
2016-08-05,-0.007773329978844566,-0.007771855879447929,0.0024095691807418376,-0.0009256540296783412
2016-08-08,-0.0012542957794195915,-0.001249634749909064,-0.000573431929880501,0.0009313526281792054
2016-08-09,0.006927281891041122,0.006928875013657022,0.001780330115658263,0.0037119414574634194
2016-08-10,0.006678243565567509,0.006680814999003381,-0.0004263796512862086,0.0005836442821818145
2016-08-11,-0.009072505567996526,-0.009068720556037763,0.0008716766652584265,0.00023868646264335635
2016-08-12,0.003652859707257096,0.0036578518689121342,0.0008929608348503589,0.0018800393567780526
2016-08-15,-0.002327294605369082,-0.0023254538086147783,0.0005671971295876258,0.0022840484943414587
2016-08-16,0.0010263754030512616,0.0010293615075860057,-0.003785482011699299,-0.0004170210626191403
2016-08-17,0.0013697638497801878,0.0013737993646052641,0.0017726702934602074,0.0011106185181773522
2016-08-18,0.004308786703260954,0.004309780839255027,0.002061636324117276,0.0034522755395004767
2016-08-19,-0.0062477757792073286,-0.006244945841905877,-0.002226497492904726,-0.003959082755655271
2016-08-22,0.001978195382991867,0.0019801420738100733,0.0008591369246549732,-0.0008731064319576723
2016-08-23,-0.0008417865468948394,-0.0008395226986294404,0.0011777284064560974,0.0005797077224067403
2016-08-24,-0.0036672697304825377,-0.0036662788278819403,-0.0032268416046318978,-0.0035455627355597567
2016-08-25,-0.0003970759408790642,-0.0003950783763001936,-0.0010541386968525492,-6.272389903842891e-05
2016-08-26,-0.010410390174971518,-0.01040918531228537,-0.002663066796657256,-0.004903246348683082
2016-08-29,0.007445118136157527,0.007448770208309621,0.004607417882554332,0.0036407599262554616
2016-08-30,-0.0057247570575582295,-0.005721473096057889,-0.001029663726729043,-0.0037595525089601746
2016-08-31,0.0005712034765842383,0.0005739087100036679,-0.002175275637318728,-0.0036902286073982123
2016-09-01,0.004948712134017674,0.004951132330335413,0.0006514005247181712,0.000984929616966656
2016-09-02,0.002396701486650867,0.0026270285342976686,0.0016664909540992055,0.0038270525163901247
2016-09-06,0.01330188574838082,0.013305478160117514,0.003675140742645663,0.008211173404120252
2016-09-07,-0.0007190477980920282,-0.0007139572502380927,0.00015845854749636126,0.0011557337142800422
2016-09-08,-0.011888983327964755,-0.011887137176756043,-0.0033296243361174574,-0.002722252098113276
2016-09-09,-0.021538096670867313,-0.02153238122714484,-0.016296022124306416,-0.014777577717627045
2016-09-12,0.00840379323325928,0.008412343881117874,0.008928080043249615,0.0044459378425838626
2016-09-13,-0.016591197304991843,-0.016587556090533515,-0.010106646825010014,-0.011441296133753269
2016-09-14,0.003266750797967822,0.0032726625311465963,0.0006835166893690653,0.0006606192068674104
2016-09-15,0.0037696136000145396,0.003771227031858794,0.006075392879466728,0.00323896785831559
2016-09-16,-0.00167090202693568,-0.0016685659599712313,-0.0018845796905168483,-0.0015523714600627684
2016-09-19,0.0033332382686783618,0.0033359053021395266,-0.0005757124566431592,0.0021071760143447265
2016-09-20,0.0012148999487566385,0.0012170457438231697,0.0006431650005238478,0.0013322340335159746
2016-09-21,0.01424099728751027,0.014241952881023328,0.007378978603936119,0.01070760872998224
2016-09-22,0.007735527762179446,0.00773961400030904,0.004968766790102749,0.005122746451406579
2016-09-23,-0.0021523844762865825,-0.002149064649731043,-0.003116884827905476,-0.003260095559917774
2016-09-26,-0.00149115481606332,-0.001488749006512971,-0.0037152871505998905,-0.0005406221646475701
2016-09-27,0.003336919618602057,0.003339806649243682,0.004390657375674687,0.00022654188600279093
2016-09-28,-0.00031575691441650057,-0.0003117624649314483,0.0027907425878848347,0.004076380544314682
2016-09-29,-0.008816563902126687,-0.008813364586027222,-0.0051765181127639,-0.004299110634719027
2016-09-30,-0.0027804195247041644,-0.0027758120388551807,0.003502051343642147,-9.41993579644282e-05
2016-10-03,-0.006785052205555521,-0.0067827123880731185,-0.0023741781599842427,-0.0015872872214285835
2016-10-04,-0.014565287845694838,-0.014469197275890876,-0.004888639801609224,-0.008390010147740302
2016-10-05,-0.0030451019916609904,-0.003038931153524339,0.0017530686320529358,-0.0004608325234897105
2016-10-06,-0.004302522697098489,-0.004299418860372134,-0.00041035543892637967,-0.0020956046979359326
2016-10-07,-0.0005464718289795175,-0.0005442523857820784,-0.001489140266655873,-8.077911706536715e-05
2016-10-10,0.00028741798265367673,0.0002891488148461587,0.002083752446694464,0.0020797007958887653
2016-10-11,-0.008118297385851915,-0.008115238142432656,-0.007722197893949404,-0.006403635286386785
2016-10-12,0.0016808023793213984,0.0016843738378131945,0.000785673255706059,-0.0005295532840845891
2016-10-13,0.0005434425015148936,0.0005457732104793521,-0.001132317770004211,0.0011832077748619376
2016-10-14,-0.0041286237888420296,-0.004126320296289977,-0.000925013638536392,-0.0028008467684170323
2016-10-17,0.0011423976205934086,0.0011447918626284529,-0.0012112418562388635,0.0010218822846301046
2016-10-18,0.007532771300899786,0.007534050074902987,0.0045469062292916385,0.004706778523142539
2016-10-19,0.002856318780589793,0.0028593565662528874,0.0017792161987155834,0.0028444043652702073
2016-10-20,-0.0005487184951710846,-0.0005474279367094022,-0.0014812900520525503,-0.00214699330387177
2016-10-21,-0.00012406976724542248,-0.00012231728715706396,0.0007143514825708977,0.00018489872973791408
2016-10-24,-0.0005834634937738492,-0.0005820857347853197,0.0020074288349557746,4.2012585979533536e-05
2016-10-25,0.000762524447674152,0.0007635487769440954,-0.0020862977612907214,0.00013175703551244556
2016-10-26,-0.006019921862344912,-0.006018643737660406,-0.002072881732842526,-0.004853963690095133
2016-10-27,-0.009164332175401227,-0.009162128135335781,-0.002977505218037799,-0.004554099782633156
2016-10-28,0.00047090448675256714,0.0004758850260688189,-0.001702114273107172,-0.00018916846957291885
2016-10-31,0.005665176479286518,0.0056676609168083,0.00035554873889628554,0.0014397011999840127
2016-11-01,-0.0045109002716733435,-0.004507122949609406,-0.004328225335626578,-0.0018094908150987758
2016-11-02,0.0005775930787851413,0.0008747266834038554,-0.002410919411972552,-0.0027416225184372415
2016-11-03,-0.0023305779164760434,-0.002326855708809279,-0.002992510680301982,-0.001853400782825913
2016-11-04,0.002958040050280852,0.0029597770356503445,0.0005863562581006033,-0.0006098510210365712
2016-11-07,0.0032090943558118526,0.003211742655390952,0.011460484581287192,0.004171029588114171
2016-11-08,-0.0003126732254660053,-0.00030608316608993354,0.0012994972875050527,6.881121111001338e-06
2016-11-09,-0.012494664569092243,-0.012492705858347072,0.0003731379299407253,-0.009140861465204231
2016-11-10,-0.010065002363869561,-0.0100582048981884,-0.0008256571855978973,-0.008879894014317337
2016-11-11,-0.0018255986139785831,-0.001821819549556024,-0.002206876377190192,-0.006424480321584315
2016-11-14,0.001823867627219544,0.0018275798807080522,-0.0017635159736771604,-0.0022942728473038655
2016-11-15,0.0005476548691958705,0.0005529923843398994,0.0047881803917604795,0.004777262405843016
2016-11-16,0.005002364105081542,0.005006099272552268,-0.0007962339655367773,-0.0027280534900309223
2016-11-17,-0.004445047482839729,-0.004440687401948954,0.0014630161815760358,-0.002221478253204898
2016-11-18,-0.002486757121347302,-0.002483716201507334,-0.003077130548093133,-0.0026898451114121752
2016-11-21,-0.003894414178719515,-0.0038919143356182058,0.004990027658451866,0.005015555483326975
2016-11-22,0.00424270489684795,0.004247441268279233,0.0015687173845074676,0.00336066601656124
2016-11-23,-0.005168226061660272,-0.005165548554487067,-0.0010287639190180295,-0.00480349393221865
2016-11-25,-0.001011826039279598,-0.0010084709313728912,0.00198080010793843,0.0001446138674674414
2016-11-28,0.005175846595216733,0.005178047221785566,-0.0011944886593246967,0.002846485256119
2016-11-29,0.0013274328132703349,0.001329913159305797,0.0016026884485269273,-0.00018553688498507218
2016-11-30,-0.012480303698783836,-0.012477202995528534,-0.004035352625084598,-0.003119806886421058
2016-12-01,-0.010868634318860709,-0.010861874741808605,-0.0037287227566710724,-0.002418792286945921
2016-12-02,0.0027847710871890287,0.0030371491529950076,0.0020876684364522645,0.0036360964222288735
2016-12-05,-0.003170682549942611,-0.0031689331850893606,0.0034464205212008667,0.0027933183211210685
2016-12-06,0.0015118560570087603,0.0015155332671206408,0.00205377857127291,0.0012217586335099583
2016-12-07,0.0017982468796857785,0.001800309457792081,0.009191430872285505,0.006992503788772379
2016-12-08,0.007803530258315629,0.00780728831973449,-2.5964766938745348e-05,-0.0009230404091021918
2016-12-09,-0.0007997377522778056,-0.0007947419544663293,0.001625590965504964,-0.0028018995139562934
2016-12-12,-0.000563274712427212,-0.000559873799177982,-0.000623484462401796,0.000914211879290757
2016-12-13,9.931084132487325e-05,0.00010183840699637779,0.004278862243358077,0.0027471728369448697
2016-12-14,-0.008153583225680995,-0.008151871740538275,-0.00827735528500094,-0.012262196289132984
2016-12-15,0.00020694000031333748,0.0002106806745715943,0.001414258536278628,-0.0020760092430116865
2016-12-16,0.0020340946653419865,0.002037841543584889,-0.000705859374643811,0.0018687897763661396
2016-12-19,0.003786695702407314,0.0037887197433918614,0.003134970859030891,0.0022320378275421733
2016-12-20,-0.0002897569598774831,-0.0002871422615300671,0.0015238446534513465,-0.0001783279079089106
2016-12-21,-0.004953638767417455,-0.004951593483150651,-0.0010627502827524381,-0.0016302442257349063
2016-12-22,-0.0016861262243457718,-0.0016831162182997152,-0.0012224466122959692,-0.002084302683246753
2016-12-23,0.0013917148382139226,0.0013924565374254462,0.0012684524273656593,0.002160145095363108
2016-12-27,0.004296376519653851,0.0042969745434226,0.0009479023525361882,0.002086340626805254
2016-12-28,0.0015471672030168354,0.001549856812032509,-0.003617152915061441,0.0003730392281409679
2016-12-29,0.0032364115861924134,0.003238524380680003,0.0010689456550160136,0.005311182312977606
2016-12-30,-0.0031842987979085304,-0.003181743157327283,-0.001050548310677788,0.0003650149074550427
2017-01-03,0.004266791499929232,0.0042693649907065145,0.004439724642383694,0.0015999980467218354
2017-01-04,0.004578669342966922,0.004773733379392277,0.0040256180043481875,0.005593055403947075
2017-01-05,0.007536444022547344,0.007539038567092317,0.0021077350393654826,0.007353229009622986
2017-01-06,-0.0031866575744826293,-0.0031831013571669044,0.00032243907201330504,-0.003588928969830044
2017-01-09,-0.0003529988830807957,-0.0003503633306726514,-0.0004684789120316003,1.8473707719511634e-05
2017-01-10,0.0005399746779225646,0.0005432850424435348,-0.00019057034105499372,-8.509702192530217e-05
2017-01-11,0.004195655805373111,0.004197044951600692,0.0021504602092356053,0.0030482368613262032
2017-01-12,0.002242227559278205,0.00224441075912666,-0.0012791426741960608,0.0030442989120070224
2017-01-13,-0.0008340475970939598,-0.0008316904445819344,0.0005034427806352044,-0.00024021283459255426
2017-01-17,0.0036851687130911017,0.003686113271572921,-0.0001072208935964324,0.003997511335388069
2017-01-18,-0.00558614456879019,-0.0055823596425101756,-0.0015215639642522734,-0.004998256051267895
2017-01-19,-0.006993839768129334,-0.006990724292058539,-0.003744865251938064,-0.003403867011099353
2017-01-20,0.003397047043363462,0.0033995277974024915,0.0023976399216698134,0.0030641845683258492
2017-01-23,0.006036873135845891,0.006038615413212964,0.0005255578297591307,0.0051468808047681475
2017-01-24,-0.0005788783201951953,-0.0005762205051289465,0.0023235068945831826,-0.0003805422441137359
2017-01-25,-0.0013731445103156961,-0.0013713965223177771,0.003238803172454796,-0.00036157728223279093
2017-01-26,-0.00046071741787020103,-0.0004574417324548747,-0.00010523175308980965,-0.0022624665284880874
2017-01-27,-0.0028592971978493946,-0.0028564344658652515,-0.00045812940554208255,-0.0015361190280679421
2017-01-30,-0.0027304234677445315,-0.0027282376333431597,-0.0038600943282144197,-0.0017682630891020354
2017-01-31,0.0031105400402423743,0.003112848980570862,0.001313230981798505,0.004541812198991706
2017-02-01,-0.0005473759770708368,-0.00054463137189318,-0.0005254418789759946,-0.0011030041818113566
2017-02-02,0.0039814507765356544,0.004188857917446415,0.0005476408543528561,0.0024850086395036934
2017-02-03,0.003657198967838126,0.0036591252939924815,0.004441451004425157,0.0024525826834159844
2017-02-06,-0.0010552443273293965,-0.0010537810308223938,0.0008250863747068545,0.0010359033107122308
2017-02-07,-0.0020476623626712242,-0.002045085337887174,0.0007469896073555846,-0.001246613580416749
2017-02-08,0.0009997552553987113,0.0010016210903216487,0.0024183270216670597,0.004230622464282061
2017-02-09,0.005626066832760475,0.005627825494008562,0.0011665498361581566,-0.0011324960224124534
2017-02-10,0.0060960338474179,0.0060994472389890066,0.0021087615376347477,0.0029959374938623496
2017-02-13,0.0018478147928477414,0.0018503993145870523,0.0026766403493210206,-0.001293646684938202
2017-02-14,0.002419932909009888,0.0024224751761050206,0.0009840149646110224,-0.0013711358720422215
2017-02-15,0.003791795995789588,0.003793819012941797,0.0024123933809834354,0.0014189699017575484
2017-02-16,-0.0028087557394663345,-0.0028069238581781503,0.0010573247666491883,0.0018595033128498842
2017-02-17,0.000344697344658565,0.0003479351303843781,0.0020052461749192254,0.00012841548445933457
2017-02-21,0.006746343088971283,0.00674815969480784,0.0034251586901254106,0.002072363339824211
2017-02-22,-0.001577964661067784,-0.0015744209841834637,9.340070837671877e-05,0.0002999496696831714
2017-02-23,0.0014863706227689992,0.0014878571679071266,0.001454633793015782,0.0025595520036704325
2017-02-24,-0.0020374699186356095,-0.002036295052692123,0.0025936230538739034,0.0011359871253310868
2017-02-27,1.7462794760846415e-05,2.0171192839031236e-05,-0.0004634096640983899,-0.0014166359142558692
2017-02-28,-0.0023697936879606076,-0.0023681432240972205,-0.0018257350309666559,-0.0008816623671900779
2017-03-01,0.012161513009724057,0.01216335519644471,0.005756963694949478,0.0005739488626998017
2017-03-02,-0.006596125599249116,-0.006466630734883864,-0.004926506221147609,-0.006948891275837234
2017-03-03,-0.002737487057785765,-0.002734973229410809,0.0007604917620925978,0.0022364207207613627
2017-03-06,-0.0009966649369593115,-0.0009932485743172766,-0.0018608133934881863,-0.0020687877068815796
2017-03-07,-0.002342293737249539,-0.0023409353523027388,-0.002363446374861395,-0.0025995473511605
2017-03-08,-0.00576580608290129,-0.0057646788888101475,-0.002458420380943818,-0.006617729101209454
2017-03-09,-0.002389071420939164,-0.002385666224926095,-0.0003603707610923208,-0.004056901292732541
2017-03-10,-0.00213252851124348,-0.0021299922233617443,0.0029494248170456915,0.0021501416230598094
2017-03-13,0.0059612909897171565,0.005964749374108124,-0.0006980466873385279,0.0008666794786534312
2017-03-14,-0.0042865930659944885,-0.004283131436298155,-0.0018742466129577488,-0.0019372838980379373
2017-03-15,0.0045434228700404035,0.004545220543901947,0.00869734322250271,0.011699815694453311
2017-03-16,0.0012485670878200786,0.0012537492599191717,-0.002288473649415071,0.00036378985331539366
2017-03-17,-0.0005303007970012052,-0.0005283408448390656,2.0883878186470453e-05,0.0018816904194427515
2017-03-20,-8.66697350651172e-05,-8.495736628228889e-05,0.0003020751465504771,0.0018272888232569889
2017-03-21,-0.01165031115121437,-0.011649195096509014,-0.006330269823515541,-0.0009069993458304343
2017-03-22,-0.000267389855995014,-0.0002614461173116754,0.002167066705088616,0.0015916709277100686
2017-03-23,0.001461000545752635,0.0014620755203011357,-0.0010573445588025932,0.00038097605378722185
2017-03-24,0.0006471219116169853,0.0006484217030659879,-0.00019991940529612826,0.0010330445623987542
2017-03-27,-0.005267287755572496,-0.00526643427378173,0.00039312371963747005,0.0007542582761411608
2017-03-28,0.009106892978542459,0.009110488194405164,0.002924365464106663,0.00048815969320620376
2017-03-29,0.002232478904186012,0.002236954888237363,0.001707894964711025,0.0025441560509953235
2017-03-30,0.005350899076859887,0.005352346593204618,0.0007427892597004494,-0.0025872989471191097
2017-03-31,-0.0019774824124831406,-0.0019734662854039822,-0.0005830921391277322,0.0005889374906473819
2017-04-03,-0.002966581090843212,-0.0029647112548896928,0.0009577721261521872,0.0024228807039292236
2017-04-04,0.0032199351150885695,0.0032474980336461203,-0.00018600712859115627,0.0007192166530071855
2017-04-05,-0.0032830405397575022,-0.0032810353097852294,-0.0010297818507975754,-5.501090481899927e-05
2017-04-06,0.0030524647753869824,0.003054520075237116,0.0014197045045344391,-1.966866128730654e-05
2017-04-07,0.004249378120950148,0.004251132790860647,-0.001820181529011902,-0.0007267282306821299
2017-04-10,-0.0005064507496141724,-0.0005039345581173946,0.0010758547872161894,0.0015040138366661515
2017-04-11,-0.0013414662717483716,-0.0013397802375021196,0.001136569187096278,0.004411992344932308
2017-04-12,-0.004278044140208075,-0.004274870583486389,-0.0013799704865013619,0.0016673031226147866
2017-04-13,-0.0022708383162398727,-0.0022677771869942845,-0.0026701108150020505,-0.0004986607342319305
2017-04-17,0.00476964052697209,0.004771855340640737,0.004625416962850137,0.002233317812802153
2017-04-18,-0.010474039406227252,-0.010470724112479976,0.0005167775425262808,0.0006644159391262012
2017-04-19,-0.0030320782099802954,-0.003025877250203968,-0.0021507236908252314,-0.004567672996976356
2017-04-20,0.006866559825169803,0.006868818817935656,0.003939899552657354,0.0014314587606984433
2017-04-21,-0.0022052765782790873,-0.0022014594616704,-0.0017181735126190788,-0.0009602505088890692
2017-04-24,0.0036282666341847813,0.0036300448624306684,0.005736817653724641,0.0019756174453240977
2017-04-25,0.006846360888315702,0.00685231822753029,0.0014301555765844002,-0.0005413431735400934
2017-04-26,-0.002802650261764799,-0.0027987610805003623,0.0006675926572906074,-0.0006417513192000708
2017-04-27,-0.00044663190541590513,-0.0004446727774002116,0.0007665983429101669,-0.0012242178241101713
2017-04-28,-0.0027574807725303054,-0.0027563305366028273,-0.0009013158727635684,-0.0009665259960927353
2017-05-01,0.004238636243754818,0.004240291768073229,0.0006538755947131787,-8.586778056951734e-05
2017-05-02,-0.0019476114355257662,-0.001806446288555697,0.0010538560559388466,0.0005356123063199138
2017-05-03,0.0013454397004711842,0.001347481482018539,-0.0015558291180100892,-0.004302296451942605
2017-05-04,-0.004298048488758292,-0.0042946582911864975,-0.00020027070644589539,-0.0037318295399753573
2017-05-05,0.00619026451843078,0.00619428940649933,0.0024396991873638784,0.004335106549447331
2017-05-08,0.002623209943469071,0.002626208010785203,-0.0010782651325856986,-0.003340983252877972
2017-05-09,0.004046270541079658,0.004049808568380901,-0.0010048145228347496,-0.0013131671914963447
2017-05-10,0.00575127921211942,0.005755112018514723,0.000930629362440555,0.002624490628306853
2017-05-11,-0.0019921320387645785,-0.0019889567227302785,-0.0009299864115371691,0.0004694404773001573
2017-05-12,-0.005591842394967078,-0.005590074977788532,0.0010282826344780599,0.0022697092668821283
2017-05-15,0.0037882159318313076,0.003792126097562594,0.003052003516908815,0.002420367789728102
2017-05-16,-0.006038060267075844,-0.006036218693395273,-2.611599844116255e-05,0.001768160536568982
2017-05-17,-0.019722389973218565,-0.01971810447735041,-0.00748034226053021,0.00205890408927268
2017-05-18,0.0031244378544080832,0.003137273122468828,0.002281291107978511,-0.0018827525071658825
2017-05-19,0.004918665708930887,0.00492149106165559,0.003763951174053749,0.006786478415345376
2017-05-22,0.00210875748289303,0.002112229028630608,0.002583194097335586,0.001747973034866832
2017-05-23,0.006052399589912849,0.00605387594991745,0.00027584687335246343,-0.0019215219251962324
2017-05-24,-0.0017858208342774243,-0.0017814382564461404,0.002224391811736896,0.0023562115293377472
2017-05-25,-0.0010248696883478623,-0.0010226208560927808,0.00309432296443764,-0.0012289767417043417
2017-05-26,-0.0014771649712854661,-0.0014747631679507514,0.00013592452606693502,0.0014014921243849679
2017-05-30,-0.005592024032088695,-0.005589342150067079,0.00048376348159087163,-0.0010846052082539022
2017-05-31,-0.0047996002666888145,-0.004796760624341784,3.700172885062596e-05,-0.0007680231535090021
2017-06-01,0.005416743416699554,0.005419907996667847,0.004564368158663351,0.00139223289513436
2017-06-02,0.0014565513321762264,0.0018418022003358638,0.0037524540422677337,0.005353311992072715
2017-06-05,0.000176187642039862,0.00017946393239085662,-0.001112196193768018,-0.002436132994923641
2017-06-06,-0.004617536018108896,-0.004616013605970795,-0.0006515506305137897,0.002385426230953543
2017-06-07,0.004296362739753036,0.004300263689580907,0.00036115937686389144,-0.002005098504716015
2017-06-08,0.0002446281706514444,0.0002484204829149613,-0.00033857910415181113,-0.00104214936134811
2017-06-09,-0.0017467880917077807,-0.001745212403051843,-0.0012830878030205808,-0.0011736212870195487
2017-06-12,7.622147573012019e-05,7.819639454726378e-05,-0.00019814196489616762,-0.0007198574888798416
2017-06-13,0.0029120862514922323,0.002913954210855637,0.0030816236658409097,0.0020461002179821357
2017-06-14,-0.003620558056217889,-0.0036190948366285926,0.0013221117983613824,9.522358754379742e-05
2017-06-15,-0.000853572396171587,-0.0008500342405590028,-0.001860057889705666,-0.0030301417062128756
2017-06-16,0.0004769607669210248,0.00047995884611316505,0.0003543545718724889,0.0015255885618971658
2017-06-19,0.005510073919986588,0.005511471315189012,0.0038710279942024747,-0.00024461885120033135
2017-06-20,-0.0061912617995588,-0.006187260398948731,-0.0030585248747631456,-0.002506885666632131
2017-06-21,0.0010777055824786122,0.0010807802174367543,-0.00018596712549137892,-0.00040430182376671817
2017-06-22,1.5469864264098606e-05,1.7062236662047903e-05,0.0001006148345307477,0.001215892474357975
2017-06-23,0.002230421260277957,0.0022311530388451307,0.0008269036762541958,0.0019561039561866566
2017-06-26,0.0012485594347770382,0.0012498284298582017,0.0007287493295208054,0.0010206078499523613
2017-06-27,-0.0012148724377915837,-0.0012129951139679353,-0.00679650618983975,-0.0026234911709853564
2017-06-28,0.004934865102008587,0.004939257253519887,0.004983498888535184,0.002693532191731231
2017-06-29,-0.006199280872570157,-0.006196880834212141,-0.006770860552644423,-0.0049415222511502615
2017-06-30,-7.963612403373152e-05,-7.678374096297444e-05,0.00018105759139538789,0.0014353919054855494
2017-07-03,0.002264366682812383,0.00226657231169417,-0.000448257276952605,-0.00012520064955479687
2017-07-05,0.002248613198194421,0.0026447854382267806,0.001688387444541313,-0.0021202628807476765
2017-07-06,0.0033699457256381343,0.0033728970215331716,-0.006243193442881507,-0.0046591704190235
2017-07-07,0.005158867863525846,0.005163402521799056,0.0032374101169432173,-0.0017935992752895827
2017-07-10,0.0019761598196223738,0.001980011221089467,0.0011730090308133612,0.000989737916946212
2017-07-11,0.0011822241065187831,0.0011837968610875224,8.202372559284557e-05,0.002440032996639027
2017-07-12,-0.0006695757425216633,-0.0006680054366355952,0.005677904461514226,0.005217423763269354
2017-07-13,0.002564888156427801,0.00256825714391962,0.0005971882939781508,1.425791844673953e-05
2017-07-14,0.0006309539517225405,0.0006325351695396478,0.003368325347065522,0.005596505158891882
2017-07-17,-0.00307976181946752,-0.003076497403399493,0.00041170260958925793,0.0006137864992515279
2017-07-18,-0.0013756001296863,-0.0013732696025861133,0.0017750912278668492,0.002932313332792659
2017-07-19,-0.0009437611535240601,-0.0009410343904755949,0.003256019245351467,0.0031809581219910824
2017-07-20,0.004264683800438157,0.004267094335503757,0.00037918218990794743,0.000479901486733595
2017-07-21,-0.0017593630071793677,-0.0017564244018305857,0.00016926512941077754,0.0002215515041132835
2017-07-24,0.00021202025550538233,0.00021466667693505664,-0.00040662696658272596,-0.0005839165791229652
2017-07-25,0.004330130774189181,0.004330958748182396,-0.0007648379746732474,-0.0012278510175783473
2017-07-26,-0.0009879322473143523,-0.0009844877885741717,0.0012876992646119693,0.004655760589805613
2017-07-27,-0.0024897580683312455,-0.00248625592623616,-0.0011924885038519981,-0.0008480437799202537
2017-07-28,-0.0010140736359749711,-0.0010123094714215124,-3.900072273244736e-05,0.0021987540012084407
2017-07-31,0.0008971904707447451,0.000899760653334687,-0.00023058576951065702,0.0016370319435927826
2017-08-01,-0.0003914170245657157,-0.00039010628394301654,0.002330017755046178,0.0008614146386309954
2017-08-02,0.004051255066915543,0.004188093632074475,-8.377535822533068e-05,-0.0006682708858089703
2017-08-03,-0.00458489378089034,-0.004582095058705951,0.000219143517527117,0.000599220862489351
2017-08-04,0.001802542935612793,0.0018055685952527633,6.508897859290674e-06,-0.0012253647475829227
2017-08-07,0.00206405615119912,0.0020668859844277946,0.0013393426381023144,0.0009837436713300137
2017-08-08,-0.002296729111555974,-0.0022957115747860735,-0.0018135551450872275,-0.0010818935512741908
2017-08-09,-0.003694240519366478,-0.0036926491239903983,0.0004618948877672186,0.0013270180437506772
2017-08-10,-0.013745288086364575,-0.013742113994842313,-0.0069699180341164435,-0.004269710182856044
2017-08-11,0.0020163344023259883,0.002022899504525291,0.0013294577249889452,0.000623696082131199
2017-08-14,0.0033095070688840436,0.003311112368035668,0.004925725776093274,0.001317203661775346
2017-08-15,0.0023999723639975454,0.002404136717201089,-0.0012713935634050765,-0.002718104759011928
2017-08-16,0.00034793551600241664,0.00035105322469421705,0.0017941566893562634,0.0031548593733680655
2017-08-17,-0.01157238385428759,-0.011570365704294127,-0.007919752912105166,-0.00200311931877452
2017-08-18,0.005885192009027725,0.005891312548115973,-0.0008556594288426281,0.0016936083912105278
2017-08-21,-0.002502704476330912,-0.0024987327579191697,0.0007290365845683329,0.0011735967937579939
2017-08-22,0.0063939122883380165,0.006396970480789238,0.005420757767358598,0.0007673859813343072
2017-08-23,-0.00224088233196479,-0.0022368523471750826,-0.0007542779291988012,0.003741368844460566
2017-08-24,0.0016089242946725178,0.0016125581116308778,-0.0020264866393723342,-0.001711200573001542
2017-08-25,0.0034840514698246967,0.0034860587058471388,0.0020674219978526406,0.0028418274036236895
2017-08-28,-0.0006234174908480803,-0.0006213625728372662,0.0003995338941115628,0.0006746488641751768
2017-08-29,-0.0008938691361484666,-0.00089183192804501,0.0016192888697819804,-0.0005842424537723904
2017-08-30,-0.0022669292195231063,-0.0022658776283466355,0.002480818215076959,-0.00040107377154834865
2017-08-31,0.0025819523074539557,0.0025844368460852377,0.004221825780897923,0.0060769311577252684
2017-09-01,0.0021533890469081275,0.0021563509143053493,-0.0003407129767690975,0.00014704164009150865
2017-09-05,-0.007342640237670769,-0.007219462672129374,-0.0015265243325324404,0.001748059767185318
2017-09-06,0.005642968229004703,0.005648523292928398,0.0010685984783714052,0.0007558176696298146
2017-09-07,0.0020611883981861965,0.0020645871290399936,0.0016724088321477294,0.005048361691073502
2017-09-08,-0.002784946427175392,-0.0027818730420332435,-0.0009981010137039693,-0.0015982654410841364
2017-09-11,0.006180905184212751,0.006182873112727401,0.004064459035720115,-0.00040539796788695607
2017-09-12,0.006844453049248915,0.006849706114083998,0.0010624405751135703,-0.0013416977810985463
2017-09-13,-0.002796976690830308,-0.002792433786496371,-0.0005238965580634092,-0.0024516876912752074
2017-09-14,0.00033453306846935245,0.0003364773542334344,-0.0001191247324821225,0.0019916227535277634
2017-09-15,0.0023849637483109912,0.0023862757904672136,0.0012917676074675588,0.0007737949792748328
2017-09-18,0.002834736993560246,0.0028363621753280392,-0.00026834632208514044,-0.0019404318818541165
2017-09-19,0.004673122580670224,0.004675818823672814,0.00016160161658749378,-0.00014197501122550297
2017-09-20,-0.0027379700439359466,-0.002735246163548918,-0.0005577458445466851,-0.0016680375647144872
2017-09-21,7.070593321173705e-06,9.687566473865785e-06,-0.0021381836722166644,-0.0019479148684600541
2017-09-22,0.000503923549026462,0.0005054396075621948,0.0008236388450411687,0.0007460412083363247
2017-09-25,-0.006419242596360611,-0.0064176684379984375,-5.267532359893938e-05,0.0016786037938243967
2017-09-26,-0.003762703039084296,-0.0037570314760365393,3.0451379246391476e-05,-0.0029244022127900104
2017-09-27,0.002774229117813617,0.0027762950080907015,0.000316772175173499,-0.004039390817620266
2017-09-28,0.0011910521293688801,0.001194933829156364,0.000652125600766692,0.001027145707869069
2017-09-29,0.0025424486684055155,0.0025436485915159867,0.0016501008864084356,0.0013752528940079991
2017-10-02,-0.002823415493757939,-0.0028215351189206915,0.002186912924217094,-0.0017360437426236915
2017-10-03,0.003284394729154792,0.003409598605895566,0.00184620913491274,0.0021313543771822934
2017-10-04,-0.000748591678181769,-0.0007468377544078994,0.0005990528190792314,0.0008150025297381483
2017-10-05,0.0023943852783160024,0.0023954499617318725,0.0031449551593730825,0.0015313404438938559
2017-10-06,-0.001692446949747287,-0.0016899123882475847,-0.0011730154613590145,-0.0020624179333461547
2017-10-09,-0.0021274699672897282,-0.0021256230773803162,-0.0005446845451675172,0.001267431760858347
2017-10-10,0.006120632023549984,0.006122410715252865,0.0017365663623604222,0.0039387145245578575
2017-10-11,0.0016433710908513141,0.0016459576462460699,0.0013952985324661147,0.0019686371307209316
2017-10-12,-0.004034233038566006,-0.004033332945375279,-0.0005235703361624509,0.0007872671626870945
2017-10-13,-0.0006535906402137937,-0.0006509400007558644,0.0020788694286692196,0.0043640994632194235
2017-10-16,0.002067594007835226,0.002070105687026892,0.00012957437889587128,-0.0013032913338049041
2017-10-17,-0.0014601925166788446,-0.0014582862297542532,0.0002747126578311819,-0.0011864878782175548
2017-10-18,0.0053286853672338584,0.005329852503447718,-0.0004186029269569645,-0.001218221688495412
2017-10-19,-0.00213674147889809,-0.0021331861938170896,0.0005754223707374977,-0.00039612397646891524
2017-10-20,0.00557806148887823,0.005579870467631008,0.0014687445498135618,-0.002073523780512836
2017-10-23,-0.003522758476456287,-0.0035187167624820366,-0.0019815407188577988,-0.0012094557012686565
2017-10-24,0.005810910252792415,0.0058126250452645144,-0.00013375107747897244,-0.0006361473026319156
2017-10-25,0.0006804177733875531,0.0006842452739639004,-0.003629781548118593,-0.0015445193669978232
2017-10-26,-0.0016023220019939024,-0.001600861123237457,0.00025599323528389744,-0.0024642995854656105
2017-10-27,-0.00026777025069779056,-0.0002647474606363444,0.006218039208691282,0.004579745915252643
2017-10-30,-0.002112476654677125,-0.0021098754533324733,-0.0008428354514232924,0.0012220417791051364
2017-10-31,0.0038647232164272156,0.003867243864514742,0.0006796207407443202,0.0008197368578144996
2017-11-01,-0.0011372759302328882,-0.0011350971639339663,0.001038249189758105,0.00156749552470444
2017-11-02,0.0022317749241487694,0.0023721162962732044,0.0007590283885730591,0.002737869703629549
2017-11-03,-0.0015235967894294304,-0.0015223148833646695,0.002642953631087888,-0.0002881120626807075
2017-11-06,0.0032760773418463473,0.0032778563956010337,0.0014176597331903447,0.004942170972420881
2017-11-07,-0.0018699646246675369,-0.001867503223935192,-0.00026735163931656793,-0.0008491148180355127
2017-11-08,0.0024281754440734346,0.0024299860851547577,0.0005322403860863931,0.0012927009605285089
2017-11-09,-0.0012919522565879664,-0.0012906350557032324,-0.0023295584568940775,-0.0006934227967362436
2017-11-10,0.00466410130523654,0.004665976483627636,-0.0022171293145234736,-0.003365104439079776
2017-11-13,-0.0009170189599825637,-0.0009130637551465229,0.0003698714141672681,2.5344009329004596e-05
2017-11-14,-0.001743287627295348,-0.0017421030790239205,-0.0008318576293168884,-0.0009227631457755145
2017-11-15,-0.00789967270054388,-0.00789687191990296,-0.0015728031562716987,-0.0007687589049140007
2017-11-16,0.008623286160480486,0.008627402769460788,0.004066703642703191,0.002504863938872546
2017-11-17,-0.0032960180032042307,-0.003291682700247836,-0.0012408554934655112,0.0035536087941946595
2017-11-20,0.0009349627763969111,0.0009387120961478646,0.00038307041528754876,-0.002066847551632648
2017-11-21,0.00577616619927023,0.0057789035261586585,0.004006571497305157,0.0043625383369449815
2017-11-22,-0.0006411842325650232,-0.000639163964258912,0.0007414125477355413,0.0030877613682212643
2017-11-24,0.007004618286711132,0.007007676377741377,0.0010513062382101251,0.0006569731227539271
2017-11-27,-0.00620407783181738,-0.006200384139243529,-3.8708543914728486e-05,-0.0018914948320687198
2017-11-28,0.0014904821257192345,0.0014936120572515339,0.006180882415355245,0.0010719576279688162
2017-11-29,0.0007307990324530309,0.0007331583366287579,-0.0016336847719884934,-0.004519810488150625
2017-11-30,0.006286670062099261,0.006288987725667849,0.004065500168422859,-0.002447431537408774
2017-12-01,-0.005869095270878908,-0.005864383772415482,0.00018714541737405507,0.0025583494455067193
2017-12-04,-0.006173681055009801,-0.005791024465633636,-0.0009174668358174907,-0.0025023359428565975
2017-12-05,-0.003700266586028543,-0.0036979006294423026,-0.0018552617706317509,-0.0015609601703877255
2017-12-06,-0.0037128401401168593,-0.0037109124441094504,0.000946250407895483,-0.0023809651097479925
2017-12-07,-0.00328069980157861,-0.0032777571008039685,0.0011678756668950278,-0.00149984182250508
2017-12-08,0.003962456003586096,0.003965304129149237,0.0029662072477451727,0.0026714437860329305
2017-12-11,0.0011470751973253165,0.001148867352024576,0.0015465949026881357,0.000586906396766438
2017-12-12,-0.001170390180921174,-0.0011693809318395407,0.0007229016460345387,-0.0007285430361626063
2017-12-13,0.009725078523242217,0.009726766921105265,0.0015484771018411006,0.0038195534629085993
2017-12-14,-0.002911065185727098,-0.002907150263619811,-0.0026084102808938813,-0.001195456992269404
2017-12-15,0.0021984529346822275,0.0022001848959367076,0.004926323662954018,0.0019104291656920581
2017-12-18,0.0064164005537801164,0.006418056655445944,0.0029221639900577838,0.0031189314093950644
2017-12-19,-0.00694433514413313,-0.006941752375789561,-0.004115335483241167,-0.004034301587540837
2017-12-20,-0.0036960215216403627,-0.003692056814864659,-0.0014795038550320556,-0.0019325579212360147
2017-12-21,0.002927908481808123,0.002930498367265384,0.0015250334359567354,0.0015669499337705765
2017-12-22,0.003726144395809805,0.003727655464162384,-8.328101364085908e-06,0.002529769191470364
2017-12-26,0.004120586884379122,0.004122202224368432,-0.0005741233962681062,0.002553336649336017
2017-12-27,0.005926247900158144,0.005928568449349769,0.0019848567500743864,0.0027978323446860654
2017-12-28,0.0051044519315286046,0.005106836358961547,0.0007551990491856569,0.0025063542819144915
2017-12-29,0.0037545341737370928,0.0037561220576205435,-0.0016447608215811454,0.001546510562700549
2018-01-02,0.007138519338602535,0.007140273390939341,0.0030080088529416704,0.0034849509453837037
2018-01-03,0.00205729093553997,0.0021015618343430418,0.004211655163460284,0.0022277883596044383
2018-01-04,0.003224992387461769,0.0032270629908321413,0.0023443605009902113,0.0005446687488823905
2018-01-05,0.001023684851814744,0.0010268124187889792,0.0035227819423312877,0.000684202322072205
2018-01-08,-0.0015227894339593573,-0.0015210639751829383,0.0009161322780166267,0.0003141286744654935
2018-01-09,-0.004431157559071596,-0.004429516400735176,-0.000511216664682217,-0.002103866373580113
2018-01-10,0.0006265974071423774,0.0006297185774505496,-0.0010413902053832864,-0.0005314533249870168
2018-01-11,0.007019219736921067,0.007021528807962845,0.0046865552575550435,0.002543255370270136
2018-01-12,0.011688485572640281,0.011691343603091313,0.003699043489057105,0.0038843450497502395
2018-01-16,0.0029910688864822647,0.002995997889749215,-0.001897468963231274,0.00018127133863068636
2018-01-17,0.00097844305133753,0.0009807753848979253,0.004939423776922736,0.0013914043974232978
2018-01-18,-0.0037226141606187895,-0.003719898927067842,-0.0022573030643063597,-0.0024154777104825782
2018-01-19,0.002824423193357475,0.002826499259333688,0.0017754337771701961,0.001990262777380606
2018-01-22,0.0064658888348777255,0.0064675056716533485,0.0048375272548708565,0.002788038312302376
2018-01-23,0.008764983736390406,0.008767606529906446,0.002417722057242983,0.004470371911328194
2018-01-24,0.008413590879103306,0.008416470334393258,-0.000978507295944535,0.0028292218402909356
2018-01-25,-0.0016157156347007245,-0.0016117000146013746,0.0011117522241944075,-0.0007620518824160287
2018-01-26,0.007044945503255196,0.007046393065104892,0.005975535720178334,0.003498635483941381
2018-01-29,-0.01122691239136916,-0.01122374629281487,-0.005057934783004436,-0.005978827960488352
2018-01-30,-0.00861997229805954,-0.008616221264188477,-0.0072215270572650635,-0.005410163690803377
2018-01-31,0.005261796785917303,0.005264357777158486,0.000416422767441819,0.0033202388890671676
2018-02-01,-0.003086871475278046,-0.0030839239042441437,-0.0026804891428049787,-0.003365257181907806
2018-02-02,-0.02231341410051748,-0.0222578944565139,-0.01455006405372341,-0.011254203858792807
2018-02-05,-0.021585606810787823,-0.021578055650702678,-0.021588333094872847,-0.011839147686769537
2018-02-06,0.004651844257156914,0.0046637780295685875,0.00966765819649633,0.003620532972293997
2018-02-07,-0.01566825836936989,-0.015662970367664272,-0.004399377880981314,-0.007373236408756471
2018-02-08,-0.01928548609489806,-0.019278842724913405,-0.021711134723006103,-0.011450755666209676
2018-02-09,0.0042080307012393875,0.0042178442314342555,0.00795297120978175,0.0030170175537201044
2018-02-12,0.011760070107841454,0.011764892247894895,0.008437701137992543,0.005546603399680259
2018-02-13,0.00829000468504782,0.008295001516013128,0.0021451505902095797,0.0031973288735739906
2018-02-14,0.014725506304382005,0.014728688139118212,0.005417383732442243,0.006446581820446543
2018-02-15,0.011533765932859825,0.011540000168906883,0.00766654604670081,0.0056438551080115
2018-02-16,-0.0016720452277362093,-0.001667456736246133,0.001129556807589799,0.0009059117479907851
2018-02-20,-0.013391000418016778,-0.013388451721855177,-0.004157468151642758,-0.005948495075600396
2018-02-21,-0.010539294912285838,-0.010534261375535368,-0.004148020144421631,-0.004951177593927858
2018-02-22,0.009085304686340057,0.009089912699320359,0.0013293751948935935,0.0041441412094731355
2018-02-23,0.009973151994291617,0.00997623525400636,0.011003256645703,0.00654512009689293
2018-02-26,0.007317342290323811,0.00732146010635831,0.007385786046416228,0.003711288462572933
2018-02-27,-0.019235386446224877,-0.019232357518810052,-0.008723006697398448,-0.009808948404564246
2018-02-28,-0.0053504684036734355,-0.005343135620274268,-0.005079402553460318,-0.0026349197381493553
2018-03-01,-0.0010849843733991163,-0.001081177052064752,-0.0068603195497634545,-0.0013868069022193283
2018-03-02,0.005709786344138144,0.00599999831581159,0.0016059302135256988,0.0011917075207378044
2018-03-05,0.0004734708129337754,0.0004764009419524072,0.006451749285305295,0.0023474917313971427
2018-03-06,0.005811769839430405,0.005813720443276003,0.0014939217582939106,0.003659870584784333
2018-03-07,-0.002820386385323543,-0.002818084787427827,-0.0002220944971676448,-0.0009425076341622854
2018-03-08,-0.004686704200659394,-0.004684404816696249,0.0037433518234658257,0.00045290066629393317
2018-03-09,0.004073065403235182,0.004076136082666071,0.00970458332028815,0.004172863021731211
2018-03-12,0.0016199987976972304,0.0016234692038171487,0.00014728545967452775,0.0017099806986905217
2018-03-13,-0.0010319346521637167,-0.0010306928982482307,-0.0032948290916446515,-0.0015487664040972104
2018-03-14,0.0006801735240682056,0.0006818622704594693,-0.0023559446444771696,0.0010937023786476447
2018-03-15,-0.004023350091084514,-0.0040223897119501095,-0.0008152573425006777,-0.0013577576730909888
2018-03-16,-0.0015568632656119167,-0.0015547546574360923,0.0001966176490502362,0.00042953950524584185
2018-03-19,-0.0011997536092349134,-0.0011981918870849872,-0.008595700985577116,-0.004664181891153255
2018-03-20,-0.0027119364835066382,-0.002709699082446283,0.00025108706050591835,1.090251141430048e-05
2018-03-21,0.012646374877592268,0.012648833452730969,-0.0008897465512581851,0.0037352772192568804
2018-03-22,-0.008388261611099995,-0.008382428440467124,-0.013473580938954184,-0.007059691269288923
2018-03-23,0.0030725169949196874,0.003077543151145741,-0.012178825598034737,-0.0037394894167065537
2018-03-26,0.008992175831269518,0.008996234240559411,0.015067905902972113,0.007459959603782698
2018-03-27,-0.008793951008832538,-0.008788518241542987,-0.007915144341357339,-0.002980466000405745
2018-03-28,-0.012799160028891293,-0.012794133631029814,-0.0018341931056116186,-0.0004989008941778413
2018-03-29,0.007323532648199831,0.0073302772143900045,0.008402013133425415,0.005665698979424981
2018-04-02,-0.0027766083838602676,-0.00277361813615273,-0.01243343477389007,-0.00561061985557295
2018-04-03,-0.001809058504315416,-0.001773185335792292,0.00640832185686949,0.0013993154087573443
2018-04-04,-0.0001852539607878507,-0.00018237422800253017,0.006227437650368562,0.0017455634195433724
2018-04-05,-0.002035460925827431,-0.002034100302367458,0.003789702513141951,5.8319489669323266e-05
2018-04-06,-0.0003143710703227534,-0.00031214483573682554,-0.011855575104537126,-0.0035319317888763023
2018-04-09,0.006100319177264087,0.006103852995248964,0.003044044879161841,0.002809754481866533
2018-04-10,0.00755743699650929,0.007560284003596052,0.008905478858382491,0.005133098930763217
2018-04-11,0.0028444254491709364,0.0028489937318183635,-0.0028068411128452184,0.0015123929963545705
2018-04-12,-0.002429096782909313,-0.002427539886955303,0.0035723372396117637,-0.002778280702725926
2018-04-13,-0.0002913859589432642,-0.0002893918907988823,-0.0014447346967255623,0.00022663053240202816
2018-04-16,0.0023603091293650266,0.002361477660350473,0.00481002412818099,0.0015613158051381263
2018-04-17,0.0011125787878353776,0.0011141182299509024,0.006756954346504906,0.0031669385081864883
2018-04-18,0.003488804038497278,0.0034898045624005385,-0.001057224799047032,0.0018824693145341543
2018-04-19,-0.002781143314380316,-0.002777875426776574,-0.004464060222869667,-0.004265908805618202
2018-04-20,-0.006006924515677598,-0.006005445780887155,-0.0064900197164433045,-0.005081185101139101
2018-04-23,-0.006738335209176201,-0.006736217011148104,-0.00047427796783545235,-0.0026492027066421443
2018-04-24,-0.00204228705037634,-0.0020393455985361375,-0.00870276358925803,-0.0022375346979966264
2018-04-25,-0.004824685716536872,-0.004822983136352604,0.0006559838122640573,-0.0025329114122709224
2018-04-26,-0.0007325614786797397,-0.000730614878082616,0.0073212664095151266,0.004868644677277081
2018-04-27,0.0014496805467534685,0.0014526581929078907,0.0012241329597619654,0.0037619891006145595
2018-04-30,-0.0042226018621725646,-0.004221098798044073,-0.004284955301242496,-0.0022037416489145128
2018-05-01,-0.008017825288240835,-0.008015441935224911,0.00047143879280203737,-0.0018482560593221743
2018-05-02,-0.003294693706197886,-0.003190241583630682,-0.003955491849460396,-0.0018644242701647822
2018-05-03,0.0035672615538716403,0.0035690505207864104,-0.00028884766170284693,0.0020846349952883493
2018-05-04,0.0008112115127967125,0.0008127746827565417,0.007770219556511431,0.003815390357081586
2018-05-07,-0.001537638808348046,-0.0015360947010613565,0.001832886194285922,0.00016818218727847326
2018-05-08,-0.00036073345929709793,-0.00035946248952252555,-0.0006679134690166058,-8.79683977186316e-05
2018-05-09,0.001760994122489055,0.0017623566422911901,0.004911410763459326,0.001148594125335712
2018-05-10,0.00527306217572466,0.005275522270903258,0.006471987250009579,0.00650018543217936
2018-05-11,0.00016320123779969524,0.0001650495047700278,0.0018875641080016178,-0.00034836828783357164
2018-05-14,0.0019861525645476154,0.0019873256118663864,-0.0005641369561070613,-0.0011077832398432848
2018-05-15,-0.004703147501941364,-0.00470084618894491,-0.006356392146402817,-0.008298742312298666
2018-05-16,0.002367472012729492,0.0023707772266117885,0.0017334698413910806,0.0014149206018348158
2018-05-17,-0.00044264692541953846,-0.0004407090390396201,-0.0007487868915887132,-0.0024201233000573966
2018-05-18,-0.005078206281985356,-0.0050770710502298045,-5.863707359816364e-07,1.181888605764445e-05
2018-05-21,0.001400034649069458,0.0014033296376618671,0.004836868730471801,0.003584974400059167
2018-05-22,0.00046438038271458666,0.0004660925160338106,-0.0018483051582777253,-3.0075419928904603e-05
2018-05-23,-0.005162960345490014,-0.005162379158375606,0.003461635159652193,0.0021987611141775936
2018-05-24,-0.000174909812498519,-0.00017013021573396918,-0.00023776475823563659,0.0006850994029436181
2018-05-25,-0.009171805920104189,-0.009169456355152896,0.00010458230309295962,-0.0010612035079027872
2018-05-29,-0.01759617664796773,-0.017591130046563267,-0.0026969191781275052,-0.0021311580288874993
2018-05-30,0.01115253896020744,0.011163024809863337,0.006291676943308407,0.004809247723884205
2018-05-31,6.81842174402231e-05,7.342014627220934e-05,-0.0038945821468441945,-0.0018575333080185518
2018-06-01,-0.00011673958300366202,-0.00011557216623805298,0.004447319883330703,0.0006227272318612792
2018-06-04,0.003798444047180932,0.003928378464959115,0.001437514868957878,0.00032129201313281416
2018-06-05,-0.00047105169535347884,-0.00046762370603053316,0.0014557379780085725,8.190320991648448e-05
2018-06-06,0.007848091691448749,0.007849369731915912,0.0034243604696121924,0.002204183972028132
2018-06-07,-0.002543852348660188,-0.0025395340487895423,0.0016107503948091758,5.575415747877098e-05
2018-06-08,0.0015880968601081282,0.0015908288289009564,0.0012387135144504543,0.0001956159575639951
2018-06-11,0.0006085403945414878,0.0006096955027578875,0.0004143017119264259,0.000129613493760752
2018-06-12,-0.0025866412986053143,-0.0025855364981577844,0.0005484448025718295,-0.000851826261569678
2018-06-13,-0.0002589860799617608,-0.00025757696864843515,-0.002398182455178345,-0.0019068055272480212
2018-06-14,-0.011455817080352525,-0.011453726286106523,0.0027694074208321554,-0.0002478761453552356
2018-06-15,-0.007421021951253432,-0.007414022424514827,-0.00046139025889217565,-0.00471898432417327
2018-06-18,-0.0012669531732926614,-0.0012621419481848469,-0.0010488719640329171,-0.00129376954747146
2018-06-19,-0.007029748085733039,-0.007028124974564148,-0.0012640698502383444,-0.00225145005697348
2018-06-20,0.0027659880476024186,0.002769941466116764,-0.00025850706681681363,-0.00018269581134281902
2018-06-21,-0.003145646761637565,-0.0031429240826332493,-0.0027313592345227333,-0.0018112581135992553
2018-06-22,0.008724259190640272,0.008726974635277848,0.0011734156538723414,0.0047890021508476075
2018-06-25,-0.006377310262412393,-0.006373150923860185,-0.0076442107754542445,-0.0046726578667375465
2018-06-26,-0.0025619944066108745,-0.002558380334299424,0.0015193595565611653,0.000707417508415324
2018-06-27,-0.011296720572681187,-0.011294017516678237,-0.0034269278287596774,-0.0027332453547319994
2018-06-28,0.0023045119291472656,0.0023107789077582634,0.0030098323633581748,0.0018810817302203065
2018-06-29,0.009837863654872348,0.00983982688754018,0.0005447854170550502,0.003088537957151894
2018-07-02,-0.009862933130869712,-0.009858257072633086,0.0010023784759570745,-0.0050829390791509695
2018-07-03,0.0017535500666471635,0.001987005988558283,-0.0011024258668634013,0.00249326334382387
2018-07-05,0.0045713910583128495,0.004573263164281655,0.0049215046319605535,0.003540799161906989
2018-07-06,0.0040995571407093055,0.004101879580628974,0.005428644373050002,0.003913167523256724
2018-07-09,0.005374593248714589,0.005376338946038547,0.00441459217957934,0.002172357890474612
2018-07-10,-0.0008372602830998505,-0.0008336663325275151,0.001867210511660764,-0.0004959043316939871
2018-07-11,-0.015061799825822807,-0.015060913985039922,-0.003624632033825716,-0.008585206136676115
2018-07-12,0.005095897264520377,0.005102720731816942,0.005318799068127089,0.003627457996819872
2018-07-13,-0.0010528735531303876,-0.0010505490299602368,0.0011300275366184249,0.0003563188822235806
2018-07-16,-0.002799504666949034,-0.00279824496360705,-0.0011946528603912403,-0.00346702652464607
2018-07-17,-0.0018388231021200185,-0.001836499764597174,0.002220630586647644,-0.000908146951886992
2018-07-18,0.0014430374524444331,0.0014454113850479275,0.0009701389889248156,-1.0893627709946712e-05
2018-07-19,-0.002009001129989185,-0.0020074123406444867,-0.001219477083471348,0.0001354959368488443
2018-07-20,0.007547323843458436,0.007549830923393041,-0.002075260019117367,0.0012943113747301807
2018-07-23,0.0021399812781123934,0.0021439975536145304,-0.0007947988930685451,-0.002324370193993721
2018-07-24,0.0028814784349705616,0.002883705775242122,0.0033304049399901594,0.0029406896289741243
2018-07-25,0.008201398089503138,0.008203102581446433,0.004925718631570007,0.005304534670155068
2018-07-26,-0.003103279076833862,-0.0031001009271322605,-0.0018640086879745648,-0.0026465714710522457
2018-07-27,-0.0022687004327649526,-0.0022664694961661348,-0.003531038123507595,-0.0009274862288167131
2018-07-30,0.000159066150071355,0.00016111522777869576,-0.0036829992003107603,-0.0006549817441763328
2018-07-31,0.0008425396751614488,0.000843930408371424,0.00353861040707465,0.002414016186016464
2018-08-01,-0.002044779939596052,-0.002042245492113939,-0.0019417188051413386,-0.003684037389464436
2018-08-02,0.0017933375057861797,0.0022145076140466734,0.003738773349143015,-0.0014952227348462403
2018-08-03,0.0006183265465855482,0.0006210146366311677,0.0035973057734542528,0.003755449385654125
2018-08-06,0.001396061971583106,0.0013978652956586567,0.0024012201938465663,-0.0012528467531785024
2018-08-07,0.0030306324087257626,0.003032129262204676,0.0011672467743186542,0.0022222175536181876
2018-08-08,-0.004852939477479441,-0.004850997301970136,9.733757208104357e-05,-0.0011151017086130802
2018-08-09,9.06692838167748e-05,9.371421691929747e-05,0.0002691250756811213,-0.0002724211098581136
2018-08-10,-0.005763320241814058,-0.0057614268856528116,-0.00231779090080482,-0.0041505027992687436
2018-08-13,-0.0003025273322524876,-0.0002981338463556896,-0.0023627966525931678,-0.004231366284785339
2018-08-14,0.006217436094622861,0.006219433895474014,0.003427614617226345,0.0010040503104474356
2018-08-15,-0.006776993566302349,-0.006773827228356396,-0.0035075519954759125,-0.006068705436681648
2018-08-16,0.004985770573956117,0.004991318291223001,0.004720596601925447,0.00317839138095561
2018-08-17,-0.0012938333896044783,-0.00129136727904954,0.002267912982209647,0.0042785538769814675
2018-08-20,-0.003449704017971928,-0.0034464417050242098,0.002531683527998046,0.0030840459172206502
2018-08-21,-0.00041771353899583424,-0.00041435917137300313,0.000864535919255224,0.0012376877371874763
2018-08-22,-0.0010516054756375163,-0.001049198104569151,0.00038018105563661684,0.0024893210542782976
2018-08-23,0.0032714631979003906,0.003273774833334864,-0.0008370999952895728,-0.0039286488958685285
2018-08-24,-0.001722420311970205,-0.0017183852080714687,0.0037310603272484553,0.00604498505162776
2018-08-27,0.0031339032104413496,0.0031380207611402793,0.003862375307620486,0.002888262976367064
2018-08-28,0.004337496240273952,0.004340025048457634,-0.0005951564276500792,-0.0010110231135531244
2018-08-29,0.0030770631527015754,0.003080824817286016,0.0031395130681053066,0.002593900205521855
2018-08-30,-0.006388458301236655,-0.006386260464218091,-0.0017248535982409665,-0.00395374893610236
2018-08-31,0.003139950593627924,0.003143353628679635,9.708313726632594e-05,-0.0003217495358983353
2018-09-04,-0.00046460128400502813,-0.0004624270235129356,-0.0019447323417395726,-0.005547988341331348
2018-09-05,-0.0018486470778090011,-0.0017373047466683303,-0.0016559696104315811,-0.0021690978151006723
2018-09-06,-0.004104914552022111,-0.004102850963509874,-0.0009807004367344734,0.00043862275173744833
2018-09-07,0.002868964852958315,0.002871758551557537,-0.0029685464426637076,-0.003951652501435656
2018-09-10,0.001603091950838188,0.0016066353101222633,0.0012770124251474024,0.0008532093438316506
2018-09-11,0.005157527148994574,0.005158970581497718,0.0005203143415996685,0.00018623144607666183
2018-09-12,-0.0032595391099409818,-0.003256278537431278,0.0006164384484705343,0.002845126547643823
2018-09-13,0.0006767471831139109,0.0006799451794818604,0.003512033094290846,0.0013138427152593242
2018-09-14,0.003380889522839161,0.0033837317812958536,-0.0006406597513955791,-0.002521483354194731
2018-09-17,-0.0032811772563219833,-0.0032778170161915842,-0.0031111557848560356,-0.00034993231666878875
2018-09-18,0.007236885624287757,0.007239436904710468,0.0016111071566821927,0.0008659959370190223
2018-09-19,-0.0009764701207847706,-0.0009719832187617465,-2.488157847090352e-05,0.0009309443450393688
2018-09-20,-0.0006856352377879893,-0.0006833507624225388,0.004933893199058516,0.004491951286110111
2018-09-21,0.0023126450038594634,0.0023158711040486032,-0.0003979746758709926,-0.00011762994824445581
2018-09-24,-0.00024191402141364758,-0.00024022660888474955,-0.0024417724527833937,-0.002563411142834355
2018-09-25,0.0007379885123312101,0.0007406247447763338,-0.000952880571148903,0.0010230033252224447
2018-09-26,-0.004320731468351235,-0.00431992131230355,-0.0005173735598698661,-0.0010391530136168558
2018-09-27,0.007045398974610276,0.007047948351788799,0.0016858671047688524,-1.573359605008688e-05
2018-09-28,0.0036919219372663833,0.003695933045598924,0.00025783217925696674,0.0008304174962058587
2018-10-01,0.005576635025376997,0.0055797714758106425,0.001095480428838884,-1.2253227005779272e-05
2018-10-02,-0.003585965267853597,-0.003569725931639777,0.0006808257314267883,0.0005316385037215382
2018-10-03,0.009240780633354827,0.00924400437757004,-0.0026478256372133575,-0.004238735629800095
2018-10-04,-0.002661000864797724,-0.0026539732124809742,-0.005734138135728416,-0.006148692839110308
2018-10-05,-0.001075711566206032,-0.0010728056758567718,-0.004318747054553129,-0.002242800455826023
2018-10-08,0.0030584368199434377,0.0030598109038765106,0.00016041826366141755,-0.0001760912609970078
2018-10-09,-0.00240981523028377,-0.002406697876004475,-0.00011069409846445188,0.001337943054535903
2018-10-10,-0.013508125492930997,-0.013505849233432156,-0.01874072350052847,-0.010026867729645684
2018-10-11,-0.0232348999348008,-0.02322817037783903,-0.011327032660160555,-0.0037456525267672526
2018-10-12,0.005263057833144603,0.005274957080920607,0.007610106175605965,0.003457574683672012
2018-10-15,-0.0024981826075594414,-0.002494330181391155,-0.003054758746925446,0.00012296913837439442
2018-10-16,0.009297772595759323,0.009300338272994545,0.012772973923176133,0.007504612808401899
2018-10-17,0.00377756170820534,0.0037829841582246696,-0.00107767690811952,-0.003884052376200363
2018-10-18,-0.004027952119861821,-0.004023888804475782,-0.007816712526094127,-0.005677774933799539
2018-10-19,0.0017533953462916894,0.0017569190654422573,-0.0008139739272429086,0.0022039748569797502
2018-10-22,-0.0015014694892349675,-0.0014993726651369764,-0.0025583642565002924,-0.001606885645849133
2018-10-23,-0.00724438997387644,-0.007242389656147394,-0.0019172608401373293,-0.002432474568584663
2018-10-24,-0.008471609520390756,-0.00846652444885637,-0.015503551767127564,-0.006115507738771499
2018-10-25,0.010198229082704043,0.010205065552684963,0.009331756297851213,0.0045883702958422696
2018-10-26,-0.012159684098920254,-0.01215442014782725,-0.008356449387163425,-0.002675621260855023
2018-10-29,0.00418465541760963,0.004192365349206096,-0.0032353299047316103,-0.002999945154467591
2018-10-30,0.009948523255479205,0.009952984241230482,0.007589776607794048,0.0031942736975146624
2018-10-31,0.0017055420452148575,0.0017113810481976049,0.005137045628155927,-0.001074052529092441
2018-11-01,-0.005190384767621439,-0.005186776115622429,0.006549527057119672,0.006435316066650621
2018-11-02,0.0027696548246882507,0.003131477703886985,-0.005788983177196734,-0.002750012890153027
2018-11-05,-0.0023276587853951905,-0.002324174692087419,0.003549671867769924,0.0023361444461733097
2018-11-06,-0.0012907230545867962,-0.0012884086396419449,0.003364578142833683,7.198776006973507e-05
2018-11-07,-0.003765738717797637,-0.003764453868950212,0.012905800821311075,0.00586319426610746
2018-11-08,0.005404111527919068,0.005407873213169491,-0.0016545276861859748,-0.004764190111908578
2018-11-09,0.0005243883405456421,0.0005291777662863724,-0.004404698413691763,-0.00400944224705421
2018-11-12,0.0040153090634110974,0.004018313530673681,-0.010113056885298136,-0.004313714708057954
2018-11-13,-0.007277786715115918,-0.007273465653896731,-0.0008045160865054493,-0.001169175980441355
2018-11-14,-0.003266097160181445,-0.0032609148918383533,-0.0032549142892679857,0.0016924217833502399
2018-11-15,-0.0003489419337687752,-0.0003458309103704021,0.006504857961007251,0.002818447042776421
2018-11-16,-0.0057500163842056804,-0.00574842149067382,0.0027897961455510384,0.004145840496963723
2018-11-19,-0.0016392826826433348,-0.0016334457641893757,-0.009532027829335227,-0.002602403984280958
2018-11-20,0.0019600332814885403,0.0019622523571777815,-0.011079889964927564,-0.009085959370225737
2018-11-21,-0.0033210587220921972,-0.0033154716220754575,0.0019270152553809547,0.0039006466154109334
2018-11-23,-0.0005491398251032647,-0.0005460635448758752,-0.0037026353004363803,-0.004890632099160677
2018-11-26,-0.0008920450390933459,-0.0008888431661167586,0.00918248602572901,0.0035931597842216714
2018-11-27,0.0009876785919259458,0.0009899960390107577,0.002395355257365234,0.000133053630600512
2018-11-28,-0.004658412813470654,-0.004656648965201277,0.013626257279896432,0.006214267649873223
2018-11-29,-0.0004451649130757118,-0.00044071125834451065,-0.0002823514803295371,0.0001918609288721702
2018-11-30,0.0010301893495014449,0.0010319652219344616,0.0044359386210595115,0.0007278472409184107
2018-12-03,-0.003980974197692469,-0.003978696276106656,0.00880637079757597,0.008243136098564446
2018-12-04,-0.009004876785604745,-0.008598488311141184,-0.017594765219356136,-0.005586265588911309
2018-12-06,0.002294872260139189,0.0023018737410660235,0.0001398042261282858,0.0006281920633382757
2018-12-07,-0.006729837620223955,-0.006727109615885103,-0.012509268134345755,-0.0035479978330457884
2018-12-10,0.00729606874749004,0.007301341924093593,0.0013474518027360974,-0.0037585541636733096
2018-12-11,0.0012708936228266379,0.0012767068250295508,-0.0009188912616303997,0.0011073463783665756
2018-12-12,-0.004981512322810738,-0.004980073490954165,0.0018094120355195973,0.0011503936059300203
2018-12-13,0.0013442318251934838,0.0013476412439259269,4.296568815607692e-05,0.0007281602064861761
2018-12-14,0.0037461232077246583,0.003748136110296342,-0.010177707311668917,-0.005582552807619064
2018-12-17,-0.009921753580195066,-0.009917930538727391,-0.010181588311617498,-0.0055402504669015236
2018-12-18,-0.0007025363390162785,-0.000695552283634125,0.0004121823548924606,0.0008286202257868951
2018-12-19,-0.0033819806612119018,-0.003379296329560713,-0.007122566050240792,-0.0030679819015526568
2018-12-20,-0.011754362488114081,-0.01175093696760003,-0.009826762208801522,-0.0010875315898967663
2018-12-21,0.004975189414854011,0.004982564892583667,-0.011233274888324948,-0.006345483493206477
2018-12-24,-0.01170649539888366,-0.011701193207204034,-0.013728857384944152,-0.005450296599002458
2018-12-26,0.011422247276748556,0.011430213575923923,0.02588140997106161,0.00978366190341376
2018-12-27,-0.0049652702798643105,-0.004956345986170505,0.005443042343365139,0.0014628915613397913
2018-12-28,-0.0074286864737592075,-0.0074246424831978415,0.0016055005679704594,0.00290776725950951
2018-12-31,-0.003908918342959756,-0.003903291054318337,0.0065921603612816475,0.002242525081920748
2019-01-02,-0.001427431677678053,-0.001423875901547482,0.001502143375130139,-0.00029859971254609556
2019-01-03,0.0015174538050114032,0.0019426596542187933,-0.0111508346990346,0.00042594345845685443
2019-01-04,-0.011875925891957939,-0.01187155027052074,0.016543025609687463,0.00745695314887193
2019-01-07,-0.007541183780675292,-0.007534177286767389,0.003638837345812411,0.0026621054244400583
2019-01-08,-0.0027256648634290605,-0.002720591455193761,0.004693083364013377,0.0038837542404418445
2019-01-09,-0.009358342274865808,-0.009355545231587742,0.003064824823265479,0.00598844713643722
2019-01-10,0.002149334584979613,0.0021572233894392692,0.0019577118618474805,0.0009791825586369124
2019-01-11,0.0018901171765992478,0.0018933890768416106,0.0014010126470001582,-0.0006706133458703825
2019-01-14,0.003779616835920364,0.0037812268071869756,-0.0039401594384099615,-0.0027347599693183368
2019-01-15,-0.0018544057907851083,-0.0018515669119461924,0.006585085901504201,0.002755084142469089
2019-01-16,-0.003496166856951546,-0.0034936083136757425,0.0012511548348901583,0.0027734655213435774
2019-01-17,-0.002864550911854115,-0.0028618163920495826,0.003925903727567931,0.0015091820425314597
2019-01-18,-0.002071676215673136,-0.002069916948833011,0.006933903566624423,0.0020739979473548414
2019-01-22,0.0054498528219764685,0.0054527123595111745,-0.007009225450708381,-0.003987363045339297
2019-01-23,-0.002975097429032087,-0.002971333560885317,0.0010954053030000127,0.001138538837987616
2019-01-24,0.002026308812561803,0.00202796913379687,0.0015539164770251397,0.0022935852811430063
2019-01-25,-0.012115884321659925,-0.012113929601873928,0.0042964063445106665,0.00562686073168349
2019-01-28,0.0024427162340760356,0.002451711578962356,-0.004569507536718812,-0.002007367310446339
2019-01-29,-0.003209120924570463,-0.0032066453254703145,0.0002998348388396699,0.003230514314231806
2019-01-30,-0.007674150489926893,-0.0076705131876870355,0.010594138674984448,0.006884182237948677
2019-01-31,-0.0008990295258983032,-0.000892263068150096,0.007174461542481138,0.003305943003097121
2019-02-01,-0.0016098893707487572,-0.0016074660646543907,-0.0017521163569970879,-0.0020559859232649785
2019-02-04,0.0007949903795153833,0.0011610163635412565,0.003330574400288444,0.0005232799744705636
2019-02-05,0.0008661730970732808,0.0008681816652087305,0.003212844832137732,0.0033465230647957566
2019-02-06,0.004971045191352823,0.004972664163600655,-0.0004898138116356739,-0.002839526383758377
2019-02-07,0.007783028250268129,0.007786612822573092,-0.004442969337717157,-0.0019508398335601096
2019-02-08,0.0017708794841791308,0.0017751876022461404,0.0012677280300795685,0.00026439699181197995
2019-02-11,0.004222716397603332,0.004223707832054949,-0.00028089894767109917,-0.0020329779632460776
2019-02-12,-0.007363117463502004,-0.007359673736732075,0.0071751549254984405,0.0027897744470285436
2019-02-13,0.003607773325581455,0.003612314134756338,0.0009673492547997585,-0.0007401782080614265
2019-02-14,-0.0004960343235656157,-0.0004929604518886376,0.0005213794741503174,0.0025108077489159235
2019-02-15,-0.0054386295336752545,-0.005436627262828434,0.0061882674512925276,0.004981344528680834
2019-02-19,-0.005158870246651994,-0.0051540230973668695,0.0017265248438074765,0.0030237485640406524
2019-02-20,-0.001383820412905804,-0.0013796301743813407,0.001145408404024019,0.00010349754299254095
2019-02-21,-3.794963096007072e-05,-3.679254765744436e-05,-0.003322881463259937,-0.0022836747694684628
2019-02-22,-0.00015892275915830353,-0.00015710268961191618,0.004928544128974261,0.0037488870144921
2019-02-25,-0.001300090119552014,-0.00129856335627227,0.00022389951453051705,-0.0014039826297220777
2019-02-26,-0.0020729317879773857,-0.002071014821461433,0.0007301325058877119,0.001307445612211579
2019-02-27,-0.0001700475195429649,-0.0001676309956308018,-0.0016503472817026318,-0.0036109740160361124
2019-02-28,0.0028019704133021017,0.0028042667136001574,-0.0021471849917766473,-0.002823094650168433
2019-03-01,0.00259404491320082,0.0025968118558890177,0.0025046069527991217,-0.0028900308922378526
2019-03-04,0.003254565047183995,0.003327813201624791,-0.0009493652554180264,0.0010169328318865658
2019-03-05,0.0002893800657961929,0.0002910158404621609,-0.0005825117341230344,0.001913226764732442
2019-03-06,0.0023110740525881484,0.002312306961047256,-0.0025002475690629983,-0.0017242859207843154
2019-03-07,0.010436227587713814,0.010438222054415993,-0.0036275676479368916,-0.0033193579162237286
2019-03-08,-0.0033094990327706777,-0.003303057398478469,-0.0006031504785154287,0.0012557032665880539
2019-03-11,-0.0010522883788252977,-0.001049197198174567,0.008274403321004662,0.004237797615954793
2019-03-12,-0.0011562849138732813,-0.0011540522912922022,0.003365466036631381,0.003422912886938273
2019-03-13,-0.005224317262741179,-0.005221874570664981,0.00379131948877876,0.0029258641650975934
2019-03-14,0.0047422920344487775,0.004746394287699743,-0.0009583962572162883,-0.0031844859412309716
2019-03-15,-0.002797715515492823,-0.0027932927798100613,0.004220265176158405,0.003995355349042675
2019-03-18,-0.003957294996255184,-0.0039543139611757155,0.0016342499338048702,0.001676772959330043
2019-03-19,-0.002621034874354842,-0.00261821720569274,-0.00011883544353700211,0.0001561936548493938
2019-03-20,-0.003685371293346841,-0.003683763345110304,0.0009808295732776598,0.0038187695138519363
2019-03-21,0.008209800877054788,0.008214635352141874,0.006555036782736714,0.0019103735281999676
2019-03-22,0.008876013497005163,0.008881140712767315,-0.008596935225717592,-0.00497924090375949
2019-03-25,-0.0014025475925585626,-0.0013963566050380185,0.0005824297267065197,0.0018576849303760506
2019-03-26,0.004181407256778995,0.004183230811272342,0.004075503156998059,0.0011310019001453465
2019-03-27,0.00521292677435305,0.005215800560583098,-0.0019326956481304134,-0.0014850256419549341
2019-03-28,0.006620727146125483,0.006624394752912885,0.002284719757972061,0.00038077882349051495
2019-03-29,-0.0011625786753526486,-0.0011583863130868776,0.0030977638050634147,0.0016248490311833068
2019-04-01,-0.005895650332874591,-0.00589462711229003,0.004284107182555258,0.0015165004021479877
2019-04-02,0.0016900224858603205,0.001769238689806022,0.000973552564368682,0.0013139914136828283
2019-04-03,-0.005063424174191956,-0.00506239112998899,-0.0003041821782239122,0.00039743338737899985
2019-04-04,0.0008993023828276144,0.0009024005085802088,0.002009848132941465,0.0010014050130393516
2019-04-05,0.0014292361717340458,0.001430119239369585,0.003099006009297433,0.0023026260344807727
2019-04-08,-0.005527120335173775,-0.0055258662729768485,-0.00018107947409942162,0.00010060304837393863
2019-04-09,-0.0006746851306404309,-0.0006713720432335458,-0.002374720379745948,-0.0006374500497784378
2019-04-10,-0.0007010209450899738,-0.0006993792903891437,0.002992845807735815,0.0034513947204526446
2019-04-11,0.004968809183257479,0.004971209694160126,-0.0010697251903914885,-0.00399009550605651
2019-04-12,-0.003413132292032847,-0.0034083547862165694,0.002227845834817497,0.0012892302945246609
2019-04-15,0.000687004814893028,0.0006896619308927832,0.00012866746414822076,-0.000954818876241172
2019-04-16,-0.0032305463404189885,-0.0032294627318200718,-0.000955956175699346,-0.0032296468528292765
2019-04-17,-0.00168048233548158,-0.0016776384237494266,-0.0014062242742978708,-0.0010114641439902719
2019-04-18,0.005162106064881543,0.005163478762643453,0.0021313025861177956,0.001819121454620402
2019-04-22,-0.00394688923906752,-0.003944698507267247,-4.2387928636622866e-05,-0.0017350168026801802
2019-04-23,0.005038114360477968,0.005040721861054846,0.006152995407483941,0.002798629824375603
2019-04-24,0.009335714069324345,0.009338383772480406,0.00014591861417920674,-0.0008696380965435167
2019-04-25,-0.0009642925328175925,-0.0009589557995705497,-0.0008584366741728478,-0.00029886793243830807
2019-04-26,0.0022499945711046384,0.002251010761750487,0.0038650082049092992,0.0019269696614984868
2019-04-29,-0.004360381255675949,-0.004358090600353256,0.00013117492067649068,-0.0012558437421210154
2019-04-30,3.42382358407266e-06,5.831198225148947e-06,0.0010906356924870872,0.0022286095629212915
2019-05-01,0.003555583396469736,0.003557464855471655,-0.0047366657455526545,-0.002447736863094069
2019-05-02,0.00190145719367785,0.0019546308727523866,-0.0024338840702952677,-0.0021253776793126776
2019-05-03,-0.0028944204798313127,-0.0028918334781513544,0.006405630204238096,0.004924102853249871
2019-05-06,0.0030512663367956885,0.0030550369487238106,-0.0014605399526343213,-0.002508782007750468
2019-05-07,0.0022928333027204435,0.0022949764046289187,-0.008670362547287834,-0.005860021174593991
2019-05-08,-0.0018494694669252876,-0.0018445847054030622,-0.0015914460289275425,-0.0006770002934960506
2019-05-09,0.0021762048307583954,0.0021773210322486958,-0.0007347003729115206,-0.0011703997320863422
2019-05-10,-0.0004496573929860336,-0.00044786332574169464,0.002718576839167663,0.0026694830650599885
2019-05-13,0.003173332550508391,0.003174979663645347,-0.012955658098685634,-0.005220821180037663
2019-05-14,-0.002049099719240112,-0.002044601958553818,0.004933517608911131,0.0037462765848955267
2019-05-15,0.0017038779975584145,0.0017068937938428405,0.004765480444422829,0.003225554205155953
2019-05-16,0.002172980211061783,0.0021747074654328907,0.004675499383094766,0.0006612316683557884
2019-05-17,0.005827294771061446,0.005829706694057672,-0.0036527113086273675,-0.004217897765685685
2019-05-20,-0.0035964312130776777,-0.0035912974065630244,-0.004605737028501849,-0.002650007019306854
2019-05-21,0.0017532690813310322,0.0017556413443721658,0.004870905101936617,0.002459073301645884
2019-05-22,0.004904062043733147,0.004906197879770837,-0.0006035281335891858,-0.001162991083577574
2019-05-23,0.00401170440256039,0.0040153307271111344,-0.004755599003799959,-0.001785685515911363
2019-05-24,-0.005373029763473169,-0.005368550812599349,0.0012165402844872186,0.0031138416833050883
2019-05-28,0.0020560392249362918,0.00206087026040373,-0.003672504162102206,-0.0009056887336547503
2019-05-29,0.00047885096797563174,0.0004820419425911734,-0.00408196256390016,-0.0022196978350469626
2019-05-30,0.0024712799319951506,0.002473615897244645,0.0030994458547747086,0.0024568575855596357
2019-05-31,0.0009255411455650782,0.0009275706247234333,-0.005089550334706359,0.000556009311619297
2019-06-03,-0.0047977504715783935,-0.004792081945720516,0.0005550908856927051,0.003863318558702604
2019-06-04,-0.004243278810251695,-0.004058512592899998,0.01155057009670137,0.001868037968673517
2019-06-05,0.006953751639443075,0.006957030984699793,0.005246736405344343,-0.00037036130383553837
2019-06-06,-0.004144716300105221,-0.004138864928866006,0.003881605424673202,0.0032769044585299984
2019-06-07,-0.0011564936881459644,-0.0011523608325014656,0.007642917003656955,0.005443333403270286
2019-06-10,-0.0019363226132415156,-0.0019329003584581605,0.0008810889193354913,-0.0013161414454397505
2019-06-11,-0.0022457433783168845,-0.002243880521207514,-0.00014963775692739223,0.0023177184039183877
2019-06-12,0.0055193232867503245,0.0055215474028070186,-8.64272741716652e-05,-0.0021208255453623787
2019-06-13,0.00041262971691926427,0.0004166328763224168,0.003486673063027834,0.0029948701276226795
2019-06-14,0.004838456039991615,0.0048403886950597,-0.00039323074750667386,-0.0012721216140468763
2019-06-17,0.001674938447516093,0.0016779112047992214,0.00016163877771948706,0.0011323432683619818
2019-06-18,-0.0027364627331665182,-0.002734867522212947,0.0071565450925336884,0.006547744942987942
2019-06-19,-0.0018688356644887768,-0.0018647843556328515,0.002442392078527576,0.0028945731308102052
2019-06-20,-0.008341983528318574,-0.008339341641547121,0.006501222660734045,0.008625554772777901
2019-06-21,-0.009031690382751175,-0.009022326703842856,-0.0024668530042958026,-0.002468040683531923
2019-06-24,-0.00294925936132114,-0.0029442049721820638,0.0005739173366594328,0.0024520107160970347
2019-06-25,0.00016330345333975566,0.0001665739852473114,-0.005444140291361438,-0.0027690686990172564
2019-06-26,-0.006370345245912145,-0.006367891651771928,-0.002194417613475368,-0.0027333943289723083
2019-06-27,0.0034864863800571945,0.003490101435276894,0.00333853639910261,0.003216775930201725
2019-06-28,0.0011498535883607724,0.0011518775438773517,0.0033335794283479215,0.0003857858254421876
2019-07-01,0.004806491247460502,0.004808275304369692,0.005098496256479573,-0.00040331579571808437
2019-07-02,0.011604363712274177,0.011850929669720308,0.0029789103093424488,0.0036473895819609864
2019-07-03,0.004728767635353807,0.004734923388499299,0.005558315455179062,0.004150586117915153
2019-07-05,-0.0077804527901362665,-0.007778121459893602,-0.0032156015740899993,-0.004916880781109351
2019-07-08,-0.0025828819958281365,-0.0025801261672836998,-0.0037100159383938133,-0.0021082733497616675
2019-07-09,-0.00032762173665042734,-0.0003261354789558082,0.0004943784801532001,0.00028320166552886077
2019-07-10,0.001004248825786757,0.001005201420734479,0.0030939002782634424,0.005330719145843335
2019-07-11,-0.00716527307380478,-0.007161614682934582,-0.0005462844800860714,-0.0035803763271356564
2019-07-12,0.002625506141206518,0.002628881257607183,0.003141812045336928,0.0019460352360867973
2019-07-15,0.0038967270943589274,0.0038980515785296895,0.0010332394533255223,3.555438649901941e-05
2019-07-16,-0.0015231804018189204,-0.0015205938338844394,-0.002818943479644992,-0.0035091058406047826
2019-07-17,0.004917728657429473,0.00491968785871204,-0.0022663589192454085,0.0008931716007337566
2019-07-18,0.0049274661905760265,0.004931208497449716,0.003183479707205775,0.0026381260784632773
2019-07-19,-0.006618445934522699,-0.00661563767400087,-0.004070044555584227,-0.004415140080342298
2019-07-22,0.001631938719950317,0.0016352647983839993,0.0016588446245451003,0.00016958795607362764
2019-07-23,0.001853521396426572,0.001854558662898886,0.0036495331285864483,0.0013363751265857366
2019-07-24,0.00398681920115212,0.003989840060302366,0.0034161714093052624,0.0012572295572772696
2019-07-25,-0.006810385776996613,-0.006808461349277145,-0.0035741228718795415,-0.004441178274759445
2019-07-26,0.0035052823900767896,0.0035074105675462603,0.00397408133164697,0.0018130864337572532
2019-07-29,0.0007368889621405747,0.0007383643094691869,-0.0007430652782310915,0.0013769998157403159
2019-07-30,-0.0012139497779411542,-0.0012129808424592163,-0.00130521108763997,0.00010838652417749452
2019-07-31,-0.0007630374365200997,-0.000760765716054381,-0.005600431754182506,-0.004248247454285356
2019-08-01,0.012465878820595862,0.012469350394076071,-0.0007094884112374079,0.0010429680297984517
2019-08-02,0.004238377346364053,0.004378667335265506,-0.003688939372955069,-0.0006598054626080854
2019-08-05,0.007121201310358425,0.007123982120784192,-0.014500429027796252,-0.006636037722134457
2019-08-06,0.003755338262407362,0.0037625629011478995,0.008906411425454187,0.005089989767488586
2019-08-07,0.004204234614030742,0.004207141888661798,0.0003479559359292758,0.002233433363769581
2019-08-08,0.003721169725157519,0.003724022668445363,0.011638848207346264,0.006563730122517153
2019-08-09,-0.0006708798060529552,-0.0006682077070318706,-0.004673226753254154,-0.0017325225274552743
2019-08-12,0.008371019761228844,0.008372861533089334,-0.004674375064947709,-2.3119279939603653e-05
2019-08-13,-0.006719840714167502,-0.006714655015809333,0.007725187463928308,0.0031815764887462086
2019-08-14,0.012832291543380179,0.01283778746888423,-0.014887679040859572,-0.0064809566691961425
2019-08-15,0.006178018907946921,0.00618761779473249,0.00417840405003615,0.0033877849401883517
2019-08-16,-0.0025049398827426583,-0.0025020442185599867,0.007539377091310419,0.002492411145272929
2019-08-19,-0.004561360802673149,-0.004558671644433339,0.005145610373948377,-9.25107584621572e-05
2019-08-20,0.0019340095111328574,0.0019375978077254157,-0.00274967310670242,0.001213821271487279
2019-08-21,-0.003473177782643179,-0.003471125606857431,0.00372021869250546,0.0013146598972340454
2019-08-22,0.0010796787369942787,0.0010820642859858164,-0.0010818302031611656,-0.0023280663404937644
2019-08-23,0.005970842193351206,0.00597270475674778,-0.01251059315792505,-0.0017575689668683934
2019-08-26,0.0001968505302272784,0.00020264344739422623,0.006071066339510333,0.0017468440676626543
2019-08-27,0.004452420518922002,0.004454973105449997,-0.0005360601572624241,0.003092125812261057
2019-08-28,-8.618070250737289e-05,-8.38128349214447e-05,0.0042738826491244865,0.001528583287198319
2019-08-29,-0.0018210000396213977,-0.0018193539031156913,0.006716686240596133,0.0023538785483423114
2019-08-30,0.0029834922110600006,0.0029859251019954324,-0.00015636444535499099,-0.0005478795399836408
2019-09-03,0.006281884749076424,0.006284461896529189,-0.0025611112957015275,0.0010690613423919985
2019-09-04,-0.007144419400097295,-0.007090456273012532,0.00743789811307702,0.007283158042026305
2019-09-05,-0.011137124748000557,-0.01112992108737917,0.004540201280046319,-0.003193961529820784
2019-09-06,-9.899976857894291e-05,-9.337515372587592e-05,0.0007095396641858219,0.0012087332910245292
2019-09-09,-0.00923012324013092,-0.009228779368804688,-0.002118032047624392,-0.001639404458065819
2019-09-10,-0.007876401060797868,-0.007871221821446815,-0.002988971582751605,-0.0037750576695566983
2019-09-11,0.0013032625197182059,0.0013068590866771857,0.003958810265521876,0.001300710812206788
2019-09-12,-0.004263896501025601,-0.004261648373018925,0.0012542387612141813,0.0010067211683477738
2019-09-13,-0.010527661876135942,-0.010524855881744302,-0.003939606818693256,-0.0034103179223983113
2019-09-16,0.004368820665553221,0.00437381440637466,-0.0002347953426243195,0.005098758636165529
2019-09-17,0.0027575153894685367,0.0027630909074468366,0.00256261753826833,0.0005820799158730034
2019-09-18,0.0024215852022395424,0.0024249873926856713,0.0005061909555183413,-0.0017079994626734685
2019-09-19,0.0008936662257077859,0.0008964455735631068,0.0001324083500751525,0.001615958099115319
2019-09-20,0.006810907229502955,0.006812302086593682,-0.0006834849198136324,0.0026070146967399413
2019-09-23,0.0025647307862636487,0.0025680352010474298,0.0004103790343763346,0.0008638152304034287
2019-09-24,0.00548779234294861,0.005488979329691485,-0.0028547372692836683,-0.0012219407607360995
2019-09-25,-0.0018783235642049621,-0.001874258117208989,0.001023033738528846,-0.004234197740842296
2019-09-26,0.002882298740298965,0.0028859312763615573,-0.00044067247308220543,0.001525764147275537
2019-09-27,8.212834718308499e-05,8.392606752300933e-05,-0.002731585042259617,-0.0030109523194895983
2019-09-30,0.0011082676213695977,0.0011101097266269068,0.0031350993550353936,-0.0007236474929549543
2019-10-01,0.0006312207317039276,0.0006337503361323251,-0.0061670662088187025,-0.002285750613444048
2019-10-02,0.005376973146743552,0.005403647210136603,-0.009217297670823918,-0.003178879420792366
2019-10-03,0.0035431769793199835,0.0035474567303003758,0.0069871724552423705,0.0053019906218203195
2019-10-04,0.0011190555548434692,0.0011209647754487398,0.008842555824315599,0.004492414276511682
2019-10-07,-0.0028953006799140152,-0.0028935643599016583,-0.003924084348957711,-0.0037161226685415243
2019-10-08,0.0029191908926748536,0.0029205585590495425,-0.00843539661737275,-0.002079198104392561
2019-10-09,-0.00370322996812734,-0.003700590036682607,0.004601610657909947,0.001738492024183927
2019-10-10,-0.009642046917474995,-0.009639414758368266,0.0015095450768610463,-0.00029761068362872814
2019-10-11,-0.011827088662667419,-0.011821795248021578,0.003482962842498674,0.00244833180958199
2019-10-14,0.004794458765324571,0.004801816675860903,0.00042288788130390197,3.694343119646993e-05
2019-10-15,-0.006916195754445811,-0.00691338464517989,0.004059712475386655,-4.325458726009442e-05
2019-10-16,-0.0011211450046333658,-0.0011175042350433943,-0.0002004242878322852,0.0013955406291425814
2019-10-17,-0.0020103802350985864,-0.0020087692466713154,0.0016449866921387835,0.0018794430081979948
2019-10-18,7.79059905204622e-05,8.040352702761528e-05,-0.0023031153540189558,-0.00020401718289009922
2019-10-21,-0.002243061698065901,-0.0022414633426622323,0.0026567071980459567,0.0009194141688338138
2019-10-22,0.0023096158845257917,0.0023117554336922275,-0.0010718712872140079,0.0005420651512989326
2019-10-23,-0.0016910822341049405,-0.0016898115218541181,0.0019045387789878843,0.002251994059150573
2019-10-24,0.00126447526530806,0.0012665339277001572,0.0009214917777439135,0.0010606693996133255
2019-10-25,-0.002744540233339339,-0.0027430678055530384,0.0016443772752016224,0.0003781609833474648
2019-10-28,-0.0060605509681713856,-0.00605825546770158,0.001959670453950353,-0.001441337187957458
2019-10-29,0.0018574993699449847,0.0018603235293179498,0.0001672977962020363,-0.00014570744558960926
2019-10-30,0.0027359013313740356,0.0027373049804071334,0.0037624747369216275,0.0030827654760994883
2019-10-31,0.007608793339617313,0.007610661001878246,0.00084816747680743,0.0013005719876023818
2019-11-01,-0.006027166718834186,-0.006023069916284638,0.004895079307105371,0.00436265757304165
2019-11-04,-0.0019910954954163416,-0.0018239409624362852,0.0003741256164990077,-0.0006054449465611234
2019-11-05,-0.0072339583234793435,-0.007231160145370598,-0.002806900629881604,-0.004707028117474684
2019-11-06,0.003984378834157897,0.0039880512459758806,0.0012816354928433188,0.00028656750369281467
2019-11-07,-0.005868266997155374,-0.0058659353011415935,-0.0010597839505153994,-0.0036159859744536215
2019-11-08,-0.0023439619964042654,-0.002340441842011384,0.0009555964855588287,-0.0017045398843880423
2019-11-11,-0.0005669482512555142,-0.0005654443537181095,-0.000729654319188056,-0.0013249291134514144
2019-11-12,0.00018011396102794513,0.00018145070124045014,0.0014546379059263805,-0.0002495478997605784
2019-11-13,0.0023435577834139934,0.002344929603431194,0.0012666980274367394,0.001304224793390412
2019-11-14,0.005029086618894484,0.0050307177188533,0.0028775082567614966,0.002410461968479793
2019-11-15,0.00041545065627593506,0.00041765581713546613,0.00405395382186508,0.002246506220575671
2019-11-18,0.0027237667038532685,0.002725921686259598,0.0011192598280919937,0.00023397192109171814
2019-11-19,0.0034785093659007783,0.003480280840740888,0.0005678009576565138,0.0004979576314827532
2019-11-20,-0.0015453133262633954,-0.0015431540045034496,-0.0008038831456919516,0.0010920720684403603
2019-11-21,-0.005905506726119602,-0.005903293548886296,-0.0019622448943620954,-0.0022492334673852093
2019-11-22,0.0016472525364173757,0.0016506206834756882,0.0012720522111846603,1.895217434574083e-05
2019-11-25,0.0036390609710211853,0.0036404994385644826,0.00486332127586676,0.0022043163748746196
2019-11-26,0.0024954798396825007,0.0024977783815060463,0.0021129952633142128,0.0026335017959267506
2019-11-27,0.0007760667269691861,0.0007781252133737982,0.001684214888655131,-0.0006808241603578017
2019-11-29,-0.0021781683402911953,-0.0021761971088202717,-0.0025720888112533294,-0.004286624383956443
2019-12-02,-0.00849543050089577,-0.00849260513698275,-0.006569982009610969,-0.003786678728250874
2019-12-03,0.004871909737596512,0.005027886923372964,-0.0004596297826541226,0.0028999086796296972
2019-12-04,0.0031320222800380595,0.0031351538322108292,0.0021274407131745016,0.002115729476887568
2019-12-05,-0.0009197769377745142,-0.0009167774225214403,0.0001400077035594871,0.00011164171770136386
2019-12-06,0.004521474165291579,0.0045227071390864446,0.004254064451123697,0.0014368599519588312
2019-12-09,-0.0018567157156592737,-0.0018540081203324917,-0.0015735692911918147,-0.0009396988066952155
2019-12-10,-0.0011264940897955668,-0.0011253894535320703,-0.001137440170463463,0.0003185323426619987
2019-12-11,0.003012387430730085,0.0030137074271273804,0.003359834537381891,0.002625710097562975
2019-12-12,-0.0012699359405204242,-0.0012672587668633455,0.0020326973007292197,-0.00046054762602095654
2019-12-13,0.005534422161013305,0.005538413176181684,0.002682865650785257,0.0029781828024417773
2019-12-16,0.0028989513596600278,0.0029011922886398303,0.002296759137480802,0.002329822221556514
2019-12-17,-0.0003883680147408182,-0.00038580508139184804,0.0001672847333200226,1.9398734343913794e-06
2019-12-18,0.001962251415650618,0.0019639197555476246,-0.0010281751639026812,0.00044358915102716027
2019-12-19,0.003909104160378031,0.003911161090152493,0.0027960429331023626,0.002351547575330616
2019-12-20,0.0036303711397644004,0.0036318125950567004,0.002666547409566535,0.0009731275583572703
2019-12-23,-7.219058340453028e-05,-7.030964422033133e-05,0.0005758759133858416,0.00022041324690165416
2019-12-24,0.002561981200894492,0.0025628960222534103,0.0006915289754033814,0.0015347238132645247
2019-12-26,0.005048829619209562,0.005050244711950876,0.0038103570187636208,0.0035671089716074905
2019-12-27,-5.643784627621531e-05,-5.463164660275688e-05,0.0004122688782329029,0.0015224702280973318
2019-12-30,-0.003503243733510511,-0.003501670865627833,-0.0036094900275535,-0.0016579128988973835
2019-12-31,-0.00022067643034405079,-0.000218517723004787,6.415827918978481e-05,-8.874314199472247e-05
2020-01-02,0.010288281636598931,0.010290306067060639,0.007509434655404037,0.004859152842495312
2020-01-03,0.0030456748860703104,0.003113464646557059,-0.0018742897109661116,0.0018290752172665332
2020-01-06,0.0009624923686502772,0.0009664993132170095,0.0018402670040334862,0.000837382283442139
2020-01-07,-0.0019194151666282941,-0.0019176726421505851,-0.002259117271738051,-0.00207668387880955
2020-01-08,-0.0018812927434195604,-0.0018795944777756743,0.0022425732859119194,-0.001797820208967533
2020-01-09,0.001337392229149265,0.0013403898390742422,0.004351356821061147,0.0006754060120208018
2020-01-10,0.0027941121520152394,0.0027959798676048045,-0.0008658309698697202,0.0020782354400886915
2020-01-13,0.0022781653702171616,0.0022801508260692376,0.0036542909902958884,0.0016654586190387487
2020-01-14,0.000328767728928864,0.0003321579905999555,-0.00012845941629477042,-2.4623426921658718e-05
2020-01-15,0.001617119216351204,0.0016183392714766583,0.002361499239261507,0.0013101950384500096
2020-01-16,0.0035427937245721556,0.003544836820038229,0.004172091303605289,0.001589867081348126
2020-01-17,0.00326795388006564,0.0032703132915172096,0.0015551022877977353,0.000676358291437583
2020-01-21,-0.0021161881990720594,-0.002114732570660091,0.0003826617346098584,-0.001259903673255584
2020-01-22,-0.0012671941579632457,-0.0012640490219348033,0.0001435220859006199,-0.0006423806827904618
2020-01-23,0.0020311771686814654,0.0020333065416676317,0.0016867769502575136,0.00036200031111781377
2020-01-24,-0.0024553631616901334,-0.002453041434509004,-0.003935147055593269,-0.001881212690077088
2020-01-27,-0.00981053304672336,-0.009807536556611242,-0.006896617421559961,-0.005332608772862063
2020-01-28,0.0025741496783001842,0.00258087198593407,0.004855103371483291,0.001216876440947161
2020-01-29,0.003187752500036254,0.003190492744151558,0.0014345310894123512,0.0015349023431397582
2020-01-30,-0.003282450359683207,-0.003280202567855157,0.0023248832636174406,-0.0015807589511386425
2020-01-31,-0.010358857377548228,-0.010356418357907578,-0.00879744375939516,-0.00427852727910363
2020-02-03,0.0009066331052109838,0.0009122048471573942,0.004035730064010327,-0.0003348708589409734
2020-02-04,0.006414613514980269,0.0067240423690995196,0.0068211356452446215,0.0027416630537902597
2020-02-05,0.002694617909142404,0.00270032572373596,0.005274088508293526,0.002407875427980889
2020-02-06,0.004114142839814166,0.0041174674482938435,0.0023247665080099607,0.002113532444769114
2020-02-07,0.0003108367970212333,0.0003122250790394011,-0.0013772773156475343,-0.0012814554284160445
2020-02-10,0.007579655969934168,0.007582102940302114,0.0052940405246998876,0.002108463306225318
2020-02-11,0.0013821572810148056,0.0013860705542979377,0.00012186483202051731,0.001966718110295844
2020-02-12,0.0029597990694362063,0.0029616763173231,0.0029242553135115194,0.002884933865101607
2020-02-13,-0.00010005511660217861,-9.721390654645321e-05,-0.0003092369245668659,-0.00038025379119973934
2020-02-14,0.003551767359895281,0.0035536676744408304,0.0019424966548303305,0.001837800166463501
2020-02-18,0.0018299988638072503,0.0018319036508421393,-0.0009555736818111827,0.0009797735034501858
2020-02-19,0.0029023699265939866,0.002904995419778752,0.002846303867057075,0.0006976989318075041
2020-02-20,0.003820861848685637,0.003824037749169589,-0.0013789952153910783,-0.0008374739266347898
2020-02-21,-0.0008755035162861332,-0.0008721043598790214,-0.004695594677816464,0.0008229940698352819
2020-02-24,-0.012708388513382808,-0.012704954114156081,-0.01702425939288604,-0.009503957762515178
2020-02-25,-0.01503790265701101,-0.015029175940130328,-0.016937764465288628,-0.009614730372466577
2020-02-26,0.0009979449235146811,0.0010046344395450268,-0.0023797229701420664,-0.0017236674154364935
2020-02-27,-0.02305738126264074,-0.02305484301485711,-0.024360700160563024,-0.01273890367559725
2020-02-28,-0.010263073025381497,-0.010250768085361356,0.0023489890047441804,-0.0033952923599603313
2020-03-02,0.012550375528620707,0.012559147104906007,0.02442930331556876,0.011906496036013207
2020-03-03,0.006582850449521055,0.006829354204682992,-0.012543146419766695,0.0024058916291410386
2020-03-04,0.010932124816821563,0.010937629067692928,0.023904850354462256,0.010192266974075435
2020-03-05,0.0025166540512187485,0.0025246069937199344,-0.016422158277879562,-0.003999444164960065
2020-03-06,0.009773811421871935,0.009782144187900285,-0.005605647692061807,-0.0027369245146240187
2020-03-09,-0.0015387787980944592,-0.0015290232052354372,-0.04186950187261042,-0.02660395631611988
2020-03-10,-0.012086331883440504,-0.012066458326275618,0.021019056926709932,0.005812886350446314
2020-03-11,-0.01778323842717315,-0.017768614047212056,-0.032422471030059,-0.023764255502208946
2020-03-12,-0.02276723014453642,-0.022756595591125306,-0.05422130708597818,-0.041457909341968024
2020-03-13,0.01032585657622067,0.010344179050304249,0.04352352485193147,0.019673140885127
2020-03-16,-0.012459506275056575,-0.012442249201338278,-0.05046210570237239,-0.04111314610671977
2020-03-17,0.00021604810422627262,0.00024317457302459357,0.016876076926113627,0.006159955873524237
2020-03-18,-0.019297199181378163,-0.019282541126441934,-0.03410600510810509,-0.034431257082517874
2020-03-19,0.006530420739875296,0.006543395920134084,0.0026525681410891847,0.003037458827926237
2020-03-20,0.00994563605592829,0.009955076259882286,-0.011578992455152495,0.0023450843153563585
2020-03-23,0.00802208117914697,0.008033112428221667,-0.007740548952349137,0.0032009138868272884
2020-03-24,0.013560011991731288,0.013568330740409681,0.04323824757066325,0.027669070165120668
2020-03-25,-0.0027445045701333017,-0.0027300299296628945,0.008301693888981344,0.010267391276288044
2020-03-26,0.01408098451976984,0.014088487568173012,0.032678490936255654,0.019767716610232744
2020-03-27,0.004358967454209717,0.004367763002081195,-0.013205029653525732,-0.0057923227257008535
2020-03-30,0.009432606279313015,0.009439123059633849,0.01874211814046763,0.006671492856502671
2020-03-31,-0.009076388311126615,-0.009070862139478546,-0.007419981220014781,-0.008090430017829817
2020-04-01,0.0007475468748320523,0.0007525996173171467,-0.0228224306070725,-0.014965767961170332
2020-04-02,-0.0012808182301740512,-0.0009458432666763252,0.013890014107736872,0.009956272122944013
2020-04-03,0.0020674279273182297,0.0020699276749873863,-0.008461470305680781,-0.0035680761585407937
2020-04-06,-0.007059273410946644,-0.007057295625484938,0.03862047172495904,0.024140955324197223
2020-04-07,-0.0050596061633014396,-0.005055699602272558,-0.0010741563091932963,0.0011686457975992215
2020-04-08,-0.0034651383350272516,-0.0034630994024914524,0.02032598481377029,0.009414087999348378
2020-04-09,-0.0024325805396017797,-0.0024306676284322815,0.010349542532199834,0.012212130302836568
2020-04-13,0.002159193481375799,0.002162130140115093,-0.006552920573928147,-0.0036416749204223257
2020-04-14,-0.0033080638374599802,-0.0033058193502674147,0.01904267794922425,0.009961265396037653
2020-04-15,0.009209767381679333,0.009212167106915843,-0.01024774224031346,-0.011230696073564807
2020-04-16,0.0022038045177837076,0.0022080257751953573,0.0034249493225498376,0.00045266360245606763
2020-04-17,-0.006727956025329971,-0.006726787042164884,0.016028253777010785,0.007670679789139367
2020-04-20,0.005374443984894572,0.005377354911429051,-0.010253041297914654,-0.008193849987877205
2020-04-21,0.006870872075619557,0.006873420472293609,-0.018144801356395835,-0.012517965228804466
2020-04-22,-0.001956372345511571,-0.0019524838305266835,0.01266633858822234,0.009563716412970427
2020-04-23,0.0025012181210440298,0.0025033315979233906,0.0001954991573812949,-0.00042578015013617515
2020-04-24,-0.0009406507681997277,-0.0009395752597540434,0.008861099406646792,0.0016333535807564494
2020-04-27,-0.004178698591978963,-0.00417761031932987,0.00715957934873522,0.003569623185742197
2020-04-28,0.0006095207161797813,0.0006115869397451765,-0.0013465768342888146,0.002589486315038169
2020-04-29,-0.005185176428682449,-0.0051844540189377895,0.01643863927111966,0.010988780303918285
2020-04-30,-0.004025256203579215,-0.004022496224907363,-0.006823691957495595,-0.007989326601057485
2020-05-01,0.006302158846714718,0.006304484681547753,-0.016426865044121546,-0.010677257757368974
2020-05-04,0.0017153374484572166,0.0018019318573033723,0.0017054060431267912,0.001675578104111365
2020-05-05,-0.0008475661598573819,-0.0008459429366505071,0.005253442399489982,0.003920659869070579
2020-05-06,0.0018992822869601286,0.001901184831486306,-0.005556981662555815,-0.007587832917631328
2020-05-07,0.000619599886712191,0.0006224560882708146,0.009695504914612196,0.008373474956895494
2020-05-08,-0.006228223850789607,-0.006226258746288341,0.008687806831260013,0.00673543848386764
2020-05-11,5.328972537047461e-05,5.644147796274562e-05,-0.0009727398815493195,-0.005329042070316257
2020-05-12,0.0032098628347849412,0.0032117400673067655,-0.010850098494010089,-0.006328801311195832
2020-05-13,0.004227053979062217,0.0042289206061602285,-0.009860600043447573,-0.003829701047793078
2020-05-14,0.0010895937789772501,0.0010918364835893408,0.0077889986489207245,0.004027538755424222
2020-05-15,0.00023912748605704916,0.00024067619427741303,0.0025015366861236106,0.0003409622896445481
2020-05-18,-0.013130243578878162,-0.013129288255430433,0.015905475514239147,0.014578920084750664
2020-05-19,0.0020478618704645336,0.002054614244656865,-0.005189138156118982,-0.003346171338344457
2020-05-20,-0.0034337164961446556,-0.0034322052696765023,0.010423707273155747,0.007966932145309304
2020-05-21,0.0009678100730999873,0.0009705658149235751,-0.0039709686897948,-0.00427257006198589
2020-05-22,0.003989348966848634,0.003990708593275762,0.0018950284486295677,-0.000509435680491772
2020-05-26,-0.009144108953205712,-0.009142222652350962,0.006493660385032757,0.007474046159887056
2020-05-27,-0.0003491811270126445,-0.0003448230018689827,0.009446965752497816,0.003389443197909542
2020-05-28,-0.003144874900927507,-0.003143419797951612,-0.0014859601409104401,0.0011260384888338766
2020-05-29,-0.0007799697825701114,-0.0007780876368005275,0.003977858576568094,0.0038477299855181088
2020-06-01,-0.004706896299419805,-0.004704992403475833,0.002342808763756551,0.007224289936371602
2020-06-02,-0.0056149133147273995,-0.005592333599068576,0.004304393731632105,0.00362007280709804
2020-06-03,-0.00895628703704001,-0.008953865181718316,0.005660542971181014,0.005001974795003924
2020-06-04,-0.002907388916364739,-0.002903827288983184,-0.0031572934492900082,-0.002719070223497213
2020-06-05,-0.00636067140253826,-0.006358738282632442,0.013606292088420369,0.008361086654096732
2020-06-08,0.0019413100947940744,0.0019447403066674366,0.00784302340654228,0.006892651977387805
2020-06-09,0.0029352188915984234,0.0029371233798314586,-0.0032289187491094406,-0.0012029060665004019
2020-06-10,0.0026377749561316316,0.0026391526139423367,-0.0005457910658295774,0.0018299579994303275
2020-06-11,0.011696872134362416,0.011698865338982907,-0.03386618641213836,-0.02260748710463384
2020-06-12,-0.002806071006365486,-0.0027989515374986238,0.006238813590776871,0.006660467879765586
2020-06-15,-0.0026183915357464393,-0.002616531511600406,0.005267679696812614,0.002481942623789383
2020-06-16,-0.0010691783290261662,-0.001067440009819881,0.010768187619207838,0.004254445558250139
2020-06-17,0.0018431659212619826,0.0018448597567471774,-0.0019072861513771571,-0.00014012273260483016
2020-06-18,0.0023695652420477253,0.002370552494725397,0.001110667757788109,5.3569787909537996e-05
2020-06-19,0.0018487085965682274,0.0018499196819412296,-0.003329968441314762,-0.0002963532728256119
2020-06-22,-0.0034565468091621587,-0.0034553739271378837,0.0035150837853031762,0.004139087528910955
2020-06-23,-0.0005800742519558311,-0.0005779662608654466,0.0026576747721288618,0.0015782264382372736
2020-06-24,0.0050991187925176285,0.005100530713910395,-0.014735155656593998,-0.010458409294012334
2020-06-25,-0.0006206017865317128,-0.0006168344212255493,0.006497558672385379,0.0046052736152850425
2020-06-26,0.003412936202008977,0.0034140591472490173,-0.013238446704489175,-0.005719515763019762
2020-06-29,-0.0024238347310924966,-0.002421865517764666,0.009158628310488663,0.005269342742300156
2020-06-30,-0.0009243418683814451,-0.0009224719751411406,0.0069574729582683285,0.0015528897477854358
2020-07-01,-0.002504825213971418,-0.002503898590230905,0.0036030641115735707,0.004463247279794935
2020-07-02,-0.0009415566732212304,-0.0006854508243269874,0.0037964030694395616,0.004025538819878962
2020-07-06,-0.007373744367669144,-0.0073725243332400615,0.00868816828241502,0.007790339233677677
2020-07-07,0.007796818266072295,0.007801787719756022,-0.004974788142851615,-0.0037468757542032014
2020-07-08,-0.007040604311752531,-0.00703626678953288,0.003981108827375386,0.005324701078199887
2020-07-09,0.006302616112912831,0.006307329334444614,-0.002170700195039255,-0.0017595080390347558
2020-07-10,-0.0033205247133989446,-0.003316738532226718,0.005362118331964649,0.0014343752131717273
2020-07-13,0.0018938814011777625,0.001895966863533897,-0.004816324639352612,-0.0035138677617707046
2020-07-14,-0.0017557621666480442,-0.0017536621638580441,0.007773416335919413,0.004509512695105211
2020-07-15,-0.004549219061165459,-0.004547350208471571,0.0054324285415353725,0.003946149975144759
2020-07-16,0.004907044608451431,0.004910314969043522,-0.0017131049145905355,-0.004648976146353813
2020-07-17,-0.004300619247924146,-0.00429698978113895,0.0016620420924941973,0.0035593261906060034
2020-07-20,0.0013664215401482716,0.0013695533656048818,0.00516748979031121,0.0016368495339236899
2020-07-21,-0.005028340413834379,-0.005026798704290903,0.0017114452046357422,0.004507051786159997
2020-07-22,0.0005584345176894747,0.0005628267132496255,0.003597217888930869,0.0038407974698747576
2020-07-23,0.0016367140362017695,0.001638892789499998,-0.006907253403539969,-0.000997059068444416
2020-07-24,-0.0037202433916431526,-0.003718550843197593,-0.004107884094203976,-0.0002076375515904976
2020-07-27,-0.007418422471259864,-0.007415515656881522,0.003809973099776613,0.007049956006586513
2020-07-28,0.0031419310569343606,0.0031477528111844445,-0.0029301432961851034,0.0010927942990222915
2020-07-29,-0.004048645692719412,-0.004046620216778483,0.007971073751387104,0.006601727600649979
2020-07-30,-0.00031486159555270307,-0.0003112284611239108,-0.0016316466150954757,-0.004065305574870602
2020-07-31,0.009896917769383637,0.009899616436730355,0.0048982454066753955,-0.0016790305039886273
2020-08-03,-0.0015769535444333565,-0.0015713587563929649,0.004046344741202004,0.0021560978657829124
2020-08-04,0.00788276395435184,0.008517992022738155,0.0036834577259122177,0.007276015539655785
2020-08-05,0.002494078304359259,0.002497662424727128,0.002395060605512442,0.0019657797699547583
2020-08-06,0.004000237236118619,0.004003149121258174,0.004479651633310653,0.0038757472948356686
2020-08-07,-0.010340346230416166,-0.0103383813762669,-0.00040631177590179433,-0.0049574947953283195
2020-08-10,-0.0039562732261764245,-0.003951743652159936,0.001386435046249866,0.0003610523384946403
2020-08-11,-0.012791644356332591,-0.012789478853734833,-0.0063516134133956926,-0.01014904563557292
2020-08-12,-0.0032898719040693205,-0.0032831769071462397,0.007255294766819989,0.004819631441464629
2020-08-13,0.002174433250910893,0.0021778805824136304,-0.0019063633224672162,-0.0005154110945091271
2020-08-14,0.0013816867329241712,0.0013848704388027236,0.00021179664292589342,-0.00104697771513421
2020-08-17,0.00627693773207226,0.006278331095444947,0.002577054797058684,0.007067116530908915
2020-08-18,0.008377083515413719,0.008380538303598448,0.0019903037125596785,0.0018987950622373411
2020-08-19,-0.0127335085116085,-0.012730068655753204,-0.0030480061000118957,-0.007876173875276612
2020-08-20,0.0052989854043167944,0.005304905392173232,0.003020365937821239,0.0021631513678301785
2020-08-21,-0.0009996322134169817,-0.000997025547081127,0.002446070277783681,-0.0007021626894425136
2020-08-24,-0.0030121643259372836,-0.003009543944608978,0.005622500073582532,0.0034445830218100635
2020-08-25,-0.000822202034603963,-0.0008195051802765506,0.0012144281744890912,0.0011697396529135428
2020-08-26,0.003721614777485918,0.0037239065142768836,0.005983662962177203,0.001968768085866748
2020-08-27,-0.008064062173231175,-0.00806172073500372,-1.6105586732662305e-05,-0.0038422065260990553
2020-08-28,0.010968939871408389,0.010972566116163521,0.004615229645829092,0.006248402342253456
2020-08-31,0.0006321959922325074,0.0006361503639070593,-0.0018288797457853907,-0.0035500727425263434
2020-09-01,0.004049385961782441,0.0040516065142709515,0.007063944635792143,0.004172372632226502
2020-09-02,0.002178245298794208,0.002469376916423064,0.009229855961211498,0.0021626176300727196
2020-09-03,-0.007080942702054545,-0.007076352061950757,-0.02023622259420456,-0.009089735142855512
2020-09-04,-0.0042971384479958755,-0.004292727514994855,-0.007114330956192156,-0.003915155439787338
2020-09-08,-0.00351293437043048,-0.0035102607262226656,-0.015353651801471177,-0.007727641069089717
2020-09-09,0.005727528642971829,0.005732594559983869,0.011375596392558394,0.007027464623613312
2020-09-10,-0.0021876211096397147,-0.0021841161929688356,-0.009766680234717799,-0.005422087365745378
2020-09-11,0.0036017473073747877,0.003604997386199209,0.0009413668665252062,0.002268455596467514
2020-09-14,0.0024972344348448104,0.0024993560117899487,0.007353534628506004,0.006273479627136518
2020-09-15,-0.0015441738513662768,-0.0015415752705689263,0.0027773184254199857,0.003240205674174913
2020-09-16,-0.00675991728587409,-0.006757608325400898,-0.002582018855212496,0.0016674742163706434
2020-09-17,-0.00021724972350052848,-0.0002119032295112898,-0.00505920573918342,-0.0016412751204584355
2020-09-18,-0.003005887600559882,-0.0030026019551144985,-0.007145311633720107,-0.004204541844962519
2020-09-21,-0.003252699287159716,-0.003249745118597598,-0.005770752898240023,-0.010371442261973092
2020-09-22,-0.0025030384573039434,-0.002496880010414196,0.005931533014852847,4.4950401015875964e-05
2020-09-23,-0.004778011476317794,-0.004775813608314377,-0.013567560883325447,-0.009941924338001937
2020-09-24,0.0005294590982135343,0.000533810000235164,0.00174877605899589,0.0011954940550659484
2020-09-25,-0.0008259080249943202,-0.0008247000384725247,0.009718356233989676,0.003136365426026882
2020-09-28,0.003898250830950367,0.0039004848362889444,0.009621950257263569,0.007173576178221326
2020-09-29,0.006470672755919422,0.006473892115603542,-0.0028973716431274534,-0.0014727477696783121
2020-09-30,-0.004075755181628847,-0.004070971036941208,0.00332447785519446,0.0012823019260318103
2020-10-01,0.005184412960069258,0.005188005212340727,0.004010785707368165,0.003637581824419094
2020-10-02,-0.005191371667484994,-0.004971198711472195,-0.006095335261076723,-0.0021404939551765137
2020-10-05,-0.0011727017646075589,-0.0011693512103765696,0.00805846233957638,0.005026922140519472
2020-10-06,-0.0032638997858029325,-0.003258562677490422,-0.007666530335794502,-0.002621155401518172
2020-10-07,0.0006416666718700788,0.0006446561018905517,0.009281137509822814,0.002435342789388759
2020-10-08,0.001895420750587876,0.001897624779674959,0.0060756097740174006,0.005608911707767901
2020-10-09,0.008877381591766008,0.008879567793533227,0.005217798514254176,0.00398665017545906
2020-10-12,0.005679814880293347,0.005683877622148419,0.010208011402024823,0.0023891984657614376
2020-10-13,-0.004493859715715787,-0.0044903862652565536,-0.003130333104660505,-0.004076574401942576
2020-10-14,0.0012641288741375065,0.0012676185903849754,-0.003704597669525567,-0.001195095365385994
2020-10-15,-0.007036816722215118,-0.007034741845800356,-0.0011716757742751423,-0.0012741884625761995
2020-10-16,0.002046479020623285,0.0020503103927888245,-0.00059387741365303,-0.0012313933555228673
2020-10-19,-1.5150696432369592e-05,-1.3033154752715818e-05,-0.009893768935615433,-0.003681455660466276
2020-10-20,0.0004479245924063635,0.0004499791192339158,0.0015739005462466664,0.003008107577767022
2020-10-21,0.005491279454900645,0.005494037696962645,-0.0016698279422346965,-0.0005470290711036822
2020-10-22,-0.006385098849055176,-0.006381250446793099,0.001955219622938069,-0.0015175673822213037
2020-10-23,0.005848336423151684,0.005851633804760974,0.0026185078279203525,0.0021264451326801245
2020-10-26,-0.003204996760613556,-0.003202328137396884,-0.010213898357207157,-0.006457479806027389
2020-10-27,0.003492806995888625,0.003496522245069334,-0.001197496823894796,-0.00022089875434312017
2020-10-28,-0.009036922018168308,-0.009034569964132608,-0.02062592909485619,-0.013924195699917525
2020-10-29,-0.003738940228264673,-0.003732200627679204,0.0043240052085396115,0.0002521264990871412
2020-10-30,-0.006088316382517307,-0.006085099719040664,-0.007534111381017634,-0.004045057494660497
2020-11-02,0.0016303234577952506,0.0016329544889784192,0.007372001743008976,0.008781560208732938
2020-11-03,-0.0011184297766861613,-0.0010455181893196028,0.009693259035029395,0.006641300110986227
2020-11-04,0.010217397566234318,0.010221482796726586,0.016842221635292285,0.009663372401899815
2020-11-05,0.010876027704417868,0.010880685746968015,0.011791666713454139,0.009576357376973429
2020-11-06,0.0012402822774048312,0.0012448092019765374,-0.00145525953741982,-0.001350316344481093
2020-11-09,-0.02598977194605088,-0.025987522053265957,0.00485199969072513,0.0005990477709896523
2020-11-10,-0.008324443489780944,-0.00830949140067704,-0.001993983943631825,0.0023539065600685014
2020-11-11,-0.0004355985419382372,-0.00042920827220183154,0.005201722706437338,0.002328672722439138
2020-11-12,0.009103666777633575,0.009105194762618021,-0.0038487309286769594,-0.0021550501692314907
2020-11-13,0.0016559947249408212,0.0016620861842078015,0.008017693938398683,0.007013909776893001
2020-11-16,-5.094849632607235e-05,-4.7481428506844416e-05,0.007448591367750898,0.004993806370728219
2020-11-17,0.0020479128301043718,0.002050414577799847,-0.0023755982123671703,0.0003334593239955491
2020-11-18,0.0012760334659267193,0.00127733166203167,-0.007599606260069957,-0.0037473805031625817
2020-11-19,0.0017102794787972227,0.0017126289932751072,0.003014592202451264,0.0021467007785773012
2020-11-20,0.000806091478391377,0.0008071613063648901,-0.003573089677946658,0.0012136344018533931
2020-11-23,-0.005846932115692344,-0.0058452350817173315,0.002933925664888226,-0.0017967749962916025
2020-11-24,-0.0025508319850762783,-0.002547525522362023,0.009367037628253812,0.004575540862128041
2020-11-25,-0.001208466559880644,-0.0012033445322221026,-0.0008364207347096853,-0.00012407772182273797
2020-11-27,0.005398426290449137,0.005399939085652286,0.00286478661947124,0.0019004443046051105
2020-11-30,-0.0024900496736514955,-0.0024871671685936948,-0.0030060055859648643,-0.007712332382125953
2020-12-01,0.0035638631444375114,0.003566454794952862,0.004783948750886359,0.006527386937870382
2020-12-02,0.0001650608751003317,0.00028657829404808266,0.0005850387128732398,-0.0002494041121148407
2020-12-03,0.008100293073457693,0.008101966306932185,0.0009048743597399364,0.004148865412448773
2020-12-04,-0.004444990213496133,-0.004442033977276986,0.0036032827862274965,0.0020225689928230566
2020-12-07,0.002881290213582324,0.0028845221592073236,-1.0207682966856852e-05,0.0007863047919611306
2020-12-08,0.0014404124937504171,0.001442643559435817,0.002159905194993592,0.0012663593378195283
2020-12-09,-0.005094706996042356,-0.005093873172815588,-0.005967153625904597,-0.004217839589753226
2020-12-10,0.004621211502843734,0.004623745961199435,0.0007041190767554815,0.0033094620038676506
2020-12-11,-0.0004775707244397493,-0.0004746951548000975,9.68893607313352e-05,-0.0005642576983801039
2020-12-14,-0.00018503040869461245,-0.00018367395175311477,-0.002916848955432135,-0.0017415399440891246
2020-12-15,0.004018598570148341,0.0040199605830014045,0.007686576256107648,0.006653311972666909
2020-12-16,0.0017765180997012617,0.0017795947096696848,0.0006110283201046662,0.00195567029211384
2020-12-17,0.005233627246464561,0.0052347496491639105,0.003079241197213313,0.00483141275429468
2020-12-18,-0.002130822236278241,-0.0021282340903486094,-0.002742756965480611,-0.0031633690206691687
2020-12-21,-0.0023211047538272173,-0.002319601570189164,-0.001890975379405026,-0.004174215249758717
2020-12-22,-0.004745800934161974,-0.004743666716357332,-0.0003500157585687187,-0.0020094781051633805
2020-12-23,0.003397610143838727,0.003400564737111925,-0.00029161713969766574,0.002416342655641455
2020-12-24,-0.0005945672533255998,-0.0005917413801582457,0.0029070868047069345,0.001721784492413157
2020-12-28,0.001931363222310115,0.0019326961988666454,0.005209529271697438,0.0014817662205451798
2020-12-29,0.005362823932381351,0.005364564491996021,-0.0012204807291817821,0.0016989391429047312
2020-12-30,0.00528195165776853,0.005284766876626383,0.0011263557579074318,0.0037571226265254603
2020-12-31,-0.003547764162545579,-0.0035456885754307508,0.0033345084362768613,0.001177476743442343
2021-01-04,0.006477325390680045,0.00648031040429896,-0.008143489860996517,-0.001224330119125423
2021-01-05,0.003086717400635247,0.003120311070802687,0.0031966504453252776,0.005965226722968951
2021-01-06,-0.005583024391301931,-0.005579080087558792,0.0012731687446322665,-0.002898875923430369
2021-01-07,-0.005654614022739658,-0.005651068836874851,0.007594208687036652,0.0006662161553340759
2021-01-08,-0.004247280852738335,-0.004243837073532522,0.002350381443661894,0.0016175632874130036
2021-01-11,-0.00696784496420606,-0.006963323606957388,-0.004878017164079826,-0.005712931371563788
2021-01-12,0.0035357001448620183,0.0035386227266499177,6.231220723415893e-05,0.004150673342541857
2021-01-13,-0.0008920079866043871,-0.0008892104167935414,0.002997686297990499,0.001877741118966667
2021-01-14,-0.0010437989274175697,-0.0010415456512860284,-0.003026171552086645,0.001667387532280867
2021-01-15,-0.007729542609828982,-0.007727267881260968,-0.0033911718100040544,-0.004424383127971954
2021-01-19,0.007042114881860032,0.007046796870839728,0.005001367414958502,0.004156940007818148
2021-01-20,0.0048993654559869705,0.004902651228858245,0.008595222017703316,0.007022523318076645
2021-01-21,0.0025933459875503804,0.0025967177525312536,1.298586954991176e-06,-0.000859828830169478
2021-01-22,-0.0015555993493853338,-0.0015532704567982653,-0.0015815155794995644,-0.0034375444926814168
2021-01-25,0.0011867798015098379,0.0011894207773480428,0.003984121776305821,0.004105349223605239
2021-01-26,-0.0003296280194452496,-0.0003276420135429367,-0.001085588121467174,-0.00015815103684615575
2021-01-27,-0.011524043220877786,-0.011522586546206965,-0.014486936457413741,-0.009632651212121198
2021-01-28,0.002112824737529642,0.0021187753699356154,0.004175884316035881,0.0013186180831776815
2021-01-29,-0.009504447073594536,-0.009502212851620721,-0.012864067142939532,-0.008061044260809686
2021-02-01,-0.001242532390636057,-0.0012376167872021184,0.010538964201109738,0.00978434900561867
2021-02-02,0.00038432547843924436,0.0005471698664319568,0.007471868511745461,0.0026324494074596795
2021-02-03,-0.00025664419898323505,-0.00025410174663790966,-0.0004965815141327462,-7.744264476704162e-05
2021-02-04,-0.005274679069127019,-0.005273431911741276,0.006739250065068465,-0.000465064839195154
2021-02-05,0.005474636370975135,0.005478307144563053,0.0015588594178656183,0.0026804692995412204
2021-02-08,0.005841413881968667,0.00584414074246794,0.004563321998504546,0.004909863486773151
2021-02-09,0.007128147346408517,0.007130871966809888,-0.00010966934999514609,0.0030635266722631544
2021-02-10,0.0013040588180251822,0.0013068171994286828,0.00072502595062681,0.0013710380527837578
2021-02-11,-0.00025450473290813854,-0.0002532627196964747,0.0006870895309327104,0.00042411304534829944
2021-02-12,-0.001282205303682865,-0.0012810179585877569,0.0017267124156814563,0.0003529996241158079
2021-02-16,-0.004969640732827933,-0.004967557601390754,-0.0033302532803686793,-0.0027061925081282617
2021-02-17,-0.002932897306586417,-0.0029291193794535606,0.000404452287681503,-0.0008674858954069418
2021-02-18,-0.00031019397594363743,-0.00030762323589377097,-0.002643808748543002,-0.0030103977949768545
2021-02-19,-0.0007646146604929112,-0.0007627909376468607,-0.002638616191179377,0.00019138297129397654
2021-02-22,0.0007454340475261978,0.0007472556316784914,-0.005346248578217996,-1.2472597954735936e-05
2021-02-23,-0.0003809939761401739,-0.00037681953994747977,0.0010426824827971769,0.001174691180131665
2021-02-24,0.0005253752206810515,0.000526600784304359,0.006206397904170724,0.001680932167009503
2021-02-25,-0.016772952263643195,-0.016770041462916788,-0.01994791458382475,-0.012791227982692988
2021-02-26,-0.005584095869243994,-0.005578353047321567,0.0003294016425696733,-0.005402023786783337
2021-03-01,0.0023940624267373262,0.0024001085975753436,0.014311816375021866,0.004366250375295078
2021-03-02,0.0005642191077941638,0.0007575939978011013,-0.003958371412282889,-0.0015127057197876095
2021-03-03,-0.006020517994146966,-0.006018662357192295,-0.0100721369186281,-0.004579484329087806
2021-03-04,-0.012013681464691324,-0.012011122690055678,-0.009374151647483644,-0.006472279606436576
2021-03-05,0.0030522522298345764,0.003056974204347433,0.01035885867230705,0.00577495321403593
2021-03-08,-0.009964902021740307,-0.009961349747814615,-0.004560748762074928,-0.00618363459976308
2021-03-09,0.011597700420055083,0.011601779012015168,0.010446671004952402,0.008873534837999896
2021-03-10,0.0047685245659777825,0.004773132176067349,0.004575144942335152,0.0030144095955030015
2021-03-11,0.010333735156290038,0.010335591457683545,0.005961271008464961,0.005897726794565556
2021-03-12,-0.0028644084049359053,-0.00285955148977708,-0.00205122780018858,-0.0030992795754193865
2021-03-15,0.0006677181735775731,0.0006705640527029216,0.004098621238296406,0.0027747526194503145
2021-03-16,-0.00013409919096926955,-0.00013234654959902805,-0.0008352378943023085,-0.0007197040768664666
2021-03-17,0.005501504076610817,0.005502443448078913,0.0014150326409920794,0.001107950446714101
2021-03-18,-0.01521893087970721,-0.015216169511789232,-0.011294938515667412,-0.011211328719791332
2021-03-19,0.0011836771122866495,0.001190854051200178,-0.001366198526139464,0.0026893914763772447
2021-03-22,0.0025389802217350636,0.0025416616214031487,0.00612857188897822,0.002322473568318471
2021-03-23,-0.010410442986069465,-0.010408887563609082,-0.00283887980806824,-0.0057915030456325844
2021-03-24,-0.002341804760697759,-0.002335811389482141,-0.0025510764145234206,-0.00031537032146532656
2021-03-25,-0.0025161803883422236,-0.00251285994214896,0.002866722749908324,-0.001162752467533416
2021-03-26,0.009388021616990427,0.009391164555365589,0.008416214945420658,0.008458689268890027
2021-03-29,-0.004589830525432268,-0.0045839672464377266,-0.0016525752045117143,-0.0037498508957284175
2021-03-30,-0.008109718415964971,-0.008107769004879762,-0.0019624381127300397,-0.003042024095042643
2021-03-31,0.0012006458940704166,0.0012046669900330409,0.001915674569870523,0.0007353131864165148
2021-04-01,0.010756167895077594,0.010758362901062503,0.008317204692208266,0.009403564276430614
2021-04-05,0.00444980163965657,0.004818517057247357,0.0074782982477558735,0.0016655047887455233
2021-04-06,-0.0009641374499320557,-0.0009610495808608304,0.0015680246651105067,0.0022938987673095917
2021-04-07,-0.0001810354471229463,-0.0001784920207047536,0.0004523816989029372,-0.0014987517286893428
2021-04-08,0.0016618778676942832,0.0016628360074843486,0.004226330992288467,0.004194466747436144
2021-04-09,0.0012518253792922075,0.0012540162259649143,0.0033434447953399225,-0.0018397696771220136
2021-04-12,-0.0011070766973140006,-0.0011050909676655857,-2.3060380066122928e-05,-0.0009281419189237541
2021-04-13,0.0022949793850499797,0.0022962587168260723,0.00342702105070804,0.004683601514969872
2021-04-14,0.0021528150829626387,0.00215461433493363,-0.002553367002360659,0.0011837708935892612
2021-04-15,0.002382160292850093,0.0023845091775531457,0.00903255795467392,0.008457779393370116
2021-04-16,0.004868263922187145,0.004871069755846473,0.0009615149198621582,0.000647997751981467
2021-04-19,0.0007116865991446421,0.0007145610867339963,-0.003398688886942871,-0.0008134900606522582
2021-04-20,-0.004974957919503225,-0.004972913212073128,-0.0032726358458937395,-0.0012461890860955434
2021-04-21,0.004237376887169502,0.0042411592078951425,0.0059251136604088995,0.003623594912862178
2021-04-22,-0.0046293392668046215,-0.004626866719748559,-0.0052310564951487185,-0.0012425125682465122
2021-04-23,0.008526551075805423,0.008529276398845393,0.006031639742779216,0.004069794727381942
2021-04-26,0.002633293533272951,0.0026369939357059552,0.0008543051133837237,0.0010037255889277321
2021-04-27,0.003979295722998428,0.003980917914471218,-0.001674323839166321,-0.0014175244569974946
2021-04-28,0.001985821929206525,0.0019891390989359406,0.00033983288651312374,0.0013781302734777055
2021-04-29,0.003329856595121361,0.0033309520570065122,0.0031896492040958163,0.0008357760455481988
2021-04-30,-0.008073435658420234,-0.008071003526499856,-0.0036680797147811244,-0.004222630273134417
2021-05-03,0.004707108714862255,0.004710779535756624,0.001978551084762901,0.003520020966905436
2021-05-04,-0.007237538097775381,-0.007211792754015684,-0.0031792815379332777,-0.0022126354001172663
2021-05-05,-0.00015615772788304824,-0.00015219269577325216,0.0006787594349763822,0.0011202090362532
2021-05-06,0.008147518264976537,0.008149507069920434,0.004950872579568501,0.005122907904600453
2021-05-07,0.010631511601721313,0.010634827020419306,0.004504394519421993,0.0056426931915349145
2021-05-10,-0.002038070691732119,-0.0020343964210636323,-0.006757188139345271,-0.004900892197149585
2021-05-11,-0.002679384274125156,-0.002677932986331814,-0.006017486863880851,-0.0029550806628245788
2021-05-12,-0.010137017896325526,-0.010134448515389452,-0.014639798181047988,-0.011199029400539533
2021-05-13,0.001211510394294163,0.0012158105070455617,0.008490947224998005,0.0010515095692188831
2021-05-14,0.00928867987235308,0.009291529962216726,0.010035548693291325,0.008343217008794673
2021-05-17,0.0028457751634575557,0.0028492684377720294,-0.001911791364122306,0.0016810457888347928
2021-05-18,0.0026499134165768336,0.0026520432554647633,-0.005157415329436531,0.0004388660852581151
2021-05-19,-0.004399971843367082,-0.00439783870804107,-0.002767865634775588,-0.004151252990900612
2021-05-20,0.004096062255435414,0.004098279768418309,0.00808574853648239,0.004589394471784957
2021-05-21,-0.002306521002412443,-0.0023041342685440674,-0.00034950975494235143,-3.19577834705139e-06
2021-05-24,0.006178831679245191,0.006180783217103447,0.0064824043315766825,0.005261820313199485
2021-05-25,1.227564915108597e-05,1.514844041945706e-05,0.000136693770315021,0.002600298523403276
2021-05-26,0.0006429287285196221,0.0006444557534706852,0.0007329426596042366,0.0004953042772913512
2021-05-27,0.00478902240206896,0.004790807700804617,-0.00038456746316129495,0.000401085249844781
2021-05-28,0.0018016750014154333,0.0018053983638873288,0.001038071110786295,0.0013985486286183
2021-06-01,0.0058470045276995146,0.005848270006777914,-0.0006025831602839052,0.005459310473087384
2021-06-02,0.0024649679764173877,0.002495999326196049,0.001398407875659702,0.002731360725901335
2021-06-03,-0.0060769466200270295,-0.006075357548094394,-0.0032406325500047113,-0.0058228519838306216
2021-06-04,0.0015360298379745567,0.0015383998988176084,0.007694431044458933,0.006763787224285986
2021-06-07,0.0029762144984738434,0.002979201172463094,-0.0008961142597685629,0.0011947630999961558
2021-06-08,-0.0012631740529541239,-0.0012614188226391671,0.0012771735771119636,0.0016459989528413129
2021-06-09,-0.00327103815849731,-0.003269154462888107,0.0003566259699954041,-5.033639115676687e-05
2021-06-10,0.0007721338164461632,0.0007741111002061505,0.004208897627176953,0.0037502733609934245
2021-06-11,-0.0033304649735624494,-0.00332888602221986,0.0004016224493172042,-0.0021749157676366226
2021-06-14,0.0036609138491083414,0.003662652287345967,9.678810462735566e-05,-0.001402872882422068
2021-06-15,-0.002813669356387532,-0.002810733172639112,-0.0010339041956984349,-0.0023834537124705966
2021-06-16,-0.007450308981486003,-0.007448559556684673,-0.006090794538510704,-0.006249362061864822
2021-06-17,-0.015999150491375413,-0.01599644509868274,0.0012295687479586454,-0.0033552818937713424
2021-06-18,-0.013879815479960998,-0.013870252494883464,-0.0058331099198336645,-0.002527621060312941
2021-06-21,0.016007334469823144,0.016015224446959846,0.0072271903917433804,0.004819550578681147
2021-06-22,0.00016886356005751845,0.00017641967633070903,0.003934172132796316,-0.0004288203389214753
2021-06-23,0.0009728700372961862,0.0009743491844972628,-0.0015205331809626053,-0.0005424079803092992
2021-06-24,0.002723794276588983,0.002725547235603228,0.003483921078088063,0.0025630338840132187
2021-06-25,0.004246415493830229,0.004248033485992112,0.001309064381257556,0.0007780741438350255
2021-06-28,-0.004292784494436837,-0.004290336113044213,0.00245815668183751,0.0006729789668707067
2021-06-29,-0.0032908507833815733,-0.0032880205526789274,0.0005311830233192997,-0.0003850159528887106
2021-06-30,-0.0020442770765160727,-0.0020419948983736937,0.0011272844857021023,-0.00041909612056453593
2021-07-01,0.002379873287399499,0.0023824188191211527,0.003053255836301078,0.0010148146945944683
2021-07-02,0.00017666409032350696,0.0003117487917917709,0.006041534755393827,0.0036510691111002374
2021-07-06,-0.012173981604444856,-0.01217165019572829,0.0010078573752366634,-0.001787623962593209
2021-07-07,-0.0036422202183379123,-0.003634071673579712,0.003288162642829069,0.0013262958524121414
2021-07-08,-0.005905251061472863,-0.0059019981311754415,-0.0038539786980041186,-0.001997237412543336
2021-07-09,0.014817476174989795,0.014822176620735702,0.004336612391033079,0.00479173778772748
2021-07-12,0.0028234653811857954,0.0028303312812604812,0.0019437132289248185,0.0012209186027033905
2021-07-13,-0.0031227072119635983,-0.0031208659188161018,-0.0032839006064061533,-0.0024632447110512186
2021-07-14,-0.002449615379530307,-0.0024467913719732936,0.0026155532592838145,0.0034718940966261135
2021-07-15,-0.00638996005041305,-0.006385830758365533,-0.00037338026153232247,0.0002972366739382231
2021-07-16,-0.0016540167500058087,-0.0016500125876898733,-0.004767569763313948,-0.003363215014892714
2021-07-19,-0.021578487131849608,-0.021577127835672012,-0.005374732674169417,-0.00620454039852215
2021-07-20,0.010659109572192123,0.010670837278895265,0.007954810955337413,0.004216000139152794
2021-07-21,0.01278438771373709,0.012790428274809149,0.002481177643160388,0.001832828777173356
2021-07-22,-0.003302038128142745,-0.0032944973391079452,0.002177677056266053,0.0015938860333471782
2021-07-23,0.005442471384515572,0.005445452522923455,0.005541958797238004,0.00011108567557621533
2021-07-26,0.001507085647854932,0.0015106725517186209,0.001202993122141382,-0.0010323437189050787
2021-07-27,-0.007529381524580036,-0.007527580053728529,-0.0010460382709643287,-0.0004025025463030155
2021-07-28,0.004434689472964928,0.004439940496048841,9.329868873737003e-05,0.003079340525046765
2021-07-29,0.005526385105192695,0.005529090994216548,0.0012627567596065993,0.0035302227266415568
2021-07-30,-0.004375565259352367,-0.004372347483146457,-0.0018007141556787127,-0.0022788156109767605
2021-08-02,-0.0033980479759695413,-0.003395720152206737,0.0004979606214520288,0.0011086652045894884
2021-08-03,0.0013697970892708998,0.0015811853813468627,0.004982671269743071,0.0016592167226513748
2021-08-04,-0.0012523049757537242,-0.0012510966231904144,-0.0030623904008759994,-0.002235810706533841
2021-08-05,0.00713859121395506,0.007140399100127464,0.0023510002482173167,0.001841726559886106
2021-08-06,0.006616666458728424,0.006620935738502314,-0.0013302918373044737,-0.006651633518432973
2021-08-09,0.0018864324676796315,0.0018928635783984908,-0.0013367612110371271,-0.0037724453196236333
2021-08-10,0.002999840272076716,0.0030027293792913414,9.02749434524912e-06,0.000351213659477267
2021-08-11,0.0006094084903039272,0.000612305513267151,0.0019451569794061725,0.0038201632961313765
2021-08-12,-0.0003926983976814205,-0.0003908991688736363,0.0014121092783757516,-0.0008798007092739893
2021-08-13,-0.006674728806346434,-0.006673905892085924,0.0033618367252521092,0.004381560050179677
2021-08-16,-0.0038351234834990834,-0.0038294256818401265,0.0023003632698229974,-0.00035332991147105856
2021-08-17,-0.003933251195213759,-0.0039307199650809276,-0.004175932727608088,-0.004651184497689235
2021-08-18,-0.003837841618898822,-0.003835434153965399,-0.006823715124926104,-0.002965746097750875
2021-08-19,-0.0049034199397895665,-0.0049011397742029445,0.0018123663893316224,-0.00235517635616323
2021-08-20,-6.232525982030786e-05,-5.873542021456949e-05,0.004420486634959916,-0.00043040893236269363
2021-08-23,0.005682813799323877,0.005684810909197367,0.005416786433962607,0.006818183505750013
2021-08-24,0.005711482861853334,0.005715826218129342,-0.00010953404779074666,0.0028127123113405833
2021-08-25,0.0048522249485304005,0.004856399726189393,-0.00026576592876529156,-0.0008419427046022458
2021-08-26,-0.0038337907972974127,-0.0038303749514560425,-0.0035950018143826343,-0.0021442790816813355
2021-08-27,0.0018642241708021715,0.0018664353379543857,0.006707991636207925,0.0072457156062405575
2021-08-30,0.002227494468224901,0.002230376697813902,0.0034447311301844916,0.0017285150598481318
2021-08-31,0.0024934073520607915,0.0024948905347502515,-0.0016349910228720102,0.00040690403466796965
2021-09-01,0.0033572033390879483,0.0033592298727668675,0.0004906575926249864,0.0033758585337061975
2021-09-02,0.0013256858714841913,0.0013576792188328647,0.0023201698227317234,0.0020869868008203934
2021-09-03,0.0013686288022138101,0.0013702433826792515,-0.001099685052287796,0.0010039079728192861
2021-09-07,0.003605232088396032,0.0036067963041121116,-0.003717986178671428,-0.005135251941157937
2021-09-08,-0.0028427349476277926,-0.002837978466170804,0.0003632783721707574,-0.00040049953152010323
2021-09-09,-0.007790032196223759,-0.007787528094929252,-0.0014397194166110186,-0.0012029608135165396
2021-09-10,0.0005959386271525624,0.0006008308741155912,-0.005986730768909301,-0.0028483677013185003
2021-09-13,0.0021313300348908583,0.0021340543213453347,0.0020105664897761603,0.003325883482286144
2021-09-14,-0.0067358812992983925,-0.006734374632135111,-0.001710920133771438,0.0005154944378533864
2021-09-15,0.0045013034339803516,0.004505557642954934,0.0042824978968546866,0.001935409367812261
2021-09-16,0.0030630806480989093,0.0030658341314526486,-0.0022180850323064083,-0.004937422205985107
2021-09-17,-0.003226857795843746,-0.0032230426257311745,-0.006996422597068459,-0.005052982184997806
2021-09-20,-0.014779744700831647,-0.014777990117056534,-0.007903393668975946,-0.0044140689626218305
2021-09-21,0.0013700073330073334,0.0013780703434287656,-0.0008050246881437665,0.0020736754870058854
2021-09-22,0.0064637037631117555,0.006464862383240723,0.006150860791050403,0.004137226570092644
2021-09-23,0.013095396059491253,0.013098909173419795,0.0035262193848126337,-0.00036762903637181047
2021-09-24,0.00038387991894893165,0.00039172106136725073,-0.00022745362931543057,-0.0039441193109462855
2021-09-27,0.0013479596343150587,0.0013505606240697726,-0.002788569084402656,-0.0002911671422112543
2021-09-28,-0.0043267125050860675,-0.004324274299747294,-0.013607390940477903,-0.009039996377926716
2021-09-29,0.0016091770725507912,0.0016120627896721537,0.001422968745866545,-0.0007617774186944813
2021-09-30,-0.006570902067720074,-0.006568189669041228,-0.0067877585278546294,0.0004815330200049072
2021-10-01,0.0021309433600345063,0.0021359311043603513,0.008702452525057571,0.005121863383342326
2021-10-04,-0.0030048299623985056,-0.002983563141731635,-0.008225291573837506,-0.001906645958098641
2021-10-05,0.007156275357255883,0.007159086630393513,0.004956681447479129,0.0006860472368627306
2021-10-06,-0.002113085679036817,-0.0021083371289356647,0.002598132793605791,-0.000631310197491346
2021-10-07,0.009088485310192958,0.00909126855631024,0.0036059950537044192,0.0025971438912702513
2021-10-08,0.0022018477160514974,0.002206944542891264,-0.0019659563916766994,-0.0016754955043981033
2021-10-11,0.002743784079931393,0.0027461513236651026,-0.005343804049847316,-0.0016494760123122313
2021-10-12,-0.0022365812781538824,-0.002233898699223141,0.0003214923975411027,0.002620362918567687
2021-10-13,-0.00036915152346918815,-0.00036678494800868836,0.0029281902083488913,0.006626019556427
2021-10-14,0.005495778200196139,0.005499296135701198,0.01106130693270322,0.005304845809557828
2021-10-15,0.009386500765379014,0.009389514225830698,0.0026566739912341087,0.00036012846826774086
2021-10-18,-0.00020182055813396595,-0.00019616259286143654,0.0012534179900467056,-0.0006781105272213043
2021-10-19,0.005547384217022177,0.005548481896473151,0.0033023320970679694,0.0014777027034701593
2021-10-20,0.0033934020798178453,0.0033964872500673246,0.002233262023070335,0.0033872847113489606
2021-10-21,-0.0012029595649491159,-0.0012005291438238943,0.0005806657372905064,-0.0024162299421997212
2021-10-22,-0.0029054865731485005,-0.0029037188530911095,0.0003464304040217499,0.003394791872565702
2021-10-25,0.0018312527335185495,0.00183437187203393,0.0037651487227729655,0.0018474458642596908
2021-10-26,0.0007368348764044773,0.0007383732010545821,0.0010255298576102659,7.246811357176874e-05
2021-10-27,-0.00903748734205392,-0.00903608479972929,-0.0005626827953635684,-0.001488638390900098
2021-10-28,0.0049236080113936745,0.004928780140335188,0.004892367299429551,0.003427337244101049
2021-10-29,-0.0011105864090538943,-0.001107605088345415,0.0014145988884831234,-0.004250753365420449
2021-11-01,0.0036176407906616556,0.003621083598216524,0.0010282028978021466,0.002720923270581215
2021-11-02,-0.0011169253853747937,-0.0010851133388049793,0.0033976934011168084,0.0005609799957737602
2021-11-03,0.004247531333686485,0.004249261979028126,0.00241237632320691,-0.0024282926231881928
2021-11-04,-0.006826410874227025,-0.00682238012946915,0.004991509043329217,0.0016239646004125308
2021-11-05,-0.003448466378639127,-0.0034437560103692463,0.004266644674119032,0.005393586473986739
2021-11-08,0.0023795900065005354,0.00238392838791945,-0.001206402153223912,0.0011929549932089194
2021-11-09,-0.004630249534089963,-0.004628557057224324,-0.0001688518347397397,0.0023305211353080715
2021-11-10,0.0010403143122909957,0.0010441159830209773,-0.008248382128447663,-0.006049505973617629
2021-11-11,0.004091797417910457,0.004097632469294113,-0.0010906813266284385,0.002643342482768789
2021-11-12,0.0017955164186087848,0.0017979904203551053,0.005379486293815647,0.001155390321644906
2021-11-15,0.004336830009857267,0.004338075139979098,-0.0013503085303031236,-0.0017480709122173863
2021-11-16,0.002572743697830444,0.0025762683133145267,0.0020460884967683553,-0.0019645596836187842
2021-11-17,-0.005926246770423041,-0.005923326615648606,-5.478741291285756e-05,0.000986976606116813
2021-11-18,-0.000687168521077075,-0.0006829600798376745,0.0022938921699162743,-0.00026712529339345363
2021-11-19,-0.0051355413377555965,-0.005134029031724984,-1.3210440400964071e-05,-0.0025164072104760277
2021-11-22,0.006168984785246971,0.006172487988044607,-0.004597228151006757,-0.0057807002092479624
2021-11-23,0.007056100531934379,0.007062033551033948,-0.0008265953522662974,-0.0003739441673954859
2021-11-24,-0.001576959207210474,-0.0015721770800831178,0.00283180563321876,0.0017294197330643124
2021-11-26,-0.031888000786422475,-0.031885492800389596,-0.00843716359282293,-0.010182356319607682
2021-11-29,0.007560642730885295,0.0075781151263084184,0.006421900027051635,0.0009074492015075633
2021-11-30,-0.013847299934159974,-0.013842818826525313,-0.00930831513921822,-0.004784652776244515
2021-12-01,-0.007380597202572013,-0.007372660352377037,-0.005848442140641161,-0.002085697631164749
2021-12-02,0.01008863223130856,0.01034775288748687,0.008325073474345208,0.006242301198040554
2021-12-03,-0.00772729728384349,-0.0077224411870611374,-0.002931727482305744,3.65667979229579e-05
2021-12-06,0.011906939975834582,0.011911203683183429,0.005121983293260868,0.0031805908125107423
2021-12-07,0.01097549549211385,0.010980947223053164,0.011003542589825648,0.007189345452598019
2021-12-08,0.0021891647478531786,0.00219373929311232,0.00036473963042436396,0.001060383957203139
2021-12-09,-0.0037906330856589785,-0.0037881647301804817,-0.0031525365335307314,-0.004391872247787601
2021-12-10,0.0014414995235960387,0.0014441341959500551,0.006009014168041437,0.002720355393057536
2021-12-13,-0.003906594989718006,-0.0039053450366006775,-0.0035679893283713355,-0.0009506743490688532
2021-12-14,-0.0007842200543396353,-0.0007814102182968884,-0.004863283024588972,-0.004716906355162547
2021-12-15,0.005196548937368164,0.005198383640182672,0.00891026204653559,0.003525594242064908
2021-12-16,-0.005403935896363601,-0.005401170229779447,-0.004260377725953311,0.0014720203372909808
2021-12-17,-0.0015344848484752467,-0.0015310838063637055,-0.005597482778329007,-0.0030256662701036658
2021-12-20,-0.004229636373786353,-0.004226962315683541,-0.006778744074000769,-0.004824562067112371
2021-12-21,0.009549996672644912,0.009551983958864245,0.009133094610385431,0.006042626406656737
2021-12-22,0.0008576156037376881,0.0008620287333447772,0.006452135196135694,0.005732654547663334
2021-12-23,0.0037235317945000864,0.003725948841016807,0.0029874594201260997,0.0009005629977053806
2021-12-27,0.006513450502903754,0.0065154555340321465,0.00879901491950806,0.00531798313978275
2021-12-28,0.001266108112457841,0.0012692011832560698,-0.0005710169629516039,-0.0008639677621705262
2021-12-29,0.001778332653809809,0.0017793038033504065,-0.0011801494952310993,-0.0007250731388308166
2021-12-30,-0.0005379792532537013,-0.0005362074241989797,-0.00043751615708280503,0.0019743583913392655
2021-12-31,-0.003965120347339227,-0.003963474264508152,-0.0019858822783774925,-0.00021467371162486613
2022-01-03,0.01177969052943801,0.011781667195162925,-1.9328376024810402e-05,-0.0034082929150399065
2022-01-04,0.003414689914667374,0.003539804890184818,-0.00041753463352177075,0.0008336307136806756
2022-01-05,-0.004140025584824421,-0.004137194345973601,-0.01320828450821675,-0.00805130325360032
2022-01-06,0.00213457163387053,0.002137724682763916,-0.0015582578982105823,-0.0003320044528352234
2022-01-07,-0.004972243328350837,-0.004970124157954877,-0.003678544920917994,0.00015598533162146787
2022-01-10,-0.0022914161924013302,-0.0022882662047585805,-0.0008499052931771466,-0.0011951855076695274
2022-01-11,-0.003810745892430033,-0.0038088765635829096,0.006398761079339252,0.007682206650978921
2022-01-12,-0.005149032452586098,-0.005144101210933796,0.001687221278153413,0.004018864459590842
2022-01-13,-0.004651910587120362,-0.004647115699673772,-0.006968877170000301,-0.003344012994713495
2022-01-14,0.006251984749894789,0.006255188063009163,-0.0025489104847377137,-0.0020196010133338234
2022-01-18,0.00671798584541282,0.006722838040357552,-0.013608288308642278,-0.007367155910116051
2022-01-19,-0.00909297566230521,-0.009086536476769456,-0.005184637483029083,0.0013636674789639007
2022-01-20,-0.0034246477503239343,-0.003418414779869083,-0.005661469197304482,-0.001823962195776001
2022-01-21,-0.008475435935767309,-0.00847296002200744,-0.009144036397869402,-0.002516845811567209
2022-01-24,0.003487119864017074,0.0034925951049512203,0.002094849689117662,-0.00237487942236375
2022-01-25,-0.0012941840664765813,-0.0012913841409029347,-0.007667164766283783,-0.001199118306582403
2022-01-26,0.010582211501056942,0.01058379756664271,-0.004439935227211313,-0.006759401976953768
2022-01-27,0.004520309694320907,0.004529136327164019,-0.001107845397843634,-0.0025398667128232254
2022-01-28,0.005362541223788325,0.005367761375318697,0.015346623364681636,0.005666442565185889
2022-01-31,-0.0029450618875051003,-0.002941298474355626,0.01051823868669979,0.007345118337810029
2022-02-01,-0.0005409285821150997,-0.0005359837702776054,0.0034179666842420143,0.0020741103312752296
2022-02-02,-0.00030736783471350856,-0.0002592989761914669,0.0066430469695425735,0.003943320777511374
2022-02-03,-0.005184223694213619,-0.005181941181715761,-0.0158449496463772,-0.006450573688502857
2022-02-04,0.0033022592683138383,0.003305097144731317,-0.0002857276299237812,-0.0012349744850233123
2022-02-07,-0.0007846820381737982,-0.0007820733567335142,-0.0018192942231185971,0.0004853810779522766
2022-02-08,0.002142870958339744,0.0021438888652454287,0.003633718398226321,-9.169739182279007e-05
2022-02-09,0.0036990085410641845,0.0037013617237246785,0.009348689839211175,0.007723983442801622
2022-02-10,0.00043907777854915143,0.000441978165884527,-0.01450121423887758,-0.008912760322303839
2022-02-11,-0.0072928117677143085,-0.007289204432691119,-0.007778261087659313,0.0002002591202873432
2022-02-14,0.003963386307763142,0.00396968170074885,-0.004751402936334573,-0.003476473446158982
2022-02-15,0.0018677824618528172,0.0018711519594475689,0.008416479804550375,0.0023535078545477276
2022-02-16,-0.003615800125144009,-0.003611657395949565,0.0015055259656682322,0.0034563162320420987
2022-02-17,-0.008064252555059914,-0.00806117286443326,-0.01070361482068588,-0.0019864179988927015
2022-02-18,-0.00023643943804467377,-0.0002309292785416052,-0.0025356913435380522,-0.0010823630336603016
2022-02-22,-0.000805897866054734,-0.0008040531661382363,-0.006392817219744349,-0.0017546441666587752
2022-02-23,0.0004918327679249282,0.0004938871851653398,-0.012600090463516832,-0.005192563807260349
2022-02-24,0.009712984123061761,0.009715971004823661,0.009797303150217491,-0.0007160331892449378
2022-02-25,0.002003681663881297,0.002009357943914533,0.012896367788147423,0.006170791733747075
2022-02-28,-0.007590623266120397,-0.007586323686471309,0.0030796719946089095,0.0013209252583234001
2022-03-01,-0.002850962418157717,-0.0028447021039036276,-0.005033234854692211,0.0029612154842009113
2022-03-02,0.009340673259924053,0.00955833636715522,0.005022423198778471,0.00146289751000758
2022-03-03,0.004761727598692353,0.004770851277140756,-0.0013408975831293688,-8.47488916799415e-05
2022-03-04,0.011283815819027385,0.011287224095101737,-0.001011631183879657,0.0032407872869836714
2022-03-07,0.005316110748377984,0.005324032717478796,-0.019424938979381107,-0.008365514934721048
2022-03-08,0.007359170999203313,0.007367389325566516,-0.007141538751502357,0.002491117826900931
2022-03-09,-0.018477401760943722,-0.018471530184773325,0.013453059978315232,-0.002354240151282037
2022-03-10,0.0021557454201625403,0.0021720960487314703,-0.004548219612522809,-0.005991577445758239
2022-03-11,0.00565978904742408,0.005664151552486768,-0.007773365545681511,-0.004360402302638101
2022-03-14,-0.004470022353107069,-0.0044639947857469,-0.009451978314849514,-0.010552625432543525
2022-03-15,-0.003679182351890032,-0.0036734988314209432,0.013036751417010854,-0.0007598017843556526
2022-03-16,-0.0018148834298444857,-0.0018099398173844533,0.012905333038040163,0.013621862490077036
2022-03-17,0.011319004226780083,0.011325494904069425,0.006907201679720383,0.006982440315242394
2022-03-18,0.0030572386924876643,0.0030646125841482298,0.007870902804067884,0.0035783844329363565
2022-03-21,0.010214242956161955,0.010217157708733512,-0.005163406559377766,-0.0017649338882804037
2022-03-22,0.0008845390088129434,0.0008932136243041606,0.005177001752100009,0.0005608725828008269
2022-03-23,0.005499434643684859,0.005502748609163477,-0.005516260997984381,0.0015802818882073412
2022-03-24,0.005775388204628694,0.005781271397702003,0.007223488321047255,0.0010575380651763674
2022-03-25,0.004102417044051132,0.004106888200907919,-0.0008046929317574655,-0.0007048976201060225
2022-03-28,-0.0049722805959402485,-0.004968844395841882,0.005307763555847733,-0.004266506711508548
2022-03-29,0.0007792819686327158,0.0007865689203008347,0.009632165995548305,0.01006918003484202
2022-03-30,-0.0020222465911237013,-0.002017549960203976,-0.0024461002902000295,0.002202858440282498
2022-03-31,-0.003819139278631379,-0.003814550916206121,-0.008983690341471257,-0.0073278419240791854
2022-04-01,0.005922357975334421,0.0059266217173424805,-0.0006764847318307629,0.0038171710797112505
2022-04-04,0.005680097557624937,0.005918765233915951,0.004867530181761245,0.0033594543095543977
2022-04-05,0.011520275678465362,0.011524316123158632,-0.012347565725839537,-0.009733015275861946
2022-04-06,0.00479822445281623,0.004808124118890957,-0.007417960203164716,-0.0036756708695495615
2022-04-07,0.003914418021542581,0.003918398576601281,0.0020350594839351572,-0.001384946115023907
2022-04-08,0.005247108109578871,0.005249861173744077,-0.003625097115044774,7.532070814088743e-05
2022-04-11,0.005463439497432933,0.005466923471721749,-0.012210576778402545,-0.007222324550619787
2022-04-12,0.0050716172191380875,0.00507702054489723,-0.0002937126396005437,0.002306480211652877
2022-04-13,-0.0004582377551660343,-0.00045478966076834297,0.007734617629224996,0.006588120413078021
2022-04-14,0.008132126115576956,0.008135487168916565,-0.011074364134206458,-0.005486354188572627
2022-04-18,0.007967204934665914,0.007973196248093317,-0.0009162957218170744,-0.0011204087228339186
2022-04-19,0.007333950184336133,0.007339023919680335,0.007047382237998709,-0.0029079572733603843
2022-04-20,-0.008397110353392497,-0.008389762058189308,0.0026299949553491284,0.005194777067515174
2022-04-21,0.00467499791820302,0.0046817890362981455,-0.011212542217996868,-0.006563047873999328
2022-04-22,-0.0011883557003980617,-0.0011838859311209863,-0.016299665189467197,-0.009589221425899942
2022-04-25,-0.0022687643101393148,-0.0022648355537787696,0.006048958677131453,-0.0015829684851110574
2022-04-26,0.00029398188411356596,0.00029750344844620396,-0.014497557564902412,-0.005048896195456058
2022-04-27,0.006841945639393774,0.006846765358005054,-0.0006677651737451961,-0.0013957937048841662
2022-04-28,0.01281518155032462,0.012820014690196316,0.01423954893365612,0.005981392317483212
2022-04-29,-0.010382231955597733,-0.010375400649717183,-0.02410877856888429,-0.009907937280118649
2022-05-02,0.004527170945010759,0.004533660278321222,0.00043991109856982876,-0.0045630554249134645
2022-05-03,-0.002720873668903622,-0.002683532208085049,0.003215798423721392,0.0026550787728733148
2022-05-04,-0.0041806794308442904,-0.004177673949843216,0.02087806327703772,0.011880179577922272
2022-05-05,0.011348012487186027,0.011355185730456324,-0.025504068025936924,-0.01672871217678763
2022-05-06,0.005394510148236953,0.00540541308488316,-0.005865671274009079,-0.00552382853952718
2022-05-09,-0.011588721466521235,-0.011584234674139101,-0.01624839254660229,-0.01586511321261796
2022-05-10,-0.0045642330916293985,-0.0045555660184791995,0.0027278487790628873,-0.0006420037542513835
2022-05-11,-0.0016032460166619902,-0.0016000789104767483,-0.00685097962721926,0.002798305028809292
2022-05-12,0.002720928788588183,0.0027243646827328225,0.0007599723936888312,-0.00043097975484596536
2022-05-13,0.003090040043785338,0.0030942822830036312,0.011779456129470784,0.0072135468337432875
2022-05-16,-0.0017626499763422536,-0.0017572481425741917,-0.0006856351497625844,0.0015199248635073223
2022-05-17,-0.004006504144058949,-0.004003848336643849,0.008999721223006659,0.0034368250245574044
2022-05-18,-0.007013151800694527,-0.007008492929216504,-0.021125323866014848,-0.009321217079472283
2022-05-19,-0.009689670563514838,-0.00968252251597335,-0.0020863527221875837,0.0049247572096386295
2022-05-20,-0.0007975015292619837,-0.0007904816454181606,0.0021961559497935207,0.0030584991160146095
2022-05-23,-0.0011608694300341608,-0.001159033647725497,0.008316749810195529,0.004139130745614468
2022-05-24,-0.0061350820646833785,-0.006130332896113519,-0.0009143631643306893,0.0024188586628745156
2022-05-25,0.003509379655586142,0.003514935193679339,0.005987449974076674,0.0021988413612850565
2022-05-26,-0.0019909886778088515,-0.001988626180145237,0.011473551985360911,0.004874006717730958
2022-05-27,0.002182933048275347,0.002185705843097734,0.015052046939529409,0.008112047225855873
2022-05-31,0.00543557078685538,0.005438659041753314,-0.007570517853162056,-0.006477232131931795
2022-06-01,0.010673382907095576,0.010679916769610047,-0.007095481931141594,-0.003675994094250066
2022-06-02,-0.008933320962665386,-0.008715293329651007,0.01200920674964715,0.010038729755816482
2022-06-03,0.00866629618339201,0.008672690346138035,-0.010687226775305873,-0.006525327019013867
2022-06-06,0.005863277120340073,0.00586875859311868,-0.0011706857452213502,-0.0021872002877124704
2022-06-07,-0.0018436189516699392,-0.0018400483778946647,0.0073831752999509595,0.0046892204021390885
2022-06-08,0.005346351321801476,0.005348809941045387,-0.008043302817059268,-0.005050303072151507
2022-06-09,0.007903300569263236,0.007907449299147625,-0.014688273215794412,-0.00856072587263765
2022-06-10,0.007553122793705304,0.007558337068807155,-0.02127874768060609,-0.008923797758277166
2022-06-13,0.018335704402695552,0.018341244090894177,-0.02973986687376089,-0.021840681854861897
2022-06-14,0.004280836919963536,0.004293818077504468,-0.005066156222552577,-0.004492134976343453
2022-06-15,-0.012562100897569714,-0.012558589480765875,0.01413313160376202,0.010842371368643884
2022-06-16,-0.006281798157089182,-0.006273825818610262,-0.016800664832930214,-0.005912259658590081
2022-06-17,0.007204302154679642,0.007210025192360494,0.001370424975227275,-0.004792652619260126
2022-06-21,0.0008571124986868036,0.0008624546384974178,0.01240503392957812,0.002297196597919867
2022-06-22,-0.005894719532399258,-0.005891500492147016,0.004156528510071013,0.0015588465182386148
2022-06-23,-0.0026539490351079912,-0.002649548211660022,0.008069438539211746,0.0019196805908746084
2022-06-24,-0.00227803849402917,-0.0022748214699017553,0.017102572807835805,0.008300958580209405
2022-06-27,0.00176857909491573,0.0017715854595273684,-0.004562307826353618,-0.0024136285463295707
2022-06-28,0.005304416850585909,0.00530595392863201,-0.01159491483757626,-0.0030351284327541327
2022-06-29,-0.0002330091696412794,-0.00022982932304491284,0.002833748960385772,-0.0012474133106294754
2022-06-30,-0.0051659293601426515,-0.005163331280363175,-0.001576715248640729,-0.003010345204223028
2022-07-01,-0.000922761746529031,-0.000919653805142442,0.010635078395552939,0.004654215499183443
2022-07-05,-0.00025993080560764007,-7.393272337314014e-05,0.002598346335454737,-0.010181237415280242
2022-07-06,0.0028554541428614023,0.0028617692405325137,-0.0013760223243507869,-0.005718636382143708
2022-07-07,0.0016691138279347584,0.0016724557574799204,0.006583645700139379,0.0067349047772839385
2022-07-08,0.0033876883842988287,0.003390738195365261,-0.002885340133927129,-0.0004510377119555453
2022-07-11,0.007212407666295647,0.007214582991115744,-0.0038696861799925497,-0.004572524875763466
2022-07-12,-0.004154968861304468,-0.004150325233740347,-0.004418293059261387,-0.004901384178887805
2022-07-13,-0.00020594844520223458,-0.00020305329579938902,-0.001448850855473259,0.0008288156346834949
2022-07-14,0.005848976406379239,0.0058504011174390445,-0.0036752276320995577,-0.00718337111075431
2022-07-15,-0.007306114095852047,-0.007301728330368014,0.012827831984741581,0.007245088445477357
2022-07-18,0.00011031498729000856,0.00011467832224617202,-0.006142460297233227,0.00034933826505791814
2022-07-19,-0.007732232092405449,-0.007729920658402434,0.014448197772206507,0.008491656484313553
2022-07-20,0.0009707005928069702,0.0009752405450548819,0.0035001722812909144,-0.0015923759915349907
2022-07-21,-0.00802131041451008,-0.008019842465235617,0.010649951167230732,0.006587046992010962
2022-07-22,-0.00498178682584624,-0.00497654326921955,-0.0012187330628735619,0.0011544898985554237
2022-07-25,0.0016338966661036379,0.0016372101545045969,-0.0006630940485084634,0.000857978908500233
2022-07-26,0.006555883492154797,0.00655773854906265,-0.007035724061047739,-0.003272758658304464
2022-07-27,-0.006560598760311722,-0.00655733897479658,0.016494588707797183,0.009683087372019686
2022-07-28,-0.006919312614287198,-0.006914085205092228,0.011507768649461993,0.00899965572666149
2022-07-29,-0.004049416522178392,-0.004043959357186391,0.009051578575678449,0.0038112226615476573
2022-08-01,-0.006485104985285671,-0.006482452559420814,0.00043715008433429316,0.0009056965828722342
2022-08-02,0.010515505965520332,0.010663544673064058,-0.009494270994826571,-0.009091520560464262
2022-08-03,-0.0031869465657983057,-0.0031814355590832977,0.011066812549830442,0.0038988904970111973
2022-08-04,-0.00711049269086852,-0.007108454685301208,0.0015951975416593955,0.0026815155439659974
2022-08-05,0.010099031538280488,0.01010227594529004,-0.006759877936839812,-0.006550757650737641
2022-08-08,-0.003438820999660804,-0.0034339331190469543,0.001614187877228116,0.004777676623289879
2022-08-09,0.0010363354103297918,0.0010385906425608618,-0.0035780006943261977,-0.0003302732628569402
2022-08-10,-0.008616101567081575,-0.008615138976742123,0.012920772267714363,0.008372674930897467
2022-08-11,0.00411541653453459,0.0041201335808464775,-0.0025969379320861905,-0.0009602632284623373
2022-08-12,-0.0041051126673320925,-0.004102935930557385,0.011883470294526102,0.006061381468904266
2022-08-15,0.003523349192389894,0.0035259436477208597,0.0037575977130229893,-0.002293305304448577
2022-08-16,0.0003652515682568241,0.00036756769175588723,0.0007568094651196118,-0.0016599593496345545
2022-08-17,0.00514537356215518,0.0051463218099828635,-0.006959876842371593,-0.004362643514291488
2022-08-18,0.005059576908305218,0.0050621120864222284,0.0025333165897231196,-0.0003647826115749977
2022-08-19,0.009305229963697885,0.00930768211016319,-0.011578368029185576,-0.008163044574036759
2022-08-22,0.009685577940332247,0.009690074792674142,-0.01447498625289087,-0.007292146951653975
2022-08-23,-0.00039059822256369943,-0.0003863183767609887,-0.002433096449735962,0.0009025904695401023
2022-08-24,0.0010444023047323444,0.0010461424923683864,0.0006481798207842556,0.001131568267878805
2022-08-25,-0.007625487284839477,-0.00762459677492703,0.011119830519027433,0.006581697968479227
2022-08-26,0.009001960047523419,0.009005696069660058,-0.021207985644804972,-0.00976245417401917
2022-08-29,0.004223440985692916,0.004227941266369681,-0.006250448942720207,-0.0024172596327999263
2022-08-30,0.0014423633263716353,0.0014445805632635153,-0.006757979864878538,-0.007093945470257923
2022-08-31,0.0014827599586692147,0.0014848650760985235,-0.0062321661881091965,-0.005248161567106566
2022-09-01,0.00741660604663374,0.007418443078861867,-0.001280415516375714,-0.007509253285813695
2022-09-02,0.0008598977022719902,0.0008780280260622529,-0.004086283374511002,-0.0011399692718276947
2022-09-06,0.00825883826057373,0.008260289314585898,-0.006751023085372139,-0.0067172090045721075
2022-09-07,-0.009929785025293706,-0.009925675152496295,0.013370045149477244,0.0054721509383241496
2022-09-08,0.0025681231197063168,0.002572795954694143,0.0024473666278907965,-0.0010774923914460758
2022-09-09,-0.006791828186359818,-0.006790612498442864,0.009407649637387277,0.009861172236350368
2022-09-12,-0.0042604374475537915,-0.00425620231405461,0.005572507449918119,0.005401252784507511
2022-09-13,0.018051400393112395,0.0180541209343648,-0.02871553036163211,-0.01671961213858224
2022-09-14,-0.0012770669376075184,-0.0012680424006199934,0.0024900751736013555,0.0011184828551901876
2022-09-15,0.00434539176831933,0.004346692239834719,-0.008197785179238101,-0.009235256169551474
2022-09-16,0.0005157225732516826,0.0005193173404676023,-0.004248902269118106,-0.0020529400789649484
2022-09-19,-0.0005380217428785166,-0.0005370727876976437,0.003489879939467281,0.0012925714481185203
2022-09-20,0.007665332719488654,0.007665945546569563,-0.00936770781430406,-0.00762527181353021
2022-09-21,0.005246542960866502,0.0052504080219390944,-0.008842813230145545,-0.004274762261703973
2022-09-22,0.0048348037070792185,0.004837876616154314,-0.011115335276172082,-0.005058754810783044
2022-09-23,0.010885958136951293,0.010888557192911064,-0.009469106012369848,-0.012503809540950934
2022-09-26,0.011436563373972485,0.011442778736516859,-0.012651413007413806,-0.012679256950192338
2022-09-27,0.00450808417891448,0.004514007245307797,-0.004295516558721824,-0.004100591696233863
2022-09-28,-0.014434876929580034,-0.014432688857422207,0.02083430281405996,0.01630091232859989
2022-09-29,0.004254610571994626,0.004262022085254011,-0.014277218424956165,-0.00879880490412326
2022-09-30,0.0014354044964582893,0.0014384454966681571,-0.010174304255831322,-0.0037365126825511133
2022-10-03,-0.009752252951982003,-0.009750853287189888,0.02037747241789274,0.013660122118574178
2022-10-04,-0.01331054535743273,-0.013283320934472353,0.019411608717970825,0.015640880350543812
2022-10-05,0.008864035890860971,0.008871330098257434,-0.005139311481470127,-0.003975371620973092
2022-10-06,0.008842037964965943,0.008846023548717623,-0.00843444565206406,-0.00645821439289781
2022-10-07,0.010595692779037163,0.010599623664590347,-0.018870733786190762,-0.009747642001278967
2022-10-10,0.006284345181602131,0.006289206860237708,-0.00693908618487693,-0.0077076629440760705
2022-10-11,0.000769429277945359,0.0007728878430609635,-0.0027978384838228633,-0.0031587505794783985
2022-10-12,0.0006298412059295989,0.0006312605294181529,-0.0006684065475059485,-0.0009182897849055455
2022-10-13,-0.0031737017207980243,-0.003172708754876714,0.01408180305453139,0.005354908636102583
2022-10-14,0.008845033576214538,0.008847552521769551,-0.015996379897433244,-0.011836121191134247
2022-10-17,-0.00994371628854299,-0.009938677250863961,0.01585847571989534,0.009723424842291892
2022-10-18,-0.003486350553299932,-0.0034818776200586377,0.008124798858571034,0.002455371954514742
2022-10-19,0.010416662917638578,0.010418436158991216,-0.008408416444385388,-0.00988124550891288
2022-10-20,0.0028801215807378053,0.0028851093550547047,-0.008030763719777817,-0.003162369014819425
2022-10-21,-0.009359475890175658,-0.009358003008609827,0.015690244344604407,0.00792180667415565
2022-10-24,0.004405493211923316,0.004410140519316401,0.007020219130273911,-0.003873332483139555
2022-10-25,-0.012085498368560543,-0.01208326583016573,0.014630007365413266,0.012640593344481215
2022-10-26,-0.006577304266014769,-0.006571392540441184,-0.002715825691256232,0.006571587161032828
2022-10-27,0.002628151591596293,0.0026320006416010806,-0.0005662446855935768,-0.0005894295325768258
2022-10-28,-0.00034499785254321787,-0.0003433792151259045,0.0125799889342206,0.0008572310133636395
2022-10-31,0.005998638412111464,0.006000959287938202,-0.006202044015122643,-0.005030768782715659
2022-11-01,-0.0027188947603147694,-0.002715840907431569,-0.002776187300054291,0.005255987700398399
2022-11-02,0.006757070236222595,0.006785576758189743,-0.01574489975299108,-0.0071037329967299535
2022-11-03,0.004387610172875625,0.004390627122935032,-0.007890521147639024,-0.0028301574926037788
2022-11-04,-0.012064122459585097,-0.012062070732896717,0.007662588956799621,0.015213905206060066
2022-11-07,-0.0013271708812827336,-0.0013198790817090717,0.0042830703109513766,-0.0011040595830535697
2022-11-08,-0.008297627032225391,-0.008296414345745446,0.005900039753096296,0.00573887077411838
2022-11-09,0.00465773821869288,0.004661516960100097,-0.010986858222343967,-0.008126830902536084
2022-11-10,-0.030596556011905446,-0.030593337835326626,0.04174494095347149,0.032113739198207154
2022-11-11,-0.009364851587394545,-0.009349321815159196,0.004987871344784968,0.009009271157727164
2022-11-14,0.00436164425597277,0.004367055675207484,-0.0060893965055613735,-0.006687204327293785
2022-11-15,-0.0062603360121076205,-0.006257434491033097,0.008086988065018258,0.008242522932252453
2022-11-16,-0.001359173250365617,-0.001355584031043568,-0.0016760741393078576,-0.0018216690411934618
2022-11-17,0.0035755896645885414,0.0035772662080958144,-0.004557819798245162,-0.004902633689430264
2022-11-18,0.0016551558317147161,0.001657673003644161,0.0013161330405332143,-0.0012458583044503248
2022-11-21,0.005500920301735279,0.005502497842417175,-0.00243856026790242,-0.0034586689649059523
2022-11-22,-0.005896668584145363,-0.005893872913521771,0.010375103887831208,0.006611254875988633
2022-11-23,-0.009879036282432871,-0.0098758683167568,0.005936005388961902,0.005188361209144893
2022-11-25,-0.00104539514598485,-0.001041113221870373,-0.00025752923103778005,-0.0001785616948069099
2022-11-28,0.005719883480013717,0.005720793001131456,-0.009467135393703767,-0.006481256983694214
2022-11-29,-0.0006515991957765029,-0.0006484196974012693,-0.002721295704421228,0.00388767393128823
2022-11-30,-0.011140200839070783,-0.011138425483420814,0.022501441999727336,0.01446326741763044
2022-12-01,-0.012916274671026663,-0.012909734022000196,0.0038614665176410915,0.007490967072083183
2022-12-02,-0.002248475956453193,-0.0021722270231621394,0.00011806570067652874,0.0005584412464107663
2022-12-05,0.007871951781931362,0.007872982475866677,-0.014841457578791123,-0.012985588654434893
2022-12-06,-0.0009255793483097932,-0.0009211940755656894,-0.006137553686442443,-0.002208230027585785
2022-12-07,-0.00414126519760347,-0.0041400837218792935,0.0025575878847151545,0.003274128331285121
2022-12-08,-0.0013511102020922416,-0.0013494828910493668,0.0023027197223053574,0.001928955536889745
2022-12-09,0.003434694341527488,0.0034355414885627648,-0.007445154274423113,-0.004115340546240997
2022-12-12,0.0009884673105780381,0.0009897655224963143,0.007968218293789874,0.0016985691064865152
2022-12-13,-0.007503161650903159,-0.0075020412635842006,0.008147471365862193,0.01048158433016202
2022-12-14,-0.000612663015884577,-0.0006087423624681998,-0.0027090786625977243,0.00014249275023229502
2022-12-15,0.007446815909277192,0.00744777763163602,-0.01374939668541196,-0.01109366761883174
2022-12-16,0.0013712928827771377,0.001374968553731671,-0.007984950121210381,-0.005055718425574308
2022-12-19,0.0030480845067786056,0.003049851364128393,-0.008328793282837095,-0.004755593620039691
2022-12-20,-0.003912206786436159,-0.003910760688079522,-0.0022075757589019927,0.002981499461855601
2022-12-21,-0.0006337873221389936,-0.0006311709720194733,0.009294856492976913,0.0048594942922514876
2022-12-22,0.002239744687995468,0.0022409429111139418,-0.008557193532843772,-0.0054984109561313855
2022-12-23,0.0016208882959270474,0.0016223640153169424,0.0015104845730082748,0.0013373414118264247
2022-12-27,0.0015372756798101522,0.0015385031061253532,-0.0057603683798742936,-0.00012115102182492066
2022-12-28,0.004066427758651543,0.004067718916499279,-0.008326398229523033,-0.007626737003679716
2022-12-29,-0.007068289376843085,-0.007066097771105603,0.012614469642104444,0.00926511397761386
2022-12-30,0.000751172981410282,0.0007541477131486195,-0.0032579435198255655,-0.0018833992965666228
2023-01-03,-0.002245519807028351,-0.002243978837546013,0.0007011818354093826,0.0021591032275832295
2023-01-04,-0.007767533338500869,-0.007726141575065053,0.007695468022351394,0.006779078767116836
2023-01-05,0.00575596593356277,0.005759543840686086,-0.007423823367708517,-0.006363219354779291
2023-01-06,-0.013002840848164875,-0.012999844771331604,0.018881664311802177,0.014588055596270869
2023-01-09,-0.002761247158907663,-0.0027552750664533643,0.0006754687572983752,0.0034885879149750545
2023-01-10,0.0008066459436196951,0.0008084754786235342,0.0016826923946371417,-0.00017475600075643024
2023-01-11,-0.0038235823530140345,-0.0038227458301027225,0.010173727150170874,0.009026645884857016
2023-01-12,-0.00932295953069562,-0.009320016423821315,0.00573196884562492,0.009947312281628156
2023-01-13,-0.00026463840532159447,-0.00025995631437414964,0.00022099298456574286,0.0022092755930156658
2023-01-17,0.003112656488449411,0.003114238194206995,-0.0023461565607644113,-0.0013455330596046948
2023-01-18,-0.001245284284303646,-0.0012440009289764174,-0.004192557220934725,-0.0020573369445152615
2023-01-19,-0.000722113711350183,-0.0007202732436299374,-0.005120480266529957,0.0014349848824031677
2023-01-20,-0.0002144765550422803,-0.00021291511893840794,0.008451832736304486,0.0024470365264502667
2023-01-23,-0.00017006763404776032,-0.00016822265116267648,0.005949021740171328,0.0017191040723382451
2023-01-24,-0.0031502574035645486,-0.0031492528943826755,0.0016169335342120378,0.0021311003665052983
2023-01-25,-0.0025409363614891907,-0.002539542691238031,0.0006632854691405126,0.001588968778707029
2023-01-26,0.0010693786614196718,0.0010704033880763026,0.0052153787837741035,0.001395577758988275
2023-01-27,-0.00031628524160639545,-0.000314910438452244,0.0008030507372637334,-0.000743318785110546
2023-01-30,0.004153724642863561,0.004154792038940594,-0.008865769850285176,-0.007151730997671191
2023-01-31,-0.0033775997128275607,-0.0033750369696674853,0.010912518876836969,0.007014647883793237
2023-02-01,-0.010034486177185865,-0.010031897135899933,0.009283588718733924,0.0058430270735012
2023-02-02,-0.0028525331671554388,-0.0027344600662172944,0.008570155979121556,0.0001859986271478687
2023-02-03,0.00834672168551734,0.008349428607715807,-0.010672539390195617,-0.013435198331521016
2023-02-06,0.008438450948661672,0.008445640349012516,-0.007106048059014396,-0.005530286201119972
2023-02-07,-0.0006693554313455176,-0.0006654184261161579,0.006929722250521712,0.003860423915730739
2023-02-08,0.0018947800240020427,0.0018967199135058676,-0.005200620695101103,-0.0012139268145834612
2023-02-09,0.0004187030375613652,0.0004197118516395766,-0.007019493444060577,-0.003949368389656924
2023-02-10,0.004964134553446686,0.004965772585110822,-0.0005058908737637397,-0.0008035611284863178
2023-02-13,-0.005170471482653992,-0.005168294776424268,0.008039302917056932,0.003399275963899162
2023-02-14,0.002008919701361072,0.002011166049876464,-0.0020582391124669545,-0.0014933175431098918
2023-02-15,0.0023235081127669335,0.0023246216797799426,0.0008007692068540024,-0.0039063433853587974
2023-02-16,0.0036394689010628397,0.003641884340024477,-0.009690913709168256,-0.0043430092296701354
2023-02-17,-0.0004495608097043583,-0.0004474678672101152,-0.00041510317997114915,-0.0009398514157581962
2023-02-21,0.009349603716731946,0.009350717315004106,-0.0164481535092346,-0.009346634747365372
2023-02-22,9.036006929883774e-05,9.535125045842128e-05,-0.00012666678902671365,-0.0026870789650665877
2023-02-23,-0.0025346060205138944,-0.0025329724384882393,0.004744953685865273,0.004165473430661322
2023-02-24,0.00900487145934347,0.009006702164714333,-0.0088441250727375,-0.009621722892565422
2023-02-27,-0.0037380425581124005,-0.0037331443768043007,0.0032605661374900258,0.0030279966798229876
2023-02-28,0.0023692862368488426,0.00237125372363563,-0.00160202886983039,-0.0003972824526028427
2023-03-01,0.000946071506903599,0.0009469871098550158,-0.005495720203763761,0.0014636812385732609
2023-03-02,0.001197304991298172,0.0012770052224979895,0.003020500032076178,0.0003186356116544593
2023-03-03,-0.00899813636507134,-0.008996429174476937,0.012864187083166058,0.01082464315347741
2023-03-06,0.0008571792993020234,0.0008628913033779677,-0.0002878289595004751,-0.0025065842005855695
2023-03-07,0.010574132625406133,0.01057536728393515,-0.00923758873697019,-0.01018154337069071
2023-03-08,-0.0021227691596892753,-0.0021162041830739427,0.0008545554991152301,0.0014446012346706015
2023-03-09,0.0009977231531100616,0.0009988960614914152,-0.008636426660177974,-0.0050933583371484525
2023-03-10,-0.0043433860913435155,-0.004340407064998232,-0.0011658188652540402,0.0028460010648147533
2023-03-13,-0.009093103765663557,-0.009088485056794911,0.0041509704657301414,0.0044812979626393705
2023-03-14,-0.0006437957940617858,-0.0006394713644817022,0.005748763785867566,-0.0011375732978153726
2023-03-15,0.0026143663606202857,0.002616637159951447,0.0022073304312018207,-0.002714598719367107
2023-03-16,-0.002628915874625253,-0.002624436819717237,0.006562635733471172,0.002923077702945376
2023-03-17,-0.00473048462061417,-0.004728452415868422,-0.0021143121020280637,0.0013378754675683108
2023-03-20,-0.004173684561266713,-0.004170027634889554,0.003976590132258691,0.0030205317098670917
2023-03-21,0.0010731945015543755,0.001075714253339202,0.004183497783434642,-0.0006028471368771338
2023-03-22,-0.004415411318484919,-0.00441297890723623,-0.004827618821749442,0.0006469575541368056
2023-03-23,-0.0032068585827953445,-0.003202558447345277,0.003951447400417577,0.002820094918560636
2023-03-24,0.0020424858845321126,0.0020443825568359436,0.003978233807603772,0.0016748334684588524
2023-03-27,0.005003646907976398,0.005005957274263839,-0.003961224878916992,-0.002850097328194354
2023-03-28,-0.003482218366590974,-0.003478960859332042,-0.0015789189674251054,0.0028994434281281356
2023-03-29,-0.0017446159617822558,-0.0017426033562328946,0.007900761073842206,0.0018624830598340742
2023-03-30,-0.006516073722295454,-0.006513866390456363,0.004103178481395165,0.005988096846213302
2023-03-31,-0.0020472206048595034,-0.0020433185655322718,0.010620986261774547,0.0053853379133864945
2023-04-03,-0.0034627300106997026,-0.003460083380328418,0.004170787667684117,0.003931340429179338
2023-04-04,-0.001650089763388179,-0.0014568382012666613,-0.0007538755681649258,0.0027050393032472583
2023-04-05,0.0014355720627288516,0.0014375906682751471,0.00012725979434140318,-0.0004569274741847553
2023-04-06,-0.0021941930168767223,-0.0021926083902294837,0.0024430877378541866,0.0009599476259866737
2023-04-10,0.005873911959138504,0.005875455066675821,-0.003365500100127331,-0.0037001922653459164
2023-04-11,-0.002781680880457582,-0.0027782255777722715,-1.3481937256864123e-06,0.0024443081767692976
2023-04-12,-0.002886341203942498,-0.0028843593215978334,-0.0012731459843587029,0.000981746881857676
2023-04-13,-0.003886256954913115,-0.003883843939997362,0.00660321351099809,0.003938731716118625
2023-04-14,0.00506322599402216,0.005066104173950923,-0.0034353433676650963,-0.005838372103828568
2023-04-17,0.0028128377479013033,0.0028166313712494825,-0.0003747381027439881,-0.0005594135472288828
2023-04-18,-0.0025307444901192396,-0.0025279728406483954,0.0010372449834012564,0.001460349344026981
2023-04-19,0.003790347856625315,0.003791931790998428,-0.0009464958783314449,-0.003060774518172137
2023-04-20,0.0005263197145570557,0.0005291326101003726,-0.001005660901359436,-0.0003326091011335278
2023-04-21,-0.00044969518668526524,-0.00044815784429080375,-0.000500249598361771,-0.0018981365994018748
2023-04-24,-0.003439952244829748,-0.0034388002985490853,0.002562967783614456,0.0021348026604539275
2023-04-25,0.006420728126534293,0.006422856606272519,-0.005613615630397192,-0.0035502463888869985
2023-04-26,0.0015366855108659302,0.0015408093392741506,-0.0041017164278404645,-0.003906808513229065
2023-04-27,-0.004134946720532555,-0.0041322719452429255,0.009216591281238766,0.00462254679258385
2023-04-28,-0.002936439130368628,-0.0029333262652725717,0.008110674724631404,0.00385333839067506
2023-05-01,0.00913418449342662,0.009137471393828808,-0.005291600685745732,-0.006861378342400813
2023-05-02,-0.0016371490553504014,-0.001261075483804718,-0.0015370567404335673,-0.0005838598203101129
2023-05-03,-0.0018936459874678195,-0.0018870488840868967,-0.0014321655383202755,0.0008996990352459561
2023-05-04,-0.003833602069418194,-0.003829590826253823,-0.004268407023400051,0.001153063010998664
2023-05-05,-0.002230040028021808,-0.0022263173178255907,0.008695290850732515,0.004843281344054766
2023-05-08,0.0041490051026986195,0.004154746475067179,-0.0023219119690221046,-0.001964865196238424
2023-05-09,0.0015744869126899617,0.0015775760165862868,-0.003105333092636699,-0.0013424837343690736
2023-05-10,-0.004968174307414751,-0.004965944641157739,0.005806215100604416,0.0028190226724314708
2023-05-11,0.0007165141671580386,0.0007206003993475254,0.00046450603397973054,-0.002837012936458759
2023-05-12,0.007177544354221768,0.007181778551013629,-0.003214214621592894,-0.004307033243643183
2023-05-15,-0.00011455389620599093,-0.00010825992319474321,0.0011561667202025705,0.0022327360978554585
2023-05-16,0.0032044834805360074,0.003207421542948528,-0.005286942740340089,-0.007101515973262611
2023-05-17,0.0014340714608363024,0.0014394434244104084,0.005919234828590441,0.0023880760874489355
2023-05-18,0.0068696579861512565,0.006873155028867994,0.003290336701956751,-0.0040215724672983105
2023-05-19,0.003037426142945331,0.0030438048944713986,-0.002378018697467908,0.0007206172655360905
2023-05-22,-0.00019198553757651503,-0.00018958923145358708,-0.0004861891181830176,0.00043742505044501293
2023-05-23,-0.0021211173334561777,-0.0021197913624499947,-0.00612885366067354,-0.003906609103626448
2023-05-24,0.0017400684440635726,0.0017430936407386282,-0.00537697741103028,-0.00631764393468435
2023-05-25,0.0059346326817691485,0.005938564687011131,0.002686329151315793,-0.002991178582275283
2023-05-26,-0.0029097343930238094,-0.0029042927861882683,0.008550572758551471,0.0071906723076952984
2023-05-30,-0.0003029881149492445,-0.0002980904091279121,0.0033190224840437895,-0.0010835642708617265
2023-05-31,-0.0029363170251078736,-0.0029322545269421406,-0.0018522949228385896,-0.0014825321421589458
2023-06-01,-0.003289543150349898,-0.00328640803041706,0.006825144860939248,0.0063927681617700245
2023-06-02,0.004281809583457958,0.004462490801912297,0.005495598803430735,0.00416175248560097
2023-06-05,-0.00015291714670524222,-0.0001465873188379685,-0.0012839067117200397,-0.0011447803777907522
2023-06-06,4.618659882535315e-06,6.024226965386679e-06,0.001560833974309551,0.003457879937381107
2023-06-07,-0.0012229968910350678,-0.0012211278714278325,-0.004971750039424063,-0.002817077090798739
2023-06-08,-0.005849184248097339,-0.0058460402117445675,0.0063149365248720436,0.005446206640733664
2023-06-09,0.004116066680476007,0.0041221404697351196,-0.0003294736127969061,-0.0017416772988824302
2023-06-12,0.0027020969045194626,0.0027055558008867923,0.006157468827665418,0.0006288535175177772
2023-06-13,-0.0004553788017822368,-0.0004531143823526258,0.0012379045124076178,0.0015640095067564878
2023-06-14,-0.0054594333906248,-0.005455726906872717,0.0012506826805095855,0.0027206298147963485
2023-06-15,-0.0076073591534625085,-0.007603198060187186,0.010603331812342466,0.007897186924634772
2023-06-16,0.00233737581036537,0.0023457316981426416,-0.003758699919240934,-0.0015428152826957287
2023-06-20,0.0009361578844350548,0.0009394128655183355,-0.002027512852872138,-0.0053172403470154485
2023-06-21,-0.005088618366734089,-0.005084686351848408,-0.0027752920112630855,0.0002916384689986181
2023-06-22,0.009652898630016421,0.009656578082819492,-1.8322419849390663e-06,-0.006810009151512471
2023-06-23,0.004238350065395418,0.004247473049030635,-0.0030283182876529933,-0.004785946342762847
2023-06-26,-0.005398574771528343,-0.005393260794548051,-0.0015274580881893655,0.002999895951182293
2023-06-27,0.0016198357332201613,0.0016243727974768216,0.005297892419014199,0.0013311413540144528
2023-06-28,0.0028907581661029216,0.0028949267898900582,0.0018688200015014756,-0.00027988232453677496
2023-06-29,0.007232082689541547,0.007234439760930378,-0.0015901548995592906,-0.0020121014999922196
2023-06-30,-0.003314506070768116,-0.0033095125537400136,0.008086449183435995,0.0064041259421447295
2023-07-03,-0.0003278886265582251,-0.0003231395487341464,-0.000955783229583628,0.0010464902212464705
2023-07-05,-0.002775061166281101,-0.0025018735422095988,-0.002816572043854911,-0.0026666576532081527
2023-07-06,-0.0034233035886608414,-0.003420826657077565,-0.007965875230937359,-0.0069110588613199775
2023-07-07,0.0004112609215263359,0.00041424530613802963,-0.002022724340805707,0.0032763795019657197
2023-07-10,-0.0023431347134094237,-0.0023391070999858655,0.0035890544212411214,0.002397162531303061
2023-07-11,-0.0014921960624516614,-0.0014895451147418836,0.004662171346668,0.00606781375476225
2023-07-12,0.0016527124882238923,0.001656670404707982,0.008729645544719276,0.010072982236151906
2023-07-13,-0.00016549993541538385,-0.0001596605092530197,0.008087957282173482,0.007389351276865829
2023-07-14,0.002756515520003358,0.002761039580882454,-0.0023508471430857794,-0.00368100924557371
2023-07-17,0.0014930707979108543,0.0014965248159996465,0.0027486056785002294,-0.00044434643027975175
2023-07-18,0.0019805653764812534,0.0019821187175782904,0.004925509414914357,0.0026354822879358585
2023-07-19,-0.0024881472546759965,-0.0024852117589819513,0.002693086785913604,0.002387614128859509
2023-07-20,-2.0164846750318762e-05,-1.7164505834914388e-05,-0.007147829071333547,-0.0043873764806225376
2023-07-21,0.0016235622483081766,0.0016266414973355263,0.00032919546179803976,-8.55953806080808e-05
2023-07-24,-0.0016414600875235559,-0.0016393574382159053,0.0017487088619031054,0.002875955874828221
2023-07-25,0.002674250922843271,0.002677858268898474,0.0009115917755178524,0.0011644602152172832
2023-07-26,0.00015712533384273274,0.0001590000799689084,0.0014465598211573485,0.002275147173190409
2023-07-27,-0.00035289772769309444,-0.00035070539657958665,-0.008314577299729254,-0.00792399272033412
2023-07-28,0.010081142677973177,0.010086924217633459,0.007215451926368787,0.004848713552909472
2023-07-31,0.0008881711651713528,0.0008928947690186624,0.001648954341975691,0.0009143931335230115
2023-08-01,0.0004291565574627114,0.0004308478350753342,-0.004030515893646574,-0.006482622540697626
2023-08-02,-0.00517525652422218,-0.005116560564236552,-0.009150201085604178,-0.008681519545578734
2023-08-03,0.0038175501501584745,0.003820878358107264,-0.004688947260372049,-0.0025660486991315426
2023-08-04,-0.005118391634864478,-0.005114494271210547,0.0015663733529065532,0.0025574930393783336
2023-08-07,0.004125214051118412,0.004129513788953636,0.0042071672813425946,0.000866750026075488
2023-08-08,-0.005312624542681435,-0.005309262262744216,-0.0005595115901588575,-0.0023334350839276166
2023-08-09,-0.0029021644423534412,-0.0028997590574469,-0.00372364590551205,0.0003116873876891501
2023-08-10,0.008471678094902669,0.00847397800759079,-0.0029016967398160145,-0.003037634688973654
2023-08-11,-0.0018957217295873137,-0.001889450714505453,-0.002486901033679858,-0.0028406217909910654
2023-08-14,0.002274958973404131,0.0022764458133919556,0.0026477055732867425,-0.002322902143447123
2023-08-15,-0.0018316832564759728,-0.0018287509586076222,-0.007736436933206601,-0.006179528443600381
2023-08-16,0.0006622541320596051,0.0006650224491789136,-0.005923935963929453,-0.005837809667359905
2023-08-17,-0.0020882435222186755,-0.0020847385825623612,-0.005052688860506244,-0.001938002757494801
2023-08-18,-0.003754320557150816,-0.003752461081595802,0.0015050814449711753,0.0014085295770397772
2023-08-21,0.009363728525042976,0.009366930266636719,0.0013316455777656958,-0.001946501084074832
2023-08-22,-0.00319564086400879,-0.0031895370669695155,-0.0014409573491128403,0.0006760563691837573
2023-08-23,-0.002586043432232331,-0.0025837692471060536,0.011022126598228132,0.009619474255879841
2023-08-24,-0.001239598864012164,-0.0012337315208044448,-0.009753175939514335,-0.004392016307416027
2023-08-25,0.0014688756941263305,0.0014716901724075822,0.004045881353561066,0.002261019216486856
2023-08-28,0.003276531733724008,0.0032782388503327887,0.004894007540755245,0.00345133487465973
2023-08-29,0.0023776756841925426,0.0023797275430518863,0.011489767683085789,0.007940953091481417
2023-08-30,0.001251697656533405,0.001255188072586816,0.002415357738578758,0.0004923356101647428
2023-08-31,-0.005193363430599217,-0.005192166547703641,-6.811062962465077e-05,-0.0010940215802193757
2023-09-01,0.004999236536814462,0.005002643626616339,-0.0013490733242952893,4.151128715406932e-05
2023-09-05,0.0012884888824083564,0.0013236670412220403,-0.005020564385531609,-0.006117046013490517
2023-09-06,-0.003037025797408583,-0.0030323997145359316,-0.005063039064520442,-0.001608596941897755
2023-09-07,-0.00481406032236287,-0.004812413922802155,-0.0004648320383643553,-0.0003877463493031992
2023-09-08,0.0011335777273107316,0.0011367564363172918,0.0009857977474093532,0.0003132100464608397
2023-09-11,0.0035750760051682737,0.003576020591001889,0.003246092898636236,0.0032661001384379153
2023-09-12,-0.004052235161900308,-0.0040497637319538635,-0.0027361988899016385,-0.0010331662335305671
2023-09-13,0.0007337710479947055,0.0007357865854277342,0.0011697164521128948,-0.0012347543439458041
2023-09-14,0.0018449107400631915,0.0018464632855861372,0.004259459287991423,0.003913299396112795
2023-09-15,0.0012675747251343712,0.00127138736552248,-0.008482008775875863,-0.0025974750535732705
2023-09-18,0.0011716681600701783,0.0011741777650342805,0.0007382577395569491,0.00010257978098442803
2023-09-19,0.0010793907195320576,0.0010811162307240829,-0.002705904212348694,-0.0021883265863192796
2023-09-20,-0.0011490425365056126,-0.0011475212039917593,-0.0058111264893123075,-0.0020264818448984243
2023-09-21,0.0001577868004792418,0.00015945817692807063,-0.012867260774185865,-0.011075912594043573
2023-09-22,0.002223306208425876,0.002229012918770182,0.00024479156597968874,0.0012387058801443223
2023-09-25,0.004690093162666067,0.004692265951154404,-0.0004952700227313863,-0.0046048210285893655
2023-09-26,-0.004609538150351766,-0.004604950268387333,-0.008893038252661087,-0.006555101592697695
2023-09-27,-0.0004949860924270981,-0.0004917794647939425,-0.0015849317503425532,-0.002483374172907182
2023-09-28,-0.0008622066364643657,-0.0008593464341584297,0.0045545648993204745,0.00246279236407156
2023-09-29,-0.0010889085050546652,-0.0010863031887144226,-0.0013550438867297595,-0.0020098946452271707
2023-10-02,0.0030165842531898047,0.0030186381267150674,-0.0035294174049483604,-0.007517683762736526
2023-10-03,-0.0024090201907877424,-0.0020561204980192567,-0.011344903935836924,-0.008106605976229003
2023-10-04,-0.005966684688760923,-0.005963018777256984,0.00690488628325709,0.0008758758290045625
2023-10-05,0.00045270595293609106,0.00045897412383733385,0.0005281139704430533,0.0009713745466370096
2023-10-06,0.012121408013717475,0.012123585208867943,0.00475584942193278,0.0024989646770526533
2023-10-09,-0.0010038451507297984,-0.0009980032769277309,0.008929589689224443,0.008078875175585566
2023-10-10,0.005593000754865058,0.005598666758768809,0.0023415914441954817,0.002714570949981497
2023-10-11,-0.002457932688136382,-0.002454559327465845,0.004649953346915646,0.005257429423498381
2023-10-12,-0.0003255047137673358,-0.00032160552830803966,-0.007494470326300094,-0.00770056852672965
2023-10-13,0.0044676659169788115,0.004471799246561725,-0.00046862037956536297,0.005591597406661764
2023-10-16,0.006042517933226719,0.006048702721362403,0.003955486648490102,0.0007682302302266855
2023-10-17,0.0052889679183867125,0.005293203263697658,-0.003909080627396355,-0.0017153327619807064
2023-10-18,0.0006594275309270686,0.0006627999936762593,-0.009926574583934526,-0.005308236275937748
2023-10-19,0.009188644548047157,0.009193802961366364,-0.0072605611708956306,-0.00410871025091974
2023-10-20,-0.00639489029312427,-0.006388594180377448,-0.005106139596993425,-0.0029970830877693944
2023-10-23,-0.0005376149747514352,-0.0005343517391023641,0.000838855406415927,-0.0001493763973231265
2023-10-24,-0.0045236725269979525,-0.004520918200355028,0.005223675722271924,0.003500209981242749
2023-10-25,0.0032304605410273727,0.003234928082161714,-0.012117799857595993,-0.006846971893178969
2023-10-26,-0.010519593962413363,-0.010514900364104395,-0.004099829549086566,0.0008701202635810151
2023-10-27,0.00504200320216072,0.005048240174776858,-0.002058383296982366,0.0004650445543338582
2023-10-30,0.002779452511704428,0.0027834596105848534,0.005716189344399247,0.001297206877021149
2023-10-31,-0.0009325408661735021,-0.0009283112695650962,0.0028827376544190353,-0.0009166556482060403
2023-11-01,-0.003434329909183162,-0.003430728793626106,0.011007004114982344,0.0062853345538828945
2023-11-02,-0.00037690477812234743,-1.8675234366788244e-05,0.013976343759383142,0.012354115830738551
2023-11-03,0.0015322282449811851,0.0015384434208607209,0.008556624150639383,0.007732145430330281
2023-11-06,0.003942256262063976,0.003947308430005901,-0.00090600927908558,-0.002915199537801865
2023-11-07,0.0008169313030825485,0.0008208221992426108,0.003974716217570916,-0.001861525137532519
2023-11-08,-0.003278345831264883,-0.003274222896702743,0.002039066678489055,-0.0005986505382655273
2023-11-09,0.005565587508434648,0.00556863914063833,-0.008628288284121849,-0.0061519836025963935
2023-11-10,0.000588455184654718,0.0005940056320093855,0.00986552872715452,0.0033812247164359778
2023-11-13,0.0004016551053457178,0.0004043897468574769,-0.0007959834482455443,0.0008904210946590704
2023-11-14,-0.000350451341754483,-0.0003481579783449554,0.017687603787525177,0.016833016792590128
2023-11-15,0.007194127380958841,0.007204048035535065,-0.001757246965057677,-0.0024615207930616043
2023-11-16,0.000536825880251668,0.0005424433981743112,0.0036703086993560134,0.0002027155364832369
2023-11-17,-0.0014410540944551032,-0.0014371000354476229,0.0010108529857809961,0.003803571740155673
2023-11-20,-0.0021319538154948806,-0.002128329312049892,0.005241772907270749,0.005431132722559752
2023-11-21,-0.0008912101011247679,-0.0008869228619741346,-0.0008291459016474442,-0.0005294091374637858
2023-11-22,0.0025997895782682214,0.0026020337932464344,0.002230413853872285,-0.0005821387245619293
2023-11-24,0.005757882543957179,0.00576075402788397,-0.0016352189835522586,-0.0004558615594798921
2023-11-27,-0.0048250624313029835,-0.004821500957993274,0.0018335200707277754,0.002289438017423972
2023-11-28,-0.0018882880741771077,-0.0018843936679752485,0.0023208459388498,0.004999396564280131
2023-11-29,-0.0052619056554503996,-0.005257522150370547,0.0016185493730541268,0.0025993036434112707
2023-11-30,0.005516536767473105,0.0055209528944793595,0.0004754340717009794,-0.0028131789379549728
2023-12-01,-0.0030111969289008966,-0.0030056263745021515,0.007286101025899426,0.008613604664132782
2023-12-04,-0.005905523768305909,-0.005882111035390136,-0.004812513164131563,-0.005091157166339842
2023-12-05,-0.004505170225441447,-0.004502192538429328,0.0027025666842342036,-1.2915282272873655e-05
2023-12-06,0.001890481678092406,0.0018932772252208548,-0.0007482674331798518,-0.0008283402358335168
2023-12-07,-0.0026554755878444407,-0.0026519448815614374,0.003950142146230388,0.003590013773011614
2023-12-08,0.0025885764600146978,0.0025929550751856985,-2.095456569492376e-05,-0.002903240437668028
2023-12-11,0.0027777913880686358,0.0027813369997302653,0.002378138766055595,-0.0006766728978830879
2023-12-12,0.0014247561496824252,0.0014273823539054575,0.003595687502983348,0.00012769338013903623
2023-12-13,-0.005188803991630045,-0.005186506077378575,0.014218793461203232,0.015222488392957983
2023-12-14,-0.006769224276603947,-0.00675830498166785,0.005240203848190819,0.01090274915462307
2023-12-15,-0.0032154158426171407,-0.0032059383702989297,-0.0013222662264844862,-0.004142181076745072
2023-12-18,0.00478130220719615,0.004784266909217054,0.002504771800180444,0.00031130984048966843
2023-12-19,0.004224475353140083,0.00422710368458381,0.0044099346447353405,0.00420531139659547
2023-12-20,-0.007633794421238955,-0.007631277621762785,-0.006421153668218298,-0.005270106366666448
2023-12-21,0.0065957422158938695,0.006599708181204608,0.005053832945508889,0.005891736863241477
2023-12-22,0.0018554033582695562,0.0018586795283336288,0.0008357087348893907,-0.00023325772819952364
2023-12-26,0.0017889294273637471,0.0017904969317784586,0.00279102796135431,0.004130376671078355
2023-12-27,-0.0016725163175486228,-0.001670381979769663,0.0041823583920801875,0.004606968440058185
2023-12-28,0.0011369067927976383,0.001140612296191907,-0.001292412932189128,-0.0008857416885038427
2023-12-29,0.0023616491740226183,0.0023645208150678753,-0.0027319185773527705,-0.0028405794997209658
2024-01-02,-0.002038742868781232,-0.0020360615076631633,-0.004856848460477391,-0.004321446395664925
2024-01-03,-0.005768890181902947,-0.005469149299414932,-0.0039429312845524625,-0.003821756910834336
2024-01-04,9.080884131629932e-06,1.3138568322565463e-05,-0.004350836431220347,-0.003575855159020944
2024-01-05,-0.002418579298921424,-0.002416356914345701,-0.000651185214915688,-0.0007281032129419306
2024-01-08,0.007730519739651805,0.00773217447012582,0.009900528210436738,0.0032708222123378006
2024-01-09,-0.00525491062317495,-0.005250195857307691,-0.0010807460104973934,-0.002971655633851738
2024-01-10,0.003879506600021315,0.0038825332975655634,0.002777860938279507,-0.0010116274405360698
2024-01-11,0.0005289042604094858,0.000532014059382463,0.0018522808182559651,0.0016638059589345268
2024-01-12,0.0023392742446222666,0.0023407715556395224,0.0014947273723032064,0.0029011206501737123
2024-01-16,-0.007627982910214882,-0.007626611518609332,-0.005438390909089213,-0.009995195146152639
2024-01-17,-0.007131186837082487,-0.007127776318597226,-0.004640743111104353,-0.006326076498773745
2024-01-18,0.0027644496411643573,0.0027675178062887117,0.004475129604971449,0.0021979037029520505
2024-01-19,0.006581349999242534,0.006583816245905706,0.0075789305995312365,0.003899536819904693
2024-01-22,0.00021358913860518262,0.00021674605653795463,0.0024822237896568325,0.0011294889245595642
2024-01-23,-0.0008305345752494494,-0.0008291315554285929,0.0007817251717652845,-0.0001429674947433139
2024-01-24,-0.002899936383173359,-0.0028978087597589506,-0.0004471818216045996,0.0002913839786460788
2024-01-25,0.004115454168394879,0.0041188238991411025,0.005005080214513573,0.0038860208733051287
2024-01-26,-0.0001382814925958406,-0.00013642386108769067,-0.0014721028113045325,6.953448498682788e-05
2024-01-29,0.006574198149071346,0.006575204810043059,0.0071718311741927904,0.0034169969614549333
2024-01-30,-0.0015936882947116702,-0.0015907900256652342,5.772300082038296e-05,-7.020547799590558e-05
2024-01-31,-0.0022225190126490837,-0.0022206265210035995,-0.006691542229400451,-0.002574454765463368
2024-02-01,0.012580635104080633,0.01258380244040357,0.01035619237507176,0.007318150784319879
2024-02-02,0.007163894248227838,0.007493319637153153,0.0011091368378123578,-0.007349734480215832
2024-02-05,0.0015642561240058377,0.001573019872495383,-0.006045395077242849,-0.005578754717807058
2024-02-06,-0.0059594758372238064,-0.005955219012830333,0.0038794979285585577,0.006602451216959868
2024-02-07,0.0014015418609391967,0.0014080865981435514,0.004355212674447549,0.0003910256921064765
2024-02-08,0.0007041476945168765,0.0007056724169802293,-0.0010085948959457256,-0.0009017952858093454
2024-02-09,-0.0006491140865801565,-0.000646947358334508,0.0028232357205205715,0.0010320737757309715
2024-02-12,-0.0017610140055064618,-0.0017595636033541171,0.00010079855890950348,0.0008588113067669514
2024-02-13,0.0024575977176718665,0.002458998159274456,-0.01269366289674505,-0.01126680897586958
2024-02-14,0.0013528668367344856,0.001360496081692247,0.007005763132967094,0.003835900885215338
2024-02-15,-0.0011068092843498935,-0.0011037650455337218,0.0052960375602919265,0.006139129464379465
2024-02-16,0.0008684613589388169,0.0008726187576760926,-0.0047384361226225115,-0.0012795256652074545
2024-02-20,0.0020206667623729043,0.0020225893448614207,-0.0027120051150039213,0.0004010408119344305
2024-02-21,-0.000773462833220248,-0.000771615580067589,-0.0006901983920187732,0.00017205155057892246
2024-02-22,0.00308215068691586,0.003083645921964788,0.012705690510189688,0.004678683687626124
2024-02-23,0.0030509579548736792,0.00305320841383442,0.0021839071118595964,0.0009150828232768809
2024-02-26,-0.00014352130053999512,-0.00014042571451761154,-0.0028278708538359083,-0.0016423237400302454
2024-02-27,-0.000680242273408658,-0.0006778962804549727,0.00028267419799451023,0.000634247460156221
2024-02-28,0.0007275889970549279,0.0007292600375071055,0.0005773934200247036,-0.0004136716055935102
2024-02-29,-0.0006784300221710094,-0.0006761076478257784,0.0029888021880837222,0.0028355679778978766
2024-03-01,0.0025209882635276277,0.0025231359347489437,0.007533562803090116,0.007155996112690857
2024-03-04,0.0030358527546644237,0.0032817295595075186,-0.0015393410775325037,0.0014794663151178177
2024-03-05,-0.003631907765858784,-0.003629328919042685,-0.003538218232314282,-0.0009980048439289253
2024-03-06,0.005091858503572888,0.005095342202767645,0.0040001308287459444,0.005910722617374987
2024-03-07,0.004259229848888975,0.004261101239994284,0.0066047459022748,0.004086288651754944
2024-03-08,0.0004140504454616542,0.00041617379416196605,-0.0033009439980041916,0.0010935625194458158
2024-03-11,-0.002802880086503034,-0.0028007446381662243,-0.0010217418281672668,4.3736657564349735e-05
2024-03-12,0.00432177334758065,0.0043240743952777435,0.004776427019024018,-0.0003464966467870348
2024-03-13,-0.0017685817493443353,-0.001764501047576346,-0.0018281259412419183,0.0004380828588450248
2024-03-14,-0.004477247145183671,-0.004474799109094263,-0.0041422766792674455,-0.005095589602004466
2024-03-15,-0.0026959166353502126,-0.002693414509396065,-0.004815553085413463,-0.0018840343508331095
2024-03-18,0.0004579675184628903,0.0004595631371493035,0.003104345989165332,0.0013516929799821293
2024-03-19,0.003636028362741631,0.003637546350638713,0.004496067089175729,-0.0003867928832406956
2024-03-20,0.009668895658057052,0.009671364071900059,0.006511964221834432,0.004396808594580636
2024-03-21,0.0019311848154482671,0.0019350848694736627,0.0020414769222572905,0.0008126828780062031
2024-03-22,-0.0034862396983834426,-0.0034841498525449432,0.0007782622650514135,-0.0020287784984134513
2024-03-25,-0.002053295618446926,-0.002050439915631446,-0.0027168641416960818,-0.0005043325972490066
2024-03-26,0.0012799646459593853,0.0012819633932323249,-0.0005288696800409421,-0.0006379273992407481
2024-03-27,0.006592073358247082,0.006593675036364108,0.006584080970872885,0.0057903156102411596
2024-03-28,0.001116305657544489,0.0011193477489755748,-0.000491576730198763,0.002818010374680978
2024-04-01,-0.0011329185445514488,-0.0011302552029899009,-0.00462824494784548,-0.0031678672103218103
2024-04-02,0.0018930599015140248,0.002181155822929738,-0.004672004971705069,-0.00044955017202062377
2024-04-03,0.005264583162423269,0.0052678881401289745,0.0011302629876203895,0.002885321326823712
2024-04-04,-0.007647865926576344,-0.007645153254021231,-0.005937508782793691,-0.001862477971187426
2024-04-05,0.011214745394870667,0.01121877720950673,0.003539329288003074,0.0019101068951882703
2024-04-08,0.005068664661368864,0.0050742398553673546,-0.0005699378000869194,0.0023207866582555126
2024-04-09,0.00021492137217688875,0.00021744185343265817,0.0022865582883776093,0.003134254861968635
2024-04-10,-0.003394080102450919,-0.0033920537125004275,-0.011326669751746267,-0.011405848604409404
2024-04-11,0.006997384426269315,0.007003628157781577,0.003963524964617462,0.0026939848140892803
2024-04-12,-0.013064524403003024,-0.01306052158876671,-0.00666902349945488,-0.006217200790414884
2024-04-15,0.0034238429314578664,0.0034294634666298886,-0.01006222145427915,-0.004011135230039529
2024-04-16,-0.0025933145495082195,-0.002588455896559676,-0.0026723520117179554,-0.004606719439908863
2024-04-17,-0.008534525058650128,-0.008532589967313138,-0.0009739543995492067,-0.0014849982391477328
2024-04-18,0.002081356723672649,0.0020859059205829466,-0.0026365381505415297,-0.0007260436146798152
2024-04-19,-0.0006794222028708653,-0.0006776878683449021,-0.004656199583121116,0.0006074304516209425
2024-04-22,0.00190725851977221,0.0019089439751617877,0.005494212565957355,0.0008963026184860287
2024-04-23,0.005832428562584754,0.005835770984725903,0.007579514430861292,0.003935692840262784
2024-04-24,0.0021930078715491933,0.0021956543423769467,-0.0015137296608641608,-0.001124107192708574
2024-04-25,0.0026840029044461347,0.0026858451979108076,-0.0038081983378669276,-0.001083323111505123
2024-04-26,0.0075834063805451666,0.007585842353419369,0.006761534606355255,0.0026436516932847997
2024-04-29,-0.0017361758184650821,-0.0017322860760707194,0.0037426148279542455,0.004243386698074204
2024-04-30,-0.00901622109113878,-0.00901320502859386,-0.011362783085362352,-0.010437237643811366
2024-05-01,-0.0034186424206178096,-0.00341521232112434,-0.00033636756656142865,0.00030482048767869997
2024-05-02,-0.005731261811394316,-0.005459394191997207,0.007489819334459501,0.008693310824357354
2024-05-03,-0.00058448275416373,-0.0005768136733583188,0.009662947401453065,0.005170854853667738
2024-05-06,0.007168508368198288,0.007171256974789162,0.006567434912242798,0.0036743765771703875
2024-05-07,-0.001323298273430658,-0.0013198529773561928,0.0016911001087246927,0.0007497373434538119
2024-05-08,0.0031126617657353506,0.0031145368247122935,-0.0010497248649928251,-0.0029172225922840665
2024-05-09,-0.0001999938098187405,-0.00019653356937167376,0.0046820596756370104,0.0059727648360212915
2024-05-10,0.004584810620678818,0.004588069444024793,-0.0004934043728369122,-0.00016470117255536673
2024-05-13,-0.00019234274857195266,-0.00018922213034979802,0.000548315727342253,0.000831979072254167
2024-05-14,3.478205343795962e-05,3.662410161202334e-05,0.0039302700613675495,0.00334383318638092
2024-05-15,-0.0034230027314523935,-0.003420655396231963,0.010479311900253108,0.00873486913613918
2024-05-16,0.0014828802666314559,0.0014892186625585317,-0.0020055044317784415,-0.0011563853498849478
2024-05-17,0.0073031701226945805,0.00730483038200533,-0.00034183925964490934,0.0023235242414140996
2024-05-20,0.0050005952564001815,0.005004524464778996,0.00011436986843465351,-0.0003032536849366892
2024-05-21,-0.0031787194859999425,-0.0031754129635926226,0.0025027516218517902,-0.00030202774562036847
2024-05-22,-0.0038986990187947312,-0.0038968298066341554,-0.0022585766301771323,-0.0056392118516164665
2024-05-23,-0.0015367581987783812,-0.0015339252107824416,-0.005836878335362155,-0.0070204968255267175
2024-05-24,0.0015888982877299276,0.0015918045617829076,0.004533463122427652,0.0028613915050018836
2024-05-28,0.00823027209895894,0.008231916812530764,-0.001757919381244112,-0.00011484810272666719
2024-05-29,-0.0014128029232839492,-0.0014071813183991237,-0.0061754001492454,-0.008066266517329546
2024-05-30,-0.00891704850395799,-0.008913090585846566,-0.002106187749403755,0.001953358926470511
2024-05-31,-0.003925351481144166,-0.0039192290562994475,0.00736236454865356,0.002529715413087977
2024-06-03,-0.007267556034370546,-0.007263945163826053,0.0030556425997532387,0.0032352165766506517
2024-06-04,-0.00960721245300547,-0.0093312829211336,0.002857555545538603,-2.051896076068237e-05
2024-06-05,0.007135686564730835,0.00714114972063955,0.008574437278511286,0.004719030841207343
2024-06-06,0.0043276445228203845,0.004331088725801323,-0.00018206607885687,0.0028615042865018587
2024-06-07,-0.0039904206210967475,-0.003988108439714341,-0.004935172037012561,-0.010792878577453431
2024-06-10,0.0066873461084873305,0.0066923625920302906,0.001009300490260195,0.0021573736603876653
2024-06-11,-0.0052913559613137805,-0.005287655916790965,0.003544718182483095,6.823709628693783e-05
2024-06-12,0.004073653752181156,0.004076978947024797,0.007168506545148124,0.005555679510389927
2024-06-13,-0.006955907359659498,-0.006953876285414772,0.0038322431440299784,4.309331367817207e-05
2024-06-14,-0.0017960900368272808,-0.0017916128413031451,0.001291189804358878,0.0008965518934082474
2024-06-17,0.005845638724767101,0.005848025083268269,0.002952129501131236,-0.0004353751337362579
2024-06-18,0.002311561169188445,0.0023151706673351807,0.0032539177027544634,0.004128313251903288
2024-06-20,0.0042564216950447785,0.004258114081406173,-0.002646140560137342,-0.0006471838957343196
2024-06-21,-0.003758383902148385,-0.0037551817323827922,-0.0007280170980519293,-0.0031825274509012895
2024-06-24,0.0027532525449562493,0.002755507773077065,-0.001632491691484329,0.002673547398751414
2024-06-25,-0.0033826178939559345,-0.003380532333335337,0.0026616680567432944,-0.0019138436909263638
2024-06-26,0.0031760248721556554,0.0031784665563324714,-0.0016287158201813605,-0.0040698936234547685
2024-06-27,0.0025995689934622574,0.0026032125421910383,0.0018350836780284007,0.0032949316878684853
2024-06-28,0.004398810567980513,0.00440031615685452,-0.004476433557559722,-0.0019132221105789683
2024-07-01,0.008538609783138395,0.00854217014307754,-0.0016785895950563394,-0.001222682314494564
2024-07-02,0.0003977960223033924,0.00042740872564291495,0.005545622192855766,0.0026562588073976924
2024-07-03,0.0033186199225095493,0.0033197936992247034,0.005341918657668562,0.006092721976860849
2024-07-05,0.001849099872689474,0.0018517087404540792,0.005680971173479621,0.0050882048452703926
2024-07-08,-0.0039629022189212795,-0.003960812913445963,0.0008201151559646585,-0.0021522399911564206
2024-07-09,0.001005338275157195,0.0010083333332275434,3.231813016521959e-05,-0.0011368314050460675
2024-07-10,0.006101527363379161,0.006103161386864676,0.006328511508457141,0.0038683780905000445
2024-07-11,-0.001673396506697454,-0.001670525656452682,-0.002672224676359998,0.007455136606961608
2024-07-12,0.001297254269115329,0.001302873020323579,0.004625427628471611,0.0034677461889271862
2024-07-15,0.0005227080888893484,0.0005250773918595187,0.00038904925374494404,-0.002508995096268981
2024-07-16,0.0035467143147323273,0.0035491409297072765,0.005335489645399502,0.005692519618911395
2024-07-17,-0.008912849775288322,-0.008909937877590968,-0.008110478779312683,-0.0017281367576797901
2024-07-18,-0.003613584173442982,-0.003607876027379265,-0.005741262150131154,-0.006188594377708237
2024-07-19,-0.005568989796985765,-0.0055667180863704984,-0.005241052372500668,-0.005849745469733653
2024-07-22,0.006425944475398536,0.006428799609920457,0.005767870703559175,0.003836658199018311
2024-07-23,-0.005811140784448401,-0.005808228102046666,-0.0006446160058672346,-0.0013113754521908514
2024-07-24,-0.011037516951659462,-0.01103416703888956,-0.014462211239127063,-0.006665790649126977
2024-07-25,-0.005692882867341419,-0.005687495235214871,-0.002192295512528809,-0.001873096812341221
2024-07-26,0.004508571149300623,0.0045119863384459735,0.008571531979348587,0.0060403666611149745
2024-07-29,-0.002136045405618548,-0.0021323174330816095,0.00103268301567323,-0.0001912020555594704
2024-07-30,-0.0018371992644628478,-0.001835514763282082,-0.002151561479800291,0.0016746687932410586
2024-07-31,0.003766006014039889,0.0037683527589572434,0.012613136467762515,0.011302593971228746
2024-08-01,-0.012859254403256143,-0.012853073602355498,-0.006673764223889671,-0.004278544923156898
2024-08-02,-0.010946498769307575,-0.010656453134091456,-0.004977626972779943,8.638439967095371e-05
2024-08-05,-0.023679902641199083,-0.023671601414362198,-0.016819920840420652,-0.008717826325696856
2024-08-06,0.00866053133055953,0.00867178738447671,0.0016865516306235329,-0.00179961301156513
2024-08-07,0.0018815569534398667,0.0018884828850120505,-0.00542228463698853,-0.0017272153994039065
2024-08-08,0.013216864615444083,0.013220359323489847,0.012355664692629678,0.007651353554852862
2024-08-09,0.000959291673793288,0.0009649368740872746,0.004261776158118238,0.003963400210989903
2024-08-12,0.0005520842470765221,0.0005538706349240709,0.0014451658263916428,0.0028223114411486763
2024-08-13,0.010012093102331823,0.010014799252222716,0.011567192627507664,0.005148356842091167
2024-08-14,0.0015905772339309553,0.001595266804836473,0.002419804464421325,-0.00032737606572021247
2024-08-15,0.007815568324421434,0.007817427058555641,0.007713247510081475,0.0022247114639744187
2024-08-16,0.004822774500094132,0.004827536797205301,0.0021282677448842776,0.004492396579857754
2024-08-19,0.005417463157202198,0.005420629940337037,0.006295108685765695,0.004262308237196481
2024-08-20,-0.0033589783256852647,-0.0033561581722025544,0.0006019084026355955,0.0006687511300136606
2024-08-21,0.003955124014856302,0.003957751557491879,0.0028858256214671836,0.001867727263343764
2024-08-22,-0.0030179155802478874,-0.0030159218936566838,-0.006561866707127669,-0.00548007261597398
2024-08-23,0.0066920045195537035,0.006694664673104813,0.008241532137817368,0.011186379426971513
2024-08-26,-0.0033714905848193167,-0.003367066616971954,-0.001926730548340662,-0.0009206932362906905
2024-08-27,0.0016417117965852415,0.0016439343850664747,0.0006672113410629074,0.000775307874771577
2024-08-28,-0.0013586124129767161,-0.0013572038759219096,-0.0037119426731695927,-0.0042810418683591235
2024-08-29,-0.00033209168056368827,-0.0003293769593948371,-0.0006376703533482502,0.0009556414357264468
2024-08-30,0.007055356932741967,0.0070574749144176625,0.004378830997953737,-0.0014123574130188651
2024-09-03,-0.00859275155062165,-0.00858752070370354,-0.009895503709597657,-0.0049585457598117005
2024-09-04,0.0012409340986565972,0.0013807670380425728,0.0011095290395846352,0.0017839166395120704
2024-09-05,0.001432446686597797,0.0014353736880378487,-0.0005121979585591411,0.0015720108329799528
2024-09-06,-0.007043118260034578,-0.007041890791978568,-0.009472681029196359,-0.006078049301151922
2024-09-09,0.007139396928223343,0.007143785445721135,0.007212110764852128,0.004501772846178837
2024-09-10,0.005248858788752336,0.005251957425543476,0.004317625915331804,0.0014385417099738599
2024-09-11,0.001339073166560783,0.0013426958629122435,0.0058162013957325205,0.002429740531568146
2024-09-12,0.0017627136579766998,0.0017645315298112586,0.004380503613060482,0.0056952193544279744
2024-09-13,0.003630102902789525,0.0036337944599827247,0.003902438899680892,0.0041485316842182944
2024-09-16,0.003473280384133987,0.0034751407157302856,0.0019369470890285992,0.0035736836758552813
2024-09-17,-0.0021097299372793625,-0.002108073166835318,-0.00048036221417146303,-0.002445435206642701
2024-09-18,-0.003957431176374193,-0.0039550976704584954,-0.0035162547994501544,-0.003946756826398776
2024-09-19,0.0069467505970713115,0.006948387686571489,0.00993694280440559,0.007928948147523778
2024-09-20,0.0006280210070417562,0.0006327391136069368,-0.0011687046896817232,-0.0014922791187186486
2024-09-23,0.001638896649261078,0.0016408824239232604,0.001271402661734571,0.002189478512371044
2024-09-24,0.005436991493468824,0.0054386557075945295,0.002174071170234946,0.00713626942366576
2024-09-25,-0.00239682347112165,-0.002393008599411728,-0.002936306845829256,-0.004989679935464737
2024-09-26,0.009030936390571882,0.009033578706814349,0.0021250180164676725,0.004829429861046236
2024-09-27,-0.004263020962684067,-0.004256618398526828,0.0006780219578735774,0.0011617046170346252
2024-09-30,-0.0009668181464232501,-0.0009631580523854076,0.0013508903921746296,-0.003318519896931872
2024-10-01,-0.002219510609702034,-0.0022167453028672634,-0.004023910067315178,0.002054585978712594
2024-10-02,-0.0039494657848987685,-0.003811006594627242,-0.0008905560311692056,-0.0004278400829175854
2024-10-03,-0.009102754747212602,-0.009099187353564539,-0.00313744349329541,-0.0031995994461460433
2024-10-04,-0.004831125871319336,-0.004826617083739227,0.0016214994172691318,-0.0011582314349525959
2024-10-07,-0.006082800976868046,-0.006079330705978646,-0.006909869652347578,-0.0009512616122221033
2024-10-08,0.0014030709865015592,0.0014069516548570952,0.0060478883711719104,-0.004135213890567484
2024-10-09,-0.001839909841176118,-0.0018366029442309561,0.0027309166810738886,-0.002443309285525664
2024-10-10,-0.003204169156017889,-0.003201772269241551,-0.0011081559304348568,0.0015959367902123598
2024-10-11,0.004414107268652215,0.004417719624751367,0.0037685689611511777,0.0032126733682043074
2024-10-14,0.0028922684986614684,0.002894899891122018,0.004299699472135765,-0.0008111221007045577
2024-10-15,0.002991656677142641,0.0029947527659908496,-0.0027775756968694415,-0.00285841310728085
2024-10-16,0.005099239463416895,0.00510360785751931,0.003257078262569819,0.0028578826507799134
2024-10-17,-0.004949368469767793,-0.004946856893557932,-0.0019707603261472023,-0.0023218622048563433
2024-10-18,0.006993815465120617,0.006996568549105557,0.0027975276058044307,0.003749146543597058
2024-10-21,-0.011730180637048618,-0.011727154531292288,-0.003997178352292469,-0.006372323674380903
2024-10-22,-0.0022259490163871,-0.0022208155570089642,-0.0006915773576480599,0.001746987757994217
2024-10-23,-0.004569050132175754,-0.00456632747993501,-0.006501160859559948,-0.004361197400420706
2024-10-24,0.004544222234590977,0.0045472048593830595,0.0021814729959702297,0.002614079856080777
2024-10-25,-0.004196292552084848,-0.004194358251003248,-0.001067975110850357,-0.0012872157153804048
2024-10-28,0.004463205916920191,0.00446584087618029,0.0009950097376999055,-0.0015877026264330143
2024-10-29,0.0005253512889269227,0.0005296036648527842,0.0011558527479859154,-0.00014509894551048157
2024-10-30,-0.0018061481577165835,-0.001804738291075282,-0.002428234704004987,0.0006579455307582684
2024-10-31,-0.007826214047581126,-0.007823405788243837,-0.012234692996798963,-0.004450471893385178
2024-11-01,-0.004605972318520269,-0.004600675464227577,0.00025425089261284293,-0.004043075855956971
2024-11-04,0.0035151481156274187,0.003683538627326846,0.0008388674459546282,0.0054604220350174554
2024-11-05,0.006830341847958004,0.0068331635398960165,0.0074462107188192255,0.006262564799640673
2024-11-06,-0.010924682377652442,-0.01092207010481993,0.010833848912930051,-0.011332280995301347
2024-11-07,0.010614620472299725,0.010621331901614064,0.007850296586404048,0.010278407985256295
2024-11-08,0.001383721330405329,0.0013867123806500378,0.0034704389561901632,-0.0024025589491652806
2024-11-11,-0.003295764794555956,-0.003290872332327913,-0.0004963429286592473,-0.005971660265012062
2024-11-12,-0.010816006333905148,-0.010812714120634927,-0.004342475405428587,-0.00856527733824321
2024-11-13,-0.0022607649795227374,-0.0022569521863066836,4.689971595290318e-05,-0.00316320035112976
2024-11-14,-0.0011166224876499827,-0.0011139623941748712,-0.003974893948820737,-0.0020122537123494016
2024-11-15,-0.00486951000006695,-0.004867391081514189,-0.007648708401996485,-0.0011110760269371332
2024-11-18,0.005547868496360246,0.005550873102719508,0.0033701689856450853,0.006595097582692259
2024-11-19,0.003564987429763561,0.0035684558926844267,0.0030597756006299926,0.0022288856419193995
2024-11-20,0.00014389572420909824,0.00014545492977421177,-0.0003800331154438294,-0.0007983836217214086
2024-11-21,0.00041745547061324174,0.00041921848538346656,0.003055562470611083,0.0025942604413574746
2024-11-22,0.004563585927040366,0.004566084896281098,0.0021394313846461806,0.0025018648001838527
2024-11-25,0.007486849461237865,0.007489365671680908,0.006275633400256781,0.002000390825320162
2024-11-26,-0.001846302681932312,-0.001840541278625278,0.002348576032116029,0.00021370080931359622
2024-11-27,0.0021527569634207646,0.002154613837823425,-0.00028069585119058375,0.002753715494939823
2024-11-29,0.004280066499128726,0.004283269998880573,0.005431506812243406,0.004394922726039485
2024-12-02,-0.0015172021488740737,-0.0015145814687471124,0.001058444117656701,-0.0017210464193910453
2024-12-03,-0.0032239442432104495,-0.0030224093219244743,-0.0008635253940729148,0.0004832907496824351
2024-12-04,0.005979979154220638,0.005982565545927958,0.005249172607361619,0.001070728396287068
2024-12-05,-0.0033461688520650414,-0.003342659118602662,-0.001031696265422048,0.00044182684835543043
2024-12-06,0.002946587862770582,0.002949114404122358,0.002399423355896799,-0.00018857204249185075
2024-12-09,0.0017344006639016733,0.00173621042951044,-0.004476507598036884,0.0015379344952331795
2024-12-10,-0.00381261450547361,-0.003809610036856522,-0.0025822326926215823,-0.0034959022446900676
2024-12-11,0.002591326608338902,0.0025943016770958384,0.003456044425866763,0.0019800071228205313
2024-12-12,-0.005850046582068338,-0.005846968462145062,-0.004619976143133684,-0.005029091484521874
2024-12-13,-0.004665487866515633,-0.00466304886486849,-0.0019789764261648967,-0.0032388196780717845
2024-12-16,0.000294636210741801,0.0002969814765923528,0.0027026323830322187,-0.0009804584750864077
2024-12-17,-0.0013590491668421427,-0.0013575038534989294,-0.0024899212251119126,-0.0016391332310524997
2024-12-18,-0.016157270154145368,-0.016155810395609514,-0.021045559941869213,-0.015872158767623892
2024-12-19,-0.0022584979304540592,-0.0022517968716132004,-0.0020080422031750252,-0.004286314873889629
2024-12-20,0.002940694849420136,0.0029438654469906367,0.008670551059392144,0.005726461558273038
2024-12-23,0.002623591653575287,0.002626675129080662,0.0018300055222168052,0.00010368710976745002
2024-12-24,0.005728039266993932,0.0057304626268529614,0.0069203021355226544,0.003330401660399118
2024-12-26,0.0014965912503656538,0.0014986459103353902,0.0003383132280849471,0.00041039616375345426
2024-12-27,-0.008399539199214712,-0.008397868666417473,-0.00740089059915359,-0.0035551534417262217
2024-12-30,-0.0037499833650380407,-0.0037465291064536985,-0.0045670838740165375,-0.0006498591085849468
2024-12-31,0.0019752135280698318,0.0019784485060648296,-0.002917907157524724,0.00030902867347544244
2025-01-02,0.003649001587762085,0.0036515446711700523,-0.0012556463576130525,0.0009305504948389648
2025-01-03,0.001977196823626551,0.0023072265784917223,0.0068530574504377904,0.002289447501838223
2025-01-06,-0.0012620340165218169,-0.0012591145959240178,0.003087958015610547,6.254604954815023e-05
2025-01-07,0.002522716574955766,0.0025255811711563676,-0.008637779751043127,-0.0032820697915982963
2025-01-08,0.001704106719005897,0.0017073743453350034,0.001571995019946045,0.00020068119677855786
2025-01-10,0.00020899017430960764,0.00021047634999150086,-0.012099813547915667,-0.004419038379255454
2025-01-13,0.0018368508259006887,0.001843220873734669,0.00023322433309383867,8.285377157220039e-05
2025-01-14,0.00022322894931815147,0.00022560897410078763,0.0009591975221068113,0.002617895115939021
2025-01-15,0.0029926722383185047,0.0029951369319101205,0.01514268356912128,0.009797102514098734
2025-01-16,0.00031628280280246245,0.0003203205300842996,-0.00021780679720323783,0.0035434704711357757
2025-01-17,0.004188417321742552,0.004190854405824283,0.006355874340663426,0.000905299662331311
2025-01-21,-0.0006651566595902643,-0.0006624021146295236,0.006863693830924492,0.007911597582743535
2025-01-22,0.0024305929772042295,0.0024366720360526908,0.002392645138676273,-0.0020780504416090793
2025-01-23,0.0036550293320510604,0.0036579432578744894,0.002306763196021146,0.0011137402916501509
2025-01-24,-0.0023764653883262053,-0.002374162215280996,-0.0009816372505395995,0.0025029767435402676
2025-01-27,-0.011046939611769264,-0.01104393755549566,-0.006086857801902239,-0.001767134253257139
2025-01-28,0.005602288130241189,0.005609012635818778,0.005234425368523627,0.0004003900692373948
2025-01-29,-0.0009921086444515449,-0.0009883055168613774,-0.0031847668428743882,-0.0020094901448260427
2025-01-30,0.006285137952861294,0.0062866542633547105,0.004098893514395872,0.006781086120332954
2025-01-31,0.0001498592269307124,0.00015268242294821032,-0.0038615851034919393,-0.0037520146921541948
2025-02-03,-0.0012542265237082992,-0.0012518911807747838,-0.003794877187707908,-0.0006144385667091735
2025-02-04,0.0022320238509309174,0.0023870290907990494,0.005014111980722362,0.005232899374582985
2025-02-05,-0.0006637118243123237,-0.0006610141280096113,0.004752774955996132,0.0052831970486799055
2025-02-06,0.0002903677678452428,0.00029413955992499315,0.001617561992307126,0.0015322921104699027
2025-02-07,-0.0009526857090916666,-0.0009513356022473416,-0.006829528252532445,-0.002762234707628516
2025-02-10,0.0109882470626133,0.010990375342731626,0.003990501950230486,0.004564885198894165
2025-02-11,0.0004985495771829966,0.0005034108207480797,-0.0005686858164653957,-9.415483674938336e-05
2025-02-12,0.0004227991310155583,0.0004252930374522763,-0.004679408207213157,-0.003823970257814728
2025-02-13,0.0014516015768440734,0.0014551355871456832,0.009337707477342362,0.0079341854197438
2025-02-14,-0.0028673121359325234,-0.002863077587478854,0.0016301884528940485,0.00025896107811534144
2025-02-18,0.009053251447819268,0.009056049474358478,-0.0003539625854984936,0.003273309518337694
2025-02-19,7.59292652694259e-05,8.048385835729913e-05,0.0020624962712620398,0.0004053371856199955
2025-02-20,-0.003928546961898783,-0.003926826570954988,-0.0017131209249578127,0.0030580387617745097
2025-02-21,-0.007001801035080432,-0.006997468111723476,-0.007994740577541102,-0.0027560782355931547
2025-02-24,-0.0015373125353996709,-0.0015329427467123168,-0.0018686901809401362,-0.0011598697627803098
2025-02-25,-0.005031942538505783,-0.005029880140866865,0.00020733242109431947,0.0022024516914166143
2025-02-26,0.0012996913913955706,0.0013048446615095018,0.0014144185385517917,0.0007438321079006548
2025-02-27,-0.00303476764778471,-0.003032724653290847,-0.00994125621091933,-0.006504400220095069
2025-02-28,0.002196062426266114,0.0021999243761034568,0.011451239167916403,0.0011506587055718231
2025-03-03,-0.007016859578087395,-0.007013088643912162,-0.008893235065890168,0.0012014993861273807
2025-03-04,-0.009025920377898481,-0.008946435022381934,-0.0083634195108424,-0.0011466706062954167
2025-03-05,6.500214060920933e-05,7.048158148142362e-05,0.0041841911609375145,0.006171502636787935
2025-03-06,-0.01194277493623905,-0.011937190285914633,-0.010894883996765274,-0.006163548710988246
2025-03-07,0.0024612293298634396,0.0024670703264966865,0.002837016662109378,0.0030488910475833493
2025-03-10,-0.011725687947965748,-0.011723251208831196,-0.013160836703651814,-0.007103583978231664
2025-03-11,-0.004283612825946244,-0.004277114406319509,-0.0063796818289193775,-0.0007606758432544328
2025-03-12,0.0036213996529684328,0.0036250260126093462,0.0019179042224472492,0.0005393868488429232
2025-03-13,-0.0002885505305198173,-0.000285932670543818,-0.0062495640684235056,-0.0010806210173238701
2025-03-14,0.010153536623236868,0.010157607895184731,0.01070318183492473,0.006252929516579137
2025-03-17,0.008866006209202295,0.0088717834642526,0.004918553851389791,0.006158663006297485
2025-03-18,-0.0016745847453322146,-0.0016708030143111328,-0.005962428640151382,-0.0007233737682084732
2025-03-19,0.007096235100701482,0.007098147444045693,0.00769797188627521,0.003253418660363488
2025-03-20,-0.0008295767841771881,-0.0008268751352146868,-0.0011203811552342982,-0.0018570994579289123
2025-03-21,-0.0037829807282918123,-0.003781416789814869,-0.00014711017987599595,-0.004189475091077096
2025-03-24,0.004354351034999599,0.004356115467673562,0.008272398062405479,0.001033236990532912
2025-03-25,-0.0002634093945600498,-0.0002594638973981566,0.0021167909923232053,0.00042722670096764743
2025-03-26,-0.0029615395386112004,-0.002959845396270749,-0.008085360338608565,-0.0038677256999752074
2025-03-27,0.0010683730851620056,0.0010704980846803027,-0.0019274866991869787,0.0011753059279270702
2025-03-28,-0.0053061653757102995,-0.005304019577940481,-0.008760172445400574,-0.0012462051150755969
2025-03-31,0.00771536607102305,0.007720307172815195,0.005163665927514981,0.004181709761290514
2025-04-01,0.0035806233875630695,0.00358439975861935,0.003106282072201976,0.001693438892493161
2025-04-02,0.0022123952048501367,0.0025201917021037295,0.0034158220102267333,0.001993515903232521
2025-04-03,-0.014409122221822817,-0.01440711139599578,-0.02555987384199382,-0.012322257867598746
2025-04-04,-0.0332830915082597,-0.03327120593398077,-0.03321819862244891,-0.023906877447165666
2025-04-07,-0.027029707622198265,-0.02701474390740424,-0.0061251981695624475,-0.015815962992763263
2025-04-08,-0.011627887966652208,-0.011618765131689492,-0.011136739458056884,-0.007732268187529508
2025-04-09,0.045546687491844685,0.04555374894491813,0.05867133926633311,0.03217534996456259
2025-04-10,-0.01127062059334585,-0.011250654380351227,-0.028667358226839957,-0.008578744381493487
2025-04-11,0.017408351093806514,0.01741866234751669,0.00814913013690759,0.011708553697319317
2025-04-14,0.009171011677400127,0.009177133278214115,0.009014758161185245,0.005464392015602909
2025-04-15,0.0025759513668471724,0.0025799942692028644,-0.00045395584043439756,0.0013454127998560011
2025-04-16,0.0068452467785238575,0.006847405188897953,-0.011388505977849331,0.00257261587501971
2025-04-17,0.0021976801780580575,0.002202703190288659,-0.00034614196641497756,0.002241739337322202
2025-04-21,-0.00303933656901225,-0.003036089047121949,-0.01618765471523244,-0.0026711812125473095
2025-04-22,0.006973086052275592,0.006979888482348132,0.015449805002110422,0.00571692598969613
2025-04-23,-0.002597004026282186,-0.0025916262424040587,0.009546102195476459,-0.000526708180659518
2025-04-24,0.01462748954208445,0.014632810756018869,0.014656786853665957,0.008679609865211574
2025-04-25,0.00021775467671470087,0.00022240004903617306,0.005835352190880833,0.0001344627867357915
2025-04-28,0.007976869207263778,0.00797922138309848,0.0018393496127255965,0.004225896682026294
2025-04-29,0.0001590752993474738,0.00016260623460956727,0.0051464027206909475,0.0002108758688048811
2025-04-30,-0.00515077722874771,-0.005147691636222814,0.0008683603811949626,-0.0028328770652310134
2025-05-01,-0.008111569742123124,-0.008108262020952736,0.0024589839162758435,-0.0035028135802801447
2025-05-02,0.0029049406854932385,0.0032800046958441683,0.006219656845871478,0.006135296998444337
2025-05-05,0.004739142068428199,0.004741712327227336,-0.004180849074253497,0.0023889694257330034
2025-05-06,0.0048567208502667165,0.004859965051247521,-0.004045664746741846,0.0033501811136086974
2025-05-07,-0.004130587592514198,-0.00412736625895185,0.0035799137661761144,-0.00362729648127872
2025-05-08,-0.013041916121490516,-0.013039004914612443,0.0010942635586442305,-0.0037468419569057615
2025-05-09,0.003651116075776669,0.0036558293616817013,-0.0004799365768671681,0.003535706523432741
2025-05-12,-0.011736559265008804,-0.011735244455984057,0.017481657033349664,0.0005121356726558651
2025-05-13,0.0021999617627749056,0.002206196389886464,0.003764795298866017,0.0017058571599754668
2025-05-14,-0.004029084841039274,-0.004026043505362566,-0.000648149592590962,-0.0033444600145949993
2025-05-15,0.010581824778528315,0.01058394040906805,0.005516180994798808,0.0055198108293069755
2025-05-16,-0.0004898031721018537,-0.0004861802958612883,0.004029036158714242,0.0004396813433127566
2025-05-19,0.0065211689224907495,0.006522889758201981,0.00047241199807766777,0.002809077172608752
2025-05-20,0.00035815761568573596,0.00036089934567333927,-0.0025672062067113714,0.0017857186548156355
2025-05-21,-0.0043806356847642,-0.004378300068734494,-0.013062228502730106,-0.005814101005982411
2025-05-22,-0.00124527525203032,-0.001242280071851437,0.0016860137795368594,-0.0016303893707596702
2025-05-23,0.00773485609565222,0.007736450440040513,-0.0030858532364176792,0.003953078585662124
2025-05-27,0.0018880388330714977,0.0018907058184046,0.014347158707983374,0.002837770176685004
2025-05-28,-0.004946861320767722,-0.0049429815028544,-0.0046273404498909905,-0.0036496189894158434
2025-05-29,0.008394562536844206,0.008395799323090702,0.004026214219783498,0.003697079585890528
2025-05-30,0.0005284863938420168,0.0005309650478826753,0.0004524710872690342,-0.001933384693278299
2025-06-02,0.0046131400341385565,0.004614433990717105,0.0021547699374699445,0.006410835087229895
2025-06-03,-0.004390707590104558,-0.004072516899880193,0.0030325784051255405,-0.0014019662147139584
2025-06-04,0.003990284161822916,0.003993513265999321,0.002767081230712945,0.00472469910080697
2025-06-05,-0.003082845665544973,-0.0030801710103054375,-0.004084758651932957,-0.0006794619605866432
2025-06-06,-0.0016615672195486229,-0.001659547996188513,0.002966254823424383,-0.0008766720997091366
2025-06-09,0.0022584486494312277,0.002262282422220577,0.0012627605788083241,0.0018849333441649115
2025-06-10,0.002050114460666418,0.0020511178525987475,0.004098666648202291,0.002246017348305028
2025-06-11,-0.0010806689746870686,-0.0010791260582450528,-8.022658531437939e-05,0.0023536172364457277
2025-06-12,0.004175411175078519,0.004178740686056388,0.004123419992466609,0.004985675998635097
2025-06-13,-0.008188906628964541,-0.00818624053022732,-0.008207311542898228,-0.0018612020088291292
2025-06-16,0.0014671217760071295,0.0014736237944055247,0.004572816505786775,-0.0007545322862067607
2025-06-17,-0.008415616173918694,-0.008412909239737676,-0.003222192483507766,2.692010433826259e-05
2025-06-18,-0.00047870958091704755,-0.0004719048582358407,0.00016191424652854165,0.000461715568064616
2025-06-20,-0.0028872803038283872,-0.002886156869947634,-0.0011565110684042062,-0.0015890373964118157
2025-06-23,0.011954544123567386,0.011956877274082928,0.007319495508192054,0.001077911939839084
2025-06-24,0.008499993434793995,0.008508366418447651,0.008027139093165955,0.002635123491959499
2025-06-25,-0.0030411860278865967,-0.0030348224996644565,0.0005039240125560767,-0.0024144913956347697
2025-06-26,0.003208323090454798,0.0032109082405014705,0.006134120661317437,0.0038187659445112175
2025-06-27,0.0003246242588369793,0.00032629668344941307,0.0019655994574517607,-0.0018417933923702686
2025-06-30,0.00370484738097183,0.0037071811179456597,0.004466099877704441,0.004333336503361978
2025-07-01,0.0003339335442630372,0.0003360714151535519,-0.000926638304272414,0.0021667954177369965
2025-07-02,0.000564227335402841,0.000845355208193252,0.00187805654409872,0.0026578492472554673
2025-07-03,-0.002794876104555036,-0.002793349168076573,0.0033581205470063075,-0.0011291099120674661
2025-07-07,-0.005110936436505707,-0.005109288437716309,-0.005757159101275689,-0.005478034732172657
2025-07-08,-0.0011677672733563312,-0.0011660704867425369,-0.0009189109018252697,-0.00014248456365900504
2025-07-09,0.001784299547606938,0.001785406460097014,0.005678870909618449,0.002916191336527008
2025-07-10,0.00029889675182050304,0.0003000500537827641,0.0014934579486112782,0.0009153791199792225
2025-07-11,-0.003097270314688506,-0.00309643887771969,-0.003961859636670555,-0.001553117400497236
2025-07-14,0.00029639619284230326,0.00029883048720996615,0.000986247601790202,-0.0005493459199228101
2025-07-15,-0.005717083910100194,-0.0057158331644037936,-0.004135802275791707,-0.004251344693604503
2025-07-16,0.005150847437683678,0.005152662856595077,0.003116386346035931,0.003497393357651765
2025-07-17,-0.0024390930142488007,-0.0024377030441481346,0.0035788272455053722,0.001338391964994918
2025-07-18,0.0009691724462442185,0.0009708719554840234,0.0006406679736399721,0.00042233982784598733
2025-07-21,0.006824502042044123,0.006825161595331823,0.0025259537861384304,0.004689273764220924
2025-07-22,0.005990315494319604,0.005992390662872898,0.001210222758776215,0.004118426713466918
2025-07-23,0.0032468379741876167,0.0032488087946996214,0.0037337046923338383,0.002000505828246724
2025-07-24,-0.00340144311271955,-0.0033990511099628432,-0.0003798353158517843,-0.0023986191381201428
2025-07-25,-0.001265837617570078,-0.0012647391413402656,0.0034812747385605464,-0.0012602223398738774
2025-07-28,-0.010709760670272855,-0.010708224643733171,-0.0010202796386996015,-0.004764116193876002
2025-07-29,-0.0014776661638444498,-0.001473732713008191,0.0009557226661941499,0.004538171343500535
2025-07-30,-0.009360133910507135,-0.009357221444388402,-0.002128161845149101,-0.005892883957482845
2025-07-31,-0.0032807184970706175,-0.003277868085591863,-0.0019483620277264977,-0.003838829731943159
2025-08-01,0.01114305919528378,0.011145183396239596,-0.005411271702251099,0.0019972623442181306
2025-08-04,0.008488280369961191,0.008868607963202702,0.009660790956379237,0.00533645525386905
2025-08-05,-0.002262051435910323,-0.0022584924822501187,-0.0033499510530325227,-0.0006935442544237856
2025-08-06,0.0035371188158515765,0.003539082450065227,0.004321834087494799,0.0004938394262217215
2025-08-07,0.004423343557912647,0.0044263141067430335,-0.0007964428143372246,0.0025462073094702736
2025-08-08,0.0007127639225236609,0.0007149555818596412,0.00380079501739609,-0.00045508029169279835
2025-08-11,-0.004539894674874446,-0.004538037983093474,-0.0010769429213201803,-0.00277496960594785
2025-08-12,0.008013216407563058,0.00801536698498552,0.0063694917227308636,0.0032361997323476764
2025-08-13,0.005045980257195819,0.005049690949949054,0.003477507620057684,0.004236969640321707
2025-08-14,-0.0034978115640564482,-0.003495698384593913,-0.0012107775354346258,-0.003223500699415893
2025-08-15,0.003022183713274575,0.0030242958483787706,-0.0022049038709237045,0.0003843877024786884
2025-08-18,-0.0011088707109829172,-0.0011067244955416172,-0.0005018766459823055,-0.0011746544084761576
2025-08-19,-0.0012835291089495786,-0.0012820672918442697,-0.0023217468036680977,8.51599755839351e-05
2025-08-20,0.0028950432796213356,0.0028979346358454705,-0.0010391849542071853,0.0025491569862970574
2025-08-21,-0.0033893028662646246,-0.003387615702660175,-0.0035872085632801154,-0.00254154765901332
2025-08-22,0.015354606577834565,0.01535634046702593,0.011502288409217706,0.009934169541627619
2025-08-25,-0.005975910463273586,-0.0059715327080694805,-0.00345605637428164,-0.0035768237273998815
2025-08-26,0.0007905945464261007,0.0007932854853556855,0.003570980128166874,0.00016546206236677302
2025-08-27,0.0006989973399689242,0.0007008000372658498,0.0021216544607264923,0.0002913090661685179
2025-08-28,0.0032867902064310068,0.003287839754528878,0.0030520874690261905,0.003158001289542543
2025-08-29,0.000237760120309591,0.00023915608768923665,-0.003956458581354182,-0.0006831810048271769
2025-09-02,-0.0017737360194667819,-0.0017719589860316354,-0.005674149498567646,-0.001164388700705079
2025-09-03,0.00017280506508413542,0.00035990509588229623,0.00463026626676014,0.0023543727515627556
2025-09-04,0.0020210966749271467,0.0020232536944903593,0.006809915468020587,0.0016464721202039561
2025-09-05,0.0017814505043779426,0.0017841570412535836,0.0002031372994158944,0.00531219552163869
2025-09-08,0.003506627324007693,0.003510685411534341,0.0027133787258011534,0.004659210451403417
2025-09-09,0.0009946068354606118,0.0009972518597065922,0.0004364876258195228,-0.0005902626862753288
2025-09-10,0.0023476401193372937,0.0023494705767472357,0.0028080099431503362,0.002459169745404619
2025-09-11,0.0060923133465122774,0.006093728122968836,0.005607652732625749,0.0048597966483922145
2025-09-12,0.0008433417758821689,0.0008470687590203471,-0.0013474906333843248,-0.0010066646716099792
2025-09-15,0.005492854082322039,0.0054945322021110864,0.0038642969341068523,0.003812728982471364
2025-09-16,0.0002823199057441852,0.0002845489982336082,-0.0005867009767466766,0.0019078167734732914
2025-09-17,-0.002551729395187738,-0.0025489279981319364,-0.0016069396787273327,-0.002426769851609736
2025-09-18,0.0035929547410673626,0.003594608692802386,0.0015106386107778598,-0.001928520540521772
2025-09-19,-0.00015958792562119706,-0.00015628987527566368,0.002833877442538051,-0.0006677232399045882
2025-09-22,0.0053835725394172675,0.0053858357383296624,0.0022178273376778795,0.0025667888850524783
2025-09-23,0.0007054581210381141,0.0007082436932335725,-0.0022139811118410888,0.002155763110105962
2025-09-24,-0.0024514291336552524,-0.0024495391901624267,-0.00298775582847681,-0.003524216512556962
2025-09-25,-0.0012166432061206489,-0.0012138955549768765,-0.00365341129971866,-0.0016280423686756663
2025-09-26,0.004322043855000221,0.004324666109436544,0.003263359886702024,0.0026013767983013624
2025-09-29,0.0022930743783849297,0.0022951425079042504,0.0028488777791872612,0.003758886912382435
2025-09-30,0.0031859749778849634,0.003188500973312245,0.0021231871111437655,0.002083715452867304
2025-10-01,0.0026457908912283358,0.0026474993422350964,0.00339206585531502,0.0028114413022405963
2025-10-02,5.223222341225496e-05,0.00022831635120282008,0.001102375555681447,-0.0004339639688275138
2025-10-03,0.0034696975793503297,0.0034714606395030716,-0.00079554980389239,0.0019663556284408644
2025-10-06,0.013225201035120435,0.013226817969383981,0.0009928573514273152,0.00023428942908793453
2025-10-07,-9.992551293245847e-05,-9.239932374134152e-05,-0.001238989093663952,-0.0014576897694015133
2025-10-08,0.007642117197971311,0.0076451735930146494,0.0036633959078797,0.0023805955858644534
2025-10-09,-0.0070277332838742075,-0.0070236655123206045,-0.0020334817965018885,-0.005326389038730638
2025-10-10,-0.019142773515674495,-0.019140071186067302,-0.013772060783130475,-0.006768049449533744
2025-10-13,0.015828218644318017,0.01583725285102148,0.009310697712989598,0.008229506384027118
2025-10-14,-0.004317695299938905,-0.0043115809196347865,0.0003087650600355942,0.0009752704321056002
2025-10-15,0.005808342851335143,0.0058125155167559756,0.002188369837888996,0.005566465048705265
2025-10-16,0.0034589741433923116,0.0034621030516201043,-0.0022020497918101506,0.0038539436922456205
2025-10-17,-0.0032051564031419957,-0.003201950259073578,0.0027086337663232048,-0.001034237355742071
2025-10-20,0.012176114036837531,0.012178987335527127,0.0067400191710136614,0.00859071035558011
2025-10-21,-0.015028510876772533,-0.015023898947620667,0.0007313416205497944,-0.009353033382645193
2025-10-22,0.0008633332223032752,0.0008716127598282224,-0.003026931573951638,0.001067576822444928
2025-10-23,0.009022987064152502,0.009025230921548593,0.00221733373089378,0.0024747752533588827
2025-10-24,0.0027430038984887334,0.0027475133089228474,0.005264544584522547,0.0015713105398429557
2025-10-27,-0.00032277316777267335,-0.0003212485806723926,0.007085720290458309,0.00042799397649780226
2025-10-28,-0.0006827431247571993,-0.0006796008895965907,0.001967793527118125,-0.002435678676782219
2025-10-29,0.006185184770645126,0.00618813000668021,-0.0022673712395420735,-0.003874664819453649
2025-10-30,8.619803892652376e-05,9.156688540126409e-05,-0.007230264695669878,-0.0014545880164349555
2025-10-31,0.000496285522096751,0.0004995874860379565,0.0021417887034961046,-6.902933126726794e-05
2025-11-03,0.003960677720904776,0.0039625113738778,0.0009443840263082354,0.0012399449652021615
2025-11-04,-0.009512469313542524,-0.009325267962596376,-0.006616330506270695,-0.005126830356834206
2025-11-05,0.0010148186620589006,0.0010193512092471976,0.0001476680428709996,0.0008824760705065913
2025-11-06,-0.0014134866725927036,-0.001411273385946926,-0.004381396238552766,-0.0003183921775247832
2025-11-07,-0.0002979133896962644,-0.0002948967248175031,0.0007518518568560343,0.001996057210002454
2025-11-10,0.011812016934161165,0.011813982336864783,0.008742216133758574,0.006966052241031012
2025-11-11,0.0035699031943535096,0.0035751198166802858,0.002615451656533924,0.0035975748433675746
2025-11-12,0.0036078938424887286,0.003609651099203767,0.0004159920185023544,0.000245568570949702
2025-11-13,-0.008660635542946112,-0.008657021729385355,-0.01109973289313224,-0.006657726091285826
2025-11-14,-0.00366107753579007,-0.00365788189769184,-0.0007684244078311905,-0.0021482116971234225
2025-11-17,-0.0037986995896862664,-0.0037962967479701383,-0.005093036365484868,-0.005148867323251997
2025-11-18,-0.0024691162673605217,-0.002466633539655802,-0.004312020704709796,-0.0005602154499258328
2025-11-19,0.0013093632302416246,0.0013122101044360532,0.001986799589776989,-0.002649454939818887
2025-11-20,-0.005390497355384062,-0.005386989461554918,-0.00805713927819858,-0.004918127403163017
2025-11-21,0.0004657370785693063,0.0004687132003032943,0.007216195600138231,0.00413914755851104
2025-11-24,0.007988386955261412,0.007991660157055493,0.009310162828848272,0.0050133443222530865
2025-11-25,0.0024080336146048925,0.002411484276178365,0.006619756916511255,0.003457209440085998
2025-11-26,0.0073615149244695005,0.007363754381645597,0.004434964252552473,0.004660316691278946
2025-11-28,0.002656955326905803,0.0026596162687799888,0.0025481468547446473,0.0031914946426324546
2025-12-01,-0.004156817128294999,-0.0041546761117889925,-0.00488986058999245,-0.0024910723060931348
2025-12-02,0.0015730341117713873,0.001777975098202893,0.0014413246924427335,-0.00083521004053925
2025-12-03,0.004068186468344254,0.004069771362882336,0.0029046309062118122,0.0021745712426417046
2025-12-04,-0.001702301155292715,-0.0017009477545397178,-0.0007966929361680153,-0.0003370125168336387
2025-12-05,0.0009081521427538594,0.0009094490938222987,0.0003176602742783435,0.0003414484858569506
2025-12-08,-0.0027557219670773982,-0.002754240761888479,-0.0026344997637798187,-0.0036138693206608182
2025-12-09,0.0005547972642042414,0.0005564821453391378,-0.001098282373270529,-0.0010152292899173073
2025-12-10,0.007744442180289116,0.007745901790049822,0.005277235470638651,0.0051981544781707885
2025-12-11,0.002390617916746387,0.0023929299482849525,0.001444288242850298,0.001681868390050731
2025-12-12,-0.006800497984572181,-0.006798750311940102,-0.00755956246633347,-0.004069900277172218
2025-12-15,-0.0006872120528836976,-0.0006844038137341117,-0.000578761514292357,0.0006987198161265732
2025-12-16,-0.0009208689733440634,-0.0009194124469527117,-0.0005243841794107017,-0.001903160172306525
2025-12-17,-0.0014475874204446324,-0.001445529493734805,-0.006684284859495472,-0.00075347699646507
2025-12-18,0.0038921849925989006,0.0038949862854148615,0.005552354332190629,0.001721998855281663
2025-12-19,0.005490195246271459,0.005492957756941685,0.004520164742022241,0.0011541837442297777
2025-12-22,0.0051599929247584456,0.005163651017824635,0.0033296781098134283,0.00514888352149386
2025-12-23,0.005783341493380077,0.005785891023955984,0.0025896407583366585,0.004166645122277257
2025-12-24,0.0006218516097869031,0.0006243171167871101,0.003154389627037485,0.0017197675177425206
2025-12-26,0.0025574571476402125,0.0025586678761152504,0.00030825323313630305,0.0017812003658370496
2025-12-29,-0.00440133431821674,-0.004399736842458908,-0.0015780478828951764,-0.005592391505946168
2025-12-30,-0.0015785682164180604,-0.0015755205927359948,-0.0011478529841238193,0.0012987904833267148
2025-12-31,-0.005128208674008846,-0.005126382917758277,-0.005783522814424356,-0.004893347804507068
2026-01-02,0.00384578675615707,0.0038479410359649456,0.0007714641300070307,0.004024769751468718
2026-01-05,0.01037342164098234,0.010670816424720758,0.005202696113447162,0.007890094599262812
2026-01-06,6.786175415298727e-05,7.23903496925518e-05,0.003283295769311369,0.0025456455594235977
2026-01-07,-0.0036863052901785084,-0.003684525813910642,-0.0011996481859661273,-0.0032525952873970437
2026-01-08,-0.0008456944855598817,-0.000843214135152778,-0.0012600991612740826,0.0016648927855791266
2026-01-09,0.0027944712409609302,0.002796749059433883,0.004435812546056585,0.0031355941696544366
2026-01-12,0.005201396631551712,0.005203064948125041,0.0004524284614597001,0.0044969863983338665
2026-01-13,-0.0019813543679728348,-0.001978120715803307,-0.0007135803615610017,-0.0004649987011757523
2026-01-14,0.004891614868952842,0.004893857671546398,-0.002140780793952437,0.0031419547421317707
2026-01-15,-0.0027941272796152866,-0.00279204156655856,0.0008113621272571102,-0.00021385028085292712
2026-01-16,-0.0005047886964046466,-0.0005025452575849851,-0.0020322255367526128,-0.00017184930187200137
2026-01-20,-0.0016991664716161435,-0.0016974207781842807,-0.01385347900604985,-0.002380100721226464
2026-01-21,0.007599559746612324,0.007605457198404062,0.007963889959182555,0.007096047660076716
2026-01-22,0.005362018134296647,0.005365219595607077,0.0030991363491447324,0.0027454051175210925
2026-01-23,0.014006504484347513,0.014009655468395535,0.000881727633450449,0.006124540264061517
2026-01-26,0.009476881360536198,0.009482604795225566,0.003639196456012737,0.004470961239151895
2026-01-27,0.01585059742170184,0.015854331821485493,0.0019493315912066072,0.007857477539491424
2026-01-28,-0.0037591801534070392,-0.0037529263063436303,-0.0003910427538472311,0.0030107962517266014
2026-01-29,0.005290397439769943,0.005294640779525296,-0.0007878073434219906,0.0030978106595730506
2026-01-30,-0.023900111649856434,-0.023897084895507306,-0.002049201580284978,-0.018904438368715106
2026-02-02,-0.012074268233888633,-0.012062413497942664,0.0022198877494365695,-0.00803337033618867
2026-02-03,0.007133095262758068,0.00719595919067731,-0.0046974390249135195,0.007957249558042046
2026-02-04,-0.0027904485126514773,-0.0027852917725131212,-0.002980364793901409,-0.0007530643686404032
2026-02-05,-0.005189471655601112,-0.005186727024178661,-0.005086744564603984,-0.005757241272096029
2026-02-06,0.015216906428341817,0.015221029793955239,0.011359104513718282,0.011565421587771357
2026-02-09,0.011928506491182204,0.011934335202723061,0.0029595543292163045,0.006732847936363709
2026-02-10,0.0059693953370418785,0.005973853956869297,0.00018058791677599413,0.00221280336564806
2026-02-11,0.0018049846263481378,0.0018081918427205114,-0.0012682310003194947,0.0033142967248949474
2026-02-12,-0.003487299504366773,-0.003484622543430716,-0.0067482912388563306,-0.00676299835897265
2026-02-13,0.006799843879401135,0.006804224631278718,0.0020175438293307093,0.005397880524550815
2026-02-17,-0.0035240949624308834,-0.00352120518991967,0.0009108423904178119,-0.003500969666105036
2026-02-18,-0.0030192598319006086,-0.003016319038604334,0.002137082076964528,0.002958905647358612
2026-02-19,-0.0008165133544328455,-0.0008122447240035589,-0.0011867945794345179,0.00017664316311271418
2026-02-20,0.007491496250462266,0.00749274761928739,0.004281272294446427,0.006442862870675449
2026-02-23,0.001474066867034871,0.0014770021565485804,-0.004599800490622281,0.0017780568597930944
2026-02-24,0.0007779959125443271,0.000779911250747185,0.004206268761087195,0.00044370010575925747
2026-02-25,0.0031934243518387147,0.003195070486439728,0.0046620122596483056,0.0019836542959222343
2026-02-26,0.0012076372230381068,0.0012097664994257238,-0.002219686874765565,0.0008153158027790446
2026-02-27,0.004343202602022163,0.004344554314879045,-0.001217526714238967,0.00289137929434904
2026-03-02,-0.010780571165675901,-0.01077831690331958,-0.0021261707253418184,-0.0014048709231607914
2026-03-03,-0.01796031215896346,-0.017795366599534148,-0.005745576351138353,-0.012986889410422775
2026-03-04,0.004637099751929556,0.004646321440476419,0.003390978504833101,0.004229111242178465
2026-03-05,-0.010459634967015225,-0.010457124465242117,-0.0045866318474804164,-0.006225027803067651
2026-03-06,-0.002044792564242211,-0.002039812874792435,-0.008109865973242723,0.000880074257833564
2026-03-09,0.006585040335209267,0.006588813459785501,0.006480416582616079,0.002889137006655024
2026-03-10,-0.0004360391127418779,-0.00043247273750485107,-0.0022495288028106025,0.0016002463087893993
2026-03-11,-0.00516188865480161,-0.005159891981656597,-0.0025833801397248026,-0.0015860970658552514
2026-03-12,-0.011507011538172794,-0.01150373952921221,-0.010393874325270896,-0.00607264354697211
2026-03-13,-0.009608878271847879,-0.009602420077650808,-0.003798390318177514,-0.004008934428453582
2026-03-16,0.013602677774838888,0.013606927463582675,0.007877937288690613,0.0057038015933140685
2026-03-17,0.00605509477178018,0.0060612820347244675,0.0022830391734970953,0.003271538776315795
2026-03-18,-0.014044010764255056,-0.014041292388859938,-0.010171885808557216,-0.008070403621209378
2026-03-19,-0.00016515334930425666,-0.00015890340841487945,-0.00150838426478541,-0.003872695380864577
2026-03-20,-0.02274454417439188,-0.022739989078744798,-0.012162368129091229,-0.015150507121830158
2026-03-23,0.008505978276743539,0.008514905869546133,0.0075102217400576125,0.00148338983865169
2026-03-24,-0.005132325219258501,-0.005126152760618029,-0.0033596203037291055,-0.001688910219634394
2026-03-25,0.008810086806876739,0.008813001863954454,0.005450346271052709,0.00623088717650257
2026-03-26,-0.016686792860166482,-0.01668234367391757,-0.01389099890601505,-0.010342129024928927
2026-03-27,-0.0032638617013183422,-0.00325591113891903,-0.010053797778510043,0.0012071118755053972
2026-03-30,0.001723382465967849,0.0017273570520489623,0.0009514529005812039,0.0022856759136106386
2026-03-31,0.02016206215346304,0.020164635766062484,0.017754240300171087,0.012516717815990445
2026-04-01,0.005548690387026178,0.005558275342640417,0.004100705264355173,0.003139727101320614
2026-04-02,0.004703019761583704,0.0049364012008906236,0.0014630107362243552,0.0004574278708415416
2026-04-06,0.0014168069926269874,0.0014207651462534835,0.0017836505907643549,0.0015994280057874094
2026-04-07,0.0016599273724655051,0.0016612368294455688,0.0012707505345009474,0.001244505673761344
2026-04-08,0.012551610512794478,0.012552961409709252,0.01618491990668175,0.011368808815870933
2026-04-09,0.0026585304683923675,0.002666177183615435,0.00337259632224447,0.001382493634983357
2026-04-10,-0.0002898357485492672,-0.00028784168967635357,-0.0010602911510612892,-0.00036867954326761537
2026-04-13,0.006260614588974275,0.00626182857402028,0.006806320262053626,0.004132052637918747
2026-04-14,0.008034267158096329,0.008037062542671938,0.008697339112384869,0.007322363936556553
2026-04-15,-0.0008604661067659272,-0.0008572651581634547,0.003977902650693172,-0.0010134699850996322
2026-04-16,0.001089246344654161,0.0010903366284256018,0.0008229762572993305,0.0011072172239909512
2026-04-17,0.008127777365956735,0.008129781856730807,0.009533167663423978,0.005839693855967263
2026-04-20,-0.00013120708174661693,-0.0001267333603605519,-0.0015937729113525707,-0.0008092984652482767
2026-04-21,-0.008665263803112989,-0.00866367279743253,-0.005717259972310779,-0.007950260560152463
2026-04-22,0.003805830444083156,0.003810482818143953,0.006641875509543974,0.004508633126971348
2026-04-23,-0.0012057988568181706,-0.0012029526451254658,-0.0029997381058380727,-0.0017584858946778868
2026-04-24,0.004574135128257157,0.004576398800999868,0.0055484745954242675,0.0041307089534955
2026-04-27,-0.0031490306829232463,-0.003146812894175324,0.0001893101743279849,-0.0016203811348360008
2026-04-28,8.96767381414842e-05,9.127309686747607e-05,-0.0033762565311834603,-0.0017088859435158128
2026-04-29,-0.003213760556764039,-0.003211667961153598,-0.0018954634240015966,-0.0022502638209838132
2026-04-30,0.0028217867533729167,0.00282457377852718,0.006891701587863954,0.00970213555549301
2026-05-01,0.000996641606623167,0.0010014837714325117,0.0020092918318693324,-0.0008062723112742145
2026-05-04,-0.0021033785055941255,-0.001979462801592713,-0.003684625993353827,-0.0034576038960248785
2026-05-05,0.005204144008600443,0.005206882985643098,0.005406712290303353,0.004735972248065654
2026-05-06,0.005872068925789284,0.005875008431713664,0.01034178116511908,0.009606728848751817
2026-05-07,-0.0032188608250115994,-0.003213624509560607,-0.003061563578414746,-0.004461865885186764
2026-05-08,0.004682350623673372,0.004684202708506304,0.006030098335185588,0.005303842772955285
2026-05-11,0.0037120628161628638,0.003713935498016751,4.64969497738292e-05,0.0012953039034405648
2026-05-12,-0.00041349800521099303,-0.0004100880528253417,-0.002250129346078195,-0.0031805732542448334
2026-05-13,0.001286590489269296,0.0012894785655616623,0.0033948600578261635,0.00046521198358851753
2026-05-14,-0.0005817593383234191,-0.0005790784498976367,0.004551075099347028,-0.0013481912481679435
2026-05-15,-0.007996356012313738,-0.007994338253519634,-0.010442488627603141,-0.011378099652516547
2026-05-18,0.003465397465077187,0.0034695150733112315,-0.0005961721256830846,0.0022433633196117736
2026-05-19,-0.002196900596449932,-0.0021945965345417017,-0.0055627701585918635,-0.003949288666303896
2026-05-20,0.004667143124979214,0.004669536360152196,0.00888506365277487,0.006083558720805077
2026-05-21,0.0004206144389856259,0.00042468476223638874,0.0014580655842982204,0.0013507738539416847
2026-05-22,-0.0011897654473729605,-0.0011887491855166249,0.0027294674007899986,-0.000608911081599113
2026-05-26,0.00522574971444225,0.005227023278365866,0.005711693742091079,0.0050315374760189985
2026-05-27,-0.003466841632580496,-0.0034637164026574364,5.902058510398219e-05,-0.0033120799335684833
2026-05-28,0.0009023784533625485,0.0009046019930712597,0.004277162927470862,0.002840690044335812
2026-05-29,-0.0003071985619605448,-0.00030555668596672723,0.001975213104902569,-0.00014153652417897865
2026-06-01,-1.1827077399815625e-05,-1.0229430961814466e-05,0.0009951206454623775,0.0005506615000989533
2026-06-02,0.0030650854144587784,0.0031975561266320185,0.0011074157831843518,0.002591014711030009
2026-06-03,-0.003930104391393378,-0.00392852942690855,-0.0052297014898292716,-0.00371832960070403
2026-06-04,0.0035380329140882708,0.0035400797470113658,0.0027750632174976,0.0015800226014328431
2026-06-05,-0.01637648925112664,-0.016373642082855112,-0.017604007847383547,-0.016307329975566782
2026-06-08,0.00018906415378397166,0.00019756745918035872,0.0009114471914014384,0.0014740937375943204
2026-06-09,0.0029676803048910485,0.002969637306536047,-0.000623594516458338,5.739427601869527e-05
2026-06-10,-0.007015447035398878,-0.007012104455135637,-0.009756149961469587,-0.007725417083009073
2026-06-11,0.012319007168060586,0.012323597699679879,0.012875961406909464,0.011888606581563179
2026-06-12,0.001411636660629259,0.001417919771263997,0.0025149897251349035,0.0005451554292570513
2026-06-15,0.005737407058284323,0.0057394909355255545,0.010914788126175785,0.005808490173887116
2026-06-16,0.00038746388931385986,0.00039190065648299984,-0.0025478706209894767,-0.0015758210887998631
2026-06-17,-0.009014881782414,-0.009013095502771823,-0.009584266694853117,-0.007256638744513563
2026-06-18,0.0072529270495865295,0.00725754831412354,0.007648350874780374,0.004375440596573291
2026-06-22,-0.0022319964934364865,-0.0022281009850821923,-0.0034172876847977226,-0.0010620138277331716
2026-06-23,-0.007391984715755254,-0.007389855775483938,-0.008147758413099337,-0.00958885151899724
2026-06-24,0.0014316626953042196,0.0014371365712230202,0.0023635433045452784,-0.0029922012748729012
2026-06-25,0.003900686824576558,0.0039040077340680513,0.001112773886715954,0.004336331898472514
2026-06-26,0.0006955467012368392,0.0006979798596272351,-0.0032403830459562712,-0.0005847963865937868
2026-06-29,0.0020622723368636424,0.0020646369341121105,0.009830020410736618,0.0009789961367197256
2026-06-30,-0.0024675738784943574,-0.002465217997092841,0.0025145240685820005,-0.0008765424806497211
2026-07-01,-0.004754513074640976,-0.004751545743110682,-0.0017890439561693962,-0.0041952264987639995
2026-07-02,-0.0006787008831943824,-0.00041528691647199027,-0.00040719753302309174,0.00426603130030837
2026-07-06,0.007263443693322447,0.007267178952111231,0.005486782308372007,0.005450016494566397
2026-07-07,-0.0048664838932534525,-0.0048616823830043105,-0.0048900750067589135,-0.004245604522088596
2026-07-08,-0.0032053804930299063,-0.0032012586809522675,-0.0026663176886717625,-0.0016510869297529536
2026-07-09,0.003917117417956914,0.003919937062085473,0.005942267814653013,0.0027717865615682073
2026-07-10,0.00012407474324004742,0.0001263231330024082,0.0022580028915951643,0.0009481570500778023
2026-07-13,-0.002662604049284455,-0.0026614122144319585,-0.006062596221814901,-0.005281394772713181
2026-07-14,0.003078487561435664,0.0030830256762110334,0.003247105295033198,0.0050866046577104085
2026-07-15,0.0012875899709425586,0.0012897096584609964,0.0033662756244588897,0.0019360091473859973
2026-07-16,-0.001500541123627007,-0.0014989698371323796,-0.003524110236794672,-0.004101047965657465
2026-07-17,0.0005660525888534322,0.000569550888340686,-0.005453230583636632,0.0005659858253110575
2026-07-20,-0.0024358637811304606,-0.002433632720904493,-0.0022489675108389993,-0.0016525833088557882
2026-07-21,0.009293737531464227,0.009295377583609116,0.0040218946502665635,0.007070338225632788
2026-07-22,-0.0006632322425938194,-0.0006581231246944259,-0.0015960730078845612,0.000726999037376187
2026-07-23,-0.003045224060405702,-0.003043502408342941,-0.008511878108057829,-0.004220377701341107
2026-07-24,0.0027835257083069173,0.002786292441053818,0.0013835715339604899,0.0004631017436891395
2026-07-27,-0.0005778551300516129,-0.0005750300611514684,0.0012038818444306423,-0.0016723816167276407
2026-07-28,-0.0015460351117904743,-0.0015427760945119287,0.002637471583611912,-0.002972774904862119
2026-07-29,-0.009762003912487377,-0.00975922689627188,-0.010895667816200947,-0.002286014864116266
2026-07-30,-0.003907146884600893,-0.003900586023103613,0.010179421949821962,0.009599767404681782
2026-07-31,-0.003305879517214036,-0.0032986965357569946,0.003210455363345617,-0.001271007317490945
2026-08-03,-0.001213147643315036,-0.0012104849944104784,0.009395486900342292,0.0018121143809916153
2026-08-04,0.005725309108194001,0.006002811348939888,0.012669144603938722,0.004482570726934427
2026-08-05,0.0033941901934177177,0.0033986454163241354,-0.0009502240142428392,0.004034348873055254
2026-08-06,0.000762388341283621,0.0007651200795836769,-0.002496453549283383,-0.0019990176652701125
2026-08-07,0.0039540377911177526,0.003956925630029474,0.0046272948491548555,0.006049938030052817
2026-08-10,0.005261639382042311,0.005263583896537756,-0.0019226883626855778,-0.00021756835929828512
2026-08-11,-0.0014758936839549893,-0.0014695235186751646,-0.0014649050321693395,-0.0005119207711070761
2026-08-12,0.005643994802997204,0.005645361580233825,0.0018959652767627018,0.004120058413010768
2026-08-13,0.0003293376475510215,0.0003320067495472768,0.005663588440269335,0.0006443256260342183
2026-08-14,0.0020767913634408613,0.0020792811901091317,-0.00229879210322865,0.0005237529151207411
2026-08-17,0.0029670553386061055,0.002968937154826945,-0.0037098799096226464,0.0013306357264041915
2026-08-18,-0.0067276264714040464,-0.006724044161925388,-0.0037018018886667984,-0.006138775201426205
2026-08-19,0.0023731842520067522,0.0023767803037133073,0.003187172022434867,0.009772384817080612
2026-08-20,0.003033568619994497,0.003038272450559846,-0.006677149297645298,-0.00044213620850935457
2026-08-21,0.0044093898131301375,0.004412564940276741,0.0016867252529158064,0.0036572529658057446
2026-08-24,-0.0014941824463198363,-0.0014915669133328334,-0.0009574890308922474,-0.0007792061140818749
2026-08-25,0.0005026659489648444,0.0005048885093397232,0.004064476903789359,0.002913526319302755
2026-08-26,-0.00235273750619933,-0.0023503292147748858,-0.0006779320028712989,-0.002906187816111263
2026-08-27,0.0016081048904704285,0.001609682938000106,0.0035559659393733503,0.0011405695777893326
2026-08-28,-0.004316991179097286,-0.004314721910374302,-0.0029871055669232487,-0.005929229687203954
2026-08-31,-0.0002784658196109705,-0.0002764307454139034,-0.0022742314510728985,-0.00016990209040946078
2026-09-01,-0.0021563962643843366,-0.0021541208815291715,-0.005466821794097093,-0.0036212299054981445
2026-09-02,-0.0006740005820107634,-0.0006488497777629637,0.0030083454610017606,0.003144084673993908
2026-09-03,0.0004721902319187676,0.00047434437503792457,0.006722649899507013,0.006822597456323751
2026-09-04,-0.00021013688495476895,-0.00020610066843385164,-0.0024543866275167753,-0.00020373135990949974
2026-09-08,-0.006656968209122103,-0.006655240114271158,-0.003695987226930777,-1.6739984384105754e-05
2026-09-09,-0.0021033669952555817,-0.0020981574478486052,-0.003919663337129194,-0.0012405236812664804
2026-09-10,-0.002132646379760638,-0.0021297308261998696,-0.006729281880633738,-0.0057166630181850805
2026-09-11,0.001710484524003183,0.0017144466785593943,0.004380710417660436,0.0030797919431338316
2026-09-14,-0.005129660787800546,-0.005127107357707008,-0.0030426482846985167,-0.005927847158169433
2026-09-15,0.0020238579838012674,0.002026127702364559,-0.0032456649300927685,-0.00024291108486853256
2026-09-16,-0.0029856254801618903,-0.0029829295324003396,-0.0030493794304706162,-0.003913972503331789
2026-09-17,0.004787957887646065,0.004790689219880285,0.009101874797937332,0.006616093509960799
2026-09-18,-0.0005710950853315347,-0.0005683112908682071,-0.001185511364906075,-0.0025536595465162747
2026-09-21,0.0068673389880835175,0.006869603793639403,0.010890506553127776,0.004707286887785236
2026-09-22,0.000104755385369445,0.00010894934988737944,-5.208763682160246e-05,0.0003172112678991621
2026-09-23,-0.004662151168778377,-0.004661379408263907,-0.008554662469217591,-0.008507026892698577
2026-09-24,0.001667630674003907,0.0016719137480365339,-0.002674769156357043,-0.0025775163495539723
2026-09-25,-0.0006174588368633976,-0.0006146919991008915,0.0046604121045950905,0.002129110423384587
2026-09-28,-0.005820709932849725,-0.005817517280444859,-0.006574142083531557,-0.007844598179873019
2026-09-29,-0.0009477604308407191,-0.0009450726924034537,-0.00147073972797439,-0.0011339022671557877
2026-09-30,-0.0017854852995184951,-0.0017835624186795006,-0.0018628835550878187,-0.0027409064191602868
2026-10-01,0.0011660789865289144,0.0011680015110343514,0.0023919644683980256,0.0005742944611540908
2026-10-02,0.003758613901060792,0.004088147223536986,0.0033141426593743402,0.0015280647101825681
2026-10-05,0.004589774029917439,0.004592607510416234,0.0034811157951902334,0.0006746129565574505
